Hashed Device ID,origin_airport,arrival_unix_ts,destination_city,ping_unix_ts,local_date,dwell_first_ping_ts,dwell_last_ping_ts,ping_count,dwell_seconds,year,month,scaling_factor,used_fallback_factor,estimated_true_visits
c82bb70905f6f3c693bb52f99f2f9346c5bc71c0,Dallas Love Field,1735735756,Dallas,1735735757,2025-01-01,1735735757,1735742964,5,7207,2025,1,,,
c88c886d6968f8a700ccfa165db3b7d7a8d5511f,Dallas Love Field,1735741485,Dallas,1735741632,2025-01-01,1735741632,1735783228,75,41596,2025,1,,,
c88c886d6968f8a700ccfa165db3b7d7a8d5511f,Dallas Love Field,1735741485,Plano,1735747238,2025-01-01,1735747238,1735783852,72,36614,2025,1,,,
66e9e17b181c114641a507b098a16d0e0db92c29,DFW Airport,1735752458,Grapevine,1735801203,2025-01-02,1735801203,1735829712,8,28509,2025,1,4.95,False,4.95
776c4fa37d0b3760fa3c51158791a20f1c01affc,DFW Airport,1735787811,Arlington,1735812922,2025-01-02,1735812922,1735824332,18,11410,2025,1,4.95,False,4.95
285fb160fc4d5e6af9c7bc4bd5992a0d20b074ec,DFW Airport,1735815107,Grapevine,1735815110,2025-01-02,1735815110,1735828916,12,13806,2025,1,4.95,False,4.95
b3f232101edcbffa8322485ff632b0772919f715,DFW Airport,1735758824,Grapevine,1735821102,2025-01-02,1735821102,1735853795,47,32693,2025,1,4.95,False,4.95
0ba1c67e26c8e9b23f19801d5a50e1fbaca0b7fc,Dallas Love Field,1735837783,Dallas,1735837822,2025-01-02,1735837822,1735845238,46,7416,2025,1,,,
0ba1c67e26c8e9b23f19801d5a50e1fbaca0b7fc,Dallas Love Field,1735837783,Frisco,1735845582,2025-01-02,1735845582,1735869566,88,23984,2025,1,,,
813ac2dbc2220bd5fdc5a52bc17a5905b0843736,DFW Airport,1735866793,Grapevine,1735866796,2025-01-02,1735866796,1735879196,12,12400,2025,1,4.95,False,4.95
8cfba112da1b25eeb29fd0959ccb1722daecfb20,DFW Airport,1735891607,Grapevine,1735891608,2025-01-03,1735891608,1735899495,5,7887,2025,1,4.95,False,4.95
851f2719528f862f781192cb89d4f3980720d0d9,Dallas Love Field,1735908271,Dallas,1735908274,2025-01-03,1735908274,1735918278,12,10004,2025,1,,,
813ac2dbc2220bd5fdc5a52bc17a5905b0843736,DFW Airport,1735866793,Irving,1735913665,2025-01-03,1735913665,1735935128,4,21463,2025,1,4.95,False,4.95
0ba1c67e26c8e9b23f19801d5a50e1fbaca0b7fc,Dallas Love Field,1735837783,Frisco,1735913768,2025-01-03,1735913768,1735924476,26,10708,2025,1,,,
bfe606ec599fa0f0d8d03ba4aec3db1464782580,DFW Airport,1735914646,Grapevine,1735914648,2025-01-03,1735914648,1735944963,18,30315,2025,1,4.95,False,4.95
d0e5775cedeb10e3e0d97a953ce0373ee5e6059c,DFW Airport,1735956062,Grapevine,1735956093,2025-01-03,1735956093,1735963367,50,7274,2025,1,4.95,False,4.95
9f4918bfa31f9d3ebb1b4110cbd318b3bfcbfa0d,DFW Airport,1735930172,Grand Prairie,1735971754,2025-01-04,1735971754,1735980057,31,8303,2025,1,4.95,False,4.95
6ce58902d9db2bb460d3b3649631ecd795a03410,DFW Airport,1735950842,Dallas,1735973138,2025-01-04,1735973138,1736012968,80,39830,2025,1,4.95,False,4.95
9f4918bfa31f9d3ebb1b4110cbd318b3bfcbfa0d,DFW Airport,1735930172,Grapevine,1735983272,2025-01-04,1735983272,1736015767,44,32495,2025,1,4.95,False,4.95
bfe606ec599fa0f0d8d03ba4aec3db1464782580,DFW Airport,1735914646,Grapevine,1735994143,2025-01-04,1735994143,1736049033,82,54890,2025,1,4.95,False,4.95
d4e2f63a6c2886bec81f7ea414205819a7d3adfb,DFW Airport,1735997044,Grapevine,1735997045,2025-01-04,1735997045,1736020078,13,23033,2025,1,4.95,False,4.95
5efa06966fe2be6e440de26ef673990b24f1d691,DFW Airport,1736005499,Grapevine,1736005535,2025-01-04,1736005535,1736019422,26,13887,2025,1,4.95,False,4.95
50b60e06bdc52c91b775c127b7823024fa748dc3,DFW Airport,1736019574,Grapevine,1736019581,2025-01-04,1736019581,1736028844,12,9263,2025,1,4.95,False,4.95
0ba1c67e26c8e9b23f19801d5a50e1fbaca0b7fc,Dallas Love Field,1736022271,Dallas,1736022891,2025-01-04,1736022891,1736032395,24,9504,2025,1,,,
1e677572212b8589fd83bd818e49507afba7f6ff,DFW Airport,1736013840,Argyle,1736026095,2025-01-04,1736026095,1736033844,12,7749,2025,1,4.95,False,4.95
c88c886d6968f8a700ccfa165db3b7d7a8d5511f,Dallas Love Field,1736044754,Dallas,1736044806,2025-01-04,1736044806,1736054205,27,9399,2025,1,,,
95dc3d9d42155fd32f59838fdcb2dd0ece0b6b6a,DFW Airport,1736043843,Grapevine,1736045806,2025-01-04,1736045806,1736056226,2,10420,2025,1,4.95,False,4.95
ac62cbcf4832255470a939866c01c42f44183ac6,DFW Airport,1736109460,Grapevine,1736109689,2025-01-05,1736109689,1736117090,20,7401,2025,1,4.95,False,4.95
d878745215be1d72ffa27b4994f2c03e808cf025,DFW Airport,1736109923,Grand Prairie,1736131945,2025-01-05,1736131945,1736140876,11,8931,2025,1,4.95,False,4.95
5cf02a89815b9500a690ae9ec72b00d145f3aa8a,DFW Airport,1736135762,Dallas,1736143785,2025-01-06,1736143785,1736166181,25,22396,2025,1,4.95,False,4.95
d878745215be1d72ffa27b4994f2c03e808cf025,DFW Airport,1736109923,Coppell,1736149182,2025-01-06,1736149182,1736192130,40,42948,2025,1,4.95,False,4.95
0f81a0f934da8fea7037f12d4b565cae0c75bdcb,DFW Airport,1736157177,Grapevine,1736157178,2025-01-06,1736157178,1736167423,6,10245,2025,1,4.95,False,4.95
1829996c2ee3d508c55b778502ad12ed46e1c819,DFW Airport,1736172549,Grapevine,1736172690,2025-01-06,1736172690,1736189209,126,16519,2025,1,4.95,False,4.95
1419850a3b9e73e9f2cca1f70f1889d0b4c6d115,DFW Airport,1736186156,Grapevine,1736188165,2025-01-06,1736188165,1736205763,10,17598,2025,1,4.95,False,4.95
674051db6593ef0f38c37692a2b90c8eb3927766,Dallas Love Field,1736195135,Dallas,1736195397,2025-01-06,1736195397,1736203651,18,8254,2025,1,,,
674051db6593ef0f38c37692a2b90c8eb3927766,Dallas Love Field,1736195135,Carrollton,1736201549,2025-01-06,1736201549,1736229295,124,27746,2025,1,,,
674051db6593ef0f38c37692a2b90c8eb3927766,Dallas Love Field,1736208286,Carrollton,1736229895,2025-01-07,1736229895,1736268325,238,38430,2025,1,,,
776c4fa37d0b3760fa3c51158791a20f1c01affc,DFW Airport,1736208402,Arlington,1736249010,2025-01-07,1736249010,1736276656,11,27646,2025,1,4.95,False,4.95
b3f232101edcbffa8322485ff632b0772919f715,DFW Airport,1736346768,Grapevine,1736350050,2025-01-08,1736350050,1736365678,15,15628,2025,1,4.95,False,4.95
b406032b3b11631d2192f59fd3e945e576c29178,DFW Airport,1736350251,Grapevine,1736350254,2025-01-08,1736350254,1736358129,15,7875,2025,1,4.95,False,4.95
c0c9b1b824bda753a9416c228a5c39e834c0d8cb,Dallas Love Field,1736360994,Carrollton,1736369373,2025-01-08,1736369373,1736379843,6,10470,2025,1,,,
66e9e17b181c114641a507b098a16d0e0db92c29,DFW Airport,1736363056,Grapevine,1736408722,2025-01-09,1736408722,1736437217,22,28495,2025,1,4.95,False,4.95
b3f232101edcbffa8322485ff632b0772919f715,DFW Airport,1736346768,Grapevine,1736428601,2025-01-09,1736428601,1736438808,21,10207,2025,1,4.95,False,4.95
90ede93687eebe9e8993e561e8a4ffb225f94da9,Dallas Love Field,1736443243,Dallas,1736443248,2025-01-09,1736443248,1736455383,16,12135,2025,1,,,
1942e7d525652e99054ed0e247874e003199339c,DFW Airport,1736457214,McKinney,1736474470,2025-01-09,1736474470,1736487528,55,13058,2025,1,4.95,False,4.95
1942e7d525652e99054ed0e247874e003199339c,DFW Airport,1736457214,McKinney,1736488820,2025-01-10,1736488820,1736504448,142,15628,2025,1,4.95,False,4.95
813ac2dbc2220bd5fdc5a52bc17a5905b0843736,DFW Airport,1736470853,Irving,1736493146,2025-01-10,1736493146,1736504176,10,11030,2025,1,4.95,False,4.95
1942e7d525652e99054ed0e247874e003199339c,DFW Airport,1736474470,Plano,1736514690,2025-01-10,1736514690,1736534626,54,19936,2025,1,4.95,False,4.95
a6093dd6f09bec303beb99c1097df4cb21edbdb8,DFW Airport,1736526706,Grapevine,1736527413,2025-01-10,1736527413,1736542027,20,14614,2025,1,4.95,False,4.95
20391eae9bb9a039cad72d5d410e5139bf3a3494,DFW Airport,1736535276,Grapevine,1736535278,2025-01-10,1736535278,1736545607,10,10329,2025,1,4.95,False,4.95
6ce58902d9db2bb460d3b3649631ecd795a03410,DFW Airport,1736543812,Dallas,1736585697,2025-01-11,1736585697,1736620468,30,34771,2025,1,4.95,False,4.95
674051db6593ef0f38c37692a2b90c8eb3927766,Dallas Love Field,1736594171,Dallas,1736594778,2025-01-11,1736594778,1736606425,20,11647,2025,1,,,
802d2077d83b4ef94f6ab4e7a569dc5fec2e6ff3,DFW Airport,1736650324,Plano,1736650341,2025-01-11,1736650341,1736660330,5,9989,2025,1,4.95,False,4.95
c440d90f01e35722969996fb48fb916a4547d82a,Dallas Love Field,1736649552,Dallas,1736664312,2025-01-12,1736664312,1736746247,35,81935,2025,1,,,
802d2077d83b4ef94f6ab4e7a569dc5fec2e6ff3,DFW Airport,1736650324,Plano,1736667756,2025-01-12,1736667756,1736685264,2,17508,2025,1,4.95,False,4.95
3be36ccedb4edc173d0e707851ef5494399371d1,DFW Airport,1736666288,Grand Prairie,1736670473,2025-01-12,1736670473,1736693323,13,22850,2025,1,4.95,False,4.95
c440d90f01e35722969996fb48fb916a4547d82a,Dallas Love Field,1736649552,Nevada,1736678731,2025-01-12,1736678731,1736740693,82,61962,2025,1,,,
c9ea70a843b582af1f1b5ef2a1893fc867ece239,Dallas Love Field,1736654663,Hurst,1736682551,2025-01-12,1736682551,1736697728,7,15177,2025,1,,,
e9dc2f8ca94ddf76d5f6e116d828788c42aa4dc1,DFW Airport,1736699451,Grapevine,1736699454,2025-01-12,1736699454,1736707011,12,7557,2025,1,4.95,False,4.95
5057302c36dd7e8e1f484aa67d3636f901c28482,DFW Airport,1736704910,Grapevine,1736704916,2025-01-12,1736704916,1736734327,19,29411,2025,1,4.95,False,4.95
14733a866845181d966cec38e68c6f19ada40a5a,DFW Airport,1736708509,Grapevine,1736708518,2025-01-12,1736708518,1736716669,31,8151,2025,1,4.95,False,4.95
c440d90f01e35722969996fb48fb916a4547d82a,Dallas Love Field,1736649552,Colleyville,1736709611,2025-01-12,1736709611,1736718935,21,9324,2025,1,,,
eab10da659ef1272852cc1cd7d7f164b1d2df8b5,DFW Airport,1736723954,Grapevine,1736723959,2025-01-12,1736723959,1736738186,8,14227,2025,1,4.95,False,4.95
c440d90f01e35722969996fb48fb916a4547d82a,Dallas Love Field,1736736360,Dallas,1736749201,2025-01-13,1736749201,1736763773,20,14572,2025,1,,,
c440d90f01e35722969996fb48fb916a4547d82a,Dallas Love Field,1736736360,Nevada,1736750075,2025-01-13,1736750075,1736818808,56,68733,2025,1,,,
e277d3e0f124b6a567fab63030942ad9a7c4f418,DFW Airport,1736779968,Grapevine,1736781481,2025-01-13,1736781481,1736789218,52,7737,2025,1,4.95,False,4.95
55a8e6264094eed6789e77df4e11d8aa99b78b30,DFW Airport,1736831950,Arlington,1736859002,2025-01-14,1736859002,1736868977,13,9975,2025,1,4.95,False,4.95
35f087b15d0095b61d43b2300619dbf77a64ad88,DFW Airport,1736865182,Grapevine,1736865188,2025-01-14,1736865188,1736874426,10,9238,2025,1,4.95,False,4.95
e9dc2f8ca94ddf76d5f6e116d828788c42aa4dc1,DFW Airport,1736868357,Grapevine,1736868358,2025-01-14,1736868358,1736875653,27,7295,2025,1,4.95,False,4.95
4d1bca09f9a108ec21f4111b05c024c459d4f775,DFW Airport,1736886171,Grapevine,1736886175,2025-01-14,1736886175,1736893530,52,7355,2025,1,4.95,False,4.95
84cd25d6c54ae4a18ba4452a5f044e33e8f2c42d,DFW Airport,1736908371,Grapevine,1736908375,2025-01-14,1736908375,1736916375,21,8000,2025,1,4.95,False,4.95
cfe47794e80c4a1200f817e66d428fecc3afa3f8,DFW Airport,1736914365,North Richland Hills,1736930196,2025-01-15,1736930196,1736943968,3,13772,2025,1,4.95,False,4.95
606a2699e57d6dff72bc8c93f583b3ac3b2890cf,DFW Airport,1736938478,Grapevine,1736939022,2025-01-15,1736939022,1736967090,21,28068,2025,1,4.95,False,4.95
3e8468a2571cc39e6baed31f6f898b07da98cbd2,DFW Airport,1736859747,Grapevine,1736943881,2025-01-15,1736943881,1736979265,4,35384,2025,1,4.95,False,4.95
75c6ad601abe62422e48393a171e593cc952ef85,Dallas Love Field,1736884753,Dallas,1736944285,2025-01-15,1736944285,1736956572,8,12287,2025,1,,,
daca730fb6c7a4c4a7690598e3dfb140bc2ad7a4,DFW Airport,1736946428,Grapevine,1736948861,2025-01-15,1736948861,1736960777,34,11916,2025,1,4.95,False,4.95
4c86e124fc7ea6adb5f9396fd18081756e662abc,DFW Airport,1736957045,Grapevine,1736957047,2025-01-15,1736957047,1736966188,6,9141,2025,1,4.95,False,4.95
5ce3888bef77f34726ef6344aee6c8ed6d89ca91,Dallas Love Field,1736963610,Dallas,1736963615,2025-01-15,1736963615,1736986468,15,22853,2025,1,,,
5ca45663a8ab4048edd8c6e850b31e791a73163c,DFW Airport,1736963770,Grapevine,1736963775,2025-01-15,1736963775,1736971177,5,7402,2025,1,4.95,False,4.95
8d66de59ff9f46e88c2d88244a41195d0bdd981b,DFW Airport,1736966192,Grapevine,1736966194,2025-01-15,1736966194,1736981352,42,15158,2025,1,4.95,False,4.95
8d66de59ff9f46e88c2d88244a41195d0bdd981b,DFW Airport,1736966192,Euless,1736970395,2025-01-15,1736970395,1736981619,30,11224,2025,1,4.95,False,4.95
8d66de59ff9f46e88c2d88244a41195d0bdd981b,DFW Airport,1736966192,Fort Worth,1736972094,2025-01-15,1736972094,1736981877,11,9783,2025,1,4.95,False,4.95
3ea96b01a6a21bccce1c80595ccd87904498ebc7,DFW Airport,1736974929,Grapevine,1736975052,2025-01-15,1736975052,1736985983,50,10931,2025,1,4.95,False,4.95
8d66de59ff9f46e88c2d88244a41195d0bdd981b,DFW Airport,1736966192,Arlington,1736977374,2025-01-15,1736977374,1736985558,15,8184,2025,1,4.95,False,4.95
3e8468a2571cc39e6baed31f6f898b07da98cbd2,DFW Airport,1736966327,Keller,1737012611,2025-01-16,1737012611,1737052650,23,40039,2025,1,4.95,False,4.95
3e8468a2571cc39e6baed31f6f898b07da98cbd2,DFW Airport,1737012611,Watauga,1737028297,2025-01-16,1737028297,1737041335,8,13038,2025,1,4.95,False,4.95
674051db6593ef0f38c37692a2b90c8eb3927766,Dallas Love Field,1737033996,Dallas,1737034237,2025-01-16,1737034237,1737041739,23,7502,2025,1,,,
470686766295d18b10ecb29df5beff033cc2ce4e,DFW Airport,1736973184,Dallas,1737043012,2025-01-16,1737043012,1737053961,39,10949,2025,1,4.95,False,4.95
07514aa5eda877a8538f33c9a1c4169c1ae7a4ed,DFW Airport,1736979816,Fort Worth,1737045472,2025-01-16,1737045472,1737054208,8,8736,2025,1,4.95,False,4.95
07514aa5eda877a8538f33c9a1c4169c1ae7a4ed,DFW Airport,1736979816,Grapevine,1737058741,2025-01-16,1737058741,1737072388,28,13647,2025,1,4.95,False,4.95
5cf02a89815b9500a690ae9ec72b00d145f3aa8a,DFW Airport,1737183978,Dallas,1737185940,2025-01-18,1737185940,1737262933,237,76993,2025,1,4.95,False,4.95
5cf02a89815b9500a690ae9ec72b00d145f3aa8a,DFW Airport,1737183978,Lancaster,1737186830,2025-01-18,1737186830,1737262343,17,75513,2025,1,4.95,False,4.95
08037e37b76a133a58702b49b0d6655dd757ea82,DFW Airport,1737280665,Irving,1737281951,2025-01-19,1737281951,1737339866,26,57915,2025,1,4.95,False,4.95
08037e37b76a133a58702b49b0d6655dd757ea82,DFW Airport,1737280665,Grapevine,1737282371,2025-01-19,1737282371,1737342842,4,60471,2025,1,4.95,False,4.95
3e8468a2571cc39e6baed31f6f898b07da98cbd2,DFW Airport,1737284958,Grapevine,1737286841,2025-01-19,1737286841,1737302257,5,15416,2025,1,4.95,False,4.95
08037e37b76a133a58702b49b0d6655dd757ea82,DFW Airport,1737280665,Coppell,1737288440,2025-01-19,1737288440,1737298295,22,9855,2025,1,4.95,False,4.95
6cee6da1ac415b400488af721a261045e888c2f5,DFW Airport,1737264026,Dallas,1737300370,2025-01-19,1737300370,1737344267,49,43897,2025,1,4.95,False,4.95
c08892a0ffed55870ecc1352a8caa1a060cd53c7,Dallas Love Field,1737311578,Dallas,1737311618,2025-01-19,1737311618,1737320127,10,8509,2025,1,,,
eab10da659ef1272852cc1cd7d7f164b1d2df8b5,DFW Airport,1737331452,Grapevine,1737331458,2025-01-19,1737331458,1737345688,5,14230,2025,1,4.95,False,4.95
c440d90f01e35722969996fb48fb916a4547d82a,Dallas Love Field,1737343911,Nevada,1737343912,2025-01-19,1737343912,1737352657,23,8745,2025,1,,,
08037e37b76a133a58702b49b0d6655dd757ea82,DFW Airport,1737280665,Irving,1737353650,2025-01-20,1737353650,1737395317,75,41667,2025,1,4.95,False,4.95
c440d90f01e35722969996fb48fb916a4547d82a,Dallas Love Field,1737343911,Nevada,1737354080,2025-01-20,1737354080,1737390081,14,36001,2025,1,,,
ce87f407623492128a8d406262005bc9b355c6de,Dallas Love Field,1737356720,Flower Mound,1737365360,2025-01-20,1737365360,1737402555,43,37195,2025,1,,,
75f52400a94235b7584049f8b6557323abcda51f,DFW Airport,1737361778,Fort Worth,1737367043,2025-01-20,1737367043,1737377213,5,10170,2025,1,4.95,False,4.95
08037e37b76a133a58702b49b0d6655dd757ea82,DFW Airport,1737342842,Coppell,1737373161,2025-01-20,1737373161,1737395418,47,22257,2025,1,4.95,False,4.95
e277d3e0f124b6a567fab63030942ad9a7c4f418,DFW Airport,1737382660,Grapevine,1737382662,2025-01-20,1737382662,1737396727,23,14065,2025,1,4.95,False,4.95
f7b1ff21911981ca2227d013c6e8ca39363a122b,DFW Airport,1737397530,McKinney,1737401734,2025-01-20,1737401734,1737412745,3,11011,2025,1,4.95,False,4.95
84cd25d6c54ae4a18ba4452a5f044e33e8f2c42d,DFW Airport,1737513392,Grapevine,1737513394,2025-01-21,1737513394,1737521178,6,7784,2025,1,4.95,False,4.95
77b0894bff8a2e4622157d80a6906824bcd0b2ae,DFW Airport,1737533945,Grapevine,1737534853,2025-01-22,1737534853,1737557964,28,23111,2025,1,4.95,False,4.95
1d76031adfd9bcdae1ad8cf26cb05cfd9f5b4442,DFW Airport,1737538780,Grapevine,1737538781,2025-01-22,1737538781,1737572737,38,33956,2025,1,4.95,False,4.95
7871556b7a3916043a701e8f38ebc64bf589e530,DFW Airport,1737540261,Grapevine,1737542210,2025-01-22,1737542210,1737571358,22,29148,2025,1,4.95,False,4.95
606a2699e57d6dff72bc8c93f583b3ac3b2890cf,DFW Airport,1737548812,Grapevine,1737548815,2025-01-22,1737548815,1737572055,32,23240,2025,1,4.95,False,4.95
daca730fb6c7a4c4a7690598e3dfb140bc2ad7a4,DFW Airport,1737550107,Grapevine,1737550251,2025-01-22,1737550251,1737570359,37,20108,2025,1,4.95,False,4.95
0b0a0e85191794ccef0f8830e018ab86c7569f0a,DFW Airport,1737554220,Arlington,1737556496,2025-01-22,1737556496,1737568559,9,12063,2025,1,4.95,False,4.95
00890a1712f0777c580b365258bb32acba818166,Dallas Love Field,1737559256,Dallas,1737559258,2025-01-22,1737559258,1737568328,14,9070,2025,1,,,
30d9db0b7c120423abe4244b77cc22e84270c2f6,DFW Airport,1737570944,Grapevine,1737570945,2025-01-22,1737570945,1737603776,36,32831,2025,1,4.95,False,4.95
08037e37b76a133a58702b49b0d6655dd757ea82,DFW Airport,1737530608,Irving,1737574230,2025-01-22,1737574230,1737582788,34,8558,2025,1,4.95,False,4.95
470686766295d18b10ecb29df5beff033cc2ce4e,DFW Airport,1737573777,Arlington,1737591063,2025-01-22,1737591063,1737601629,7,10566,2025,1,4.95,False,4.95
470686766295d18b10ecb29df5beff033cc2ce4e,DFW Airport,1737591063,Arlington,1737619946,2025-01-23,1737619946,1737640439,12,20493,2025,1,4.95,False,4.95
470686766295d18b10ecb29df5beff033cc2ce4e,DFW Airport,1737591063,Dallas,1737641624,2025-01-23,1737641624,1737658768,94,17144,2025,1,4.95,False,4.95
bd4887d9f9910de92568fc7703df8491241a136b,Dallas Love Field,1737661416,Dallas,1737661462,2025-01-23,1737661462,1737670096,69,8634,2025,1,,,
776c4fa37d0b3760fa3c51158791a20f1c01affc,DFW Airport,1737671078,Grapevine,1737671131,2025-01-23,1737671131,1737682897,20,11766,2025,1,4.95,False,4.95
5c1fdcf88427ac98e1e2130d3d7f86aa7e295dd3,DFW Airport,1737746620,Grapevine,1737746628,2025-01-24,1737746628,1737760260,17,13632,2025,1,4.95,False,4.95
aaf78eaae5f283cf7caee4e31a913dffc685b694,DFW Airport,1737757885,Grapevine,1737758282,2025-01-24,1737758282,1737777306,2,19024,2025,1,4.95,False,4.95
776c4fa37d0b3760fa3c51158791a20f1c01affc,DFW Airport,1737769553,Arlington,1737785374,2025-01-25,1737785374,1737840834,20,55460,2025,1,4.95,False,4.95
5cf02a89815b9500a690ae9ec72b00d145f3aa8a,DFW Airport,1737761494,Dallas,1737824930,2025-01-25,1737824930,1737846993,304,22063,2025,1,4.95,False,4.95
c440d90f01e35722969996fb48fb916a4547d82a,Dallas Love Field,1737878867,Dallas,1737878868,2025-01-26,1737878868,1737955535,55,76667,2025,1,,,
c440d90f01e35722969996fb48fb916a4547d82a,Dallas Love Field,1737878867,Nevada,1737888344,2025-01-26,1737888344,1737935144,34,46800,2025,1,,,
d0c29fbb6c859137fb78ccec4d984dc00d95889f,DFW Airport,1737900087,Grapevine,1737900676,2025-01-26,1737900676,1737936366,10,35690,2025,1,4.95,False,4.95
d0c29fbb6c859137fb78ccec4d984dc00d95889f,DFW Airport,1737900087,Grand Prairie,1737947123,2025-01-26,1737947123,1737956135,8,9012,2025,1,4.95,False,4.95
d0c29fbb6c859137fb78ccec4d984dc00d95889f,DFW Airport,1737900087,Grand Prairie,1737958761,2025-01-27,1737958761,1738021965,39,63204,2025,1,4.95,False,4.95
c440d90f01e35722969996fb48fb916a4547d82a,Dallas Love Field,1737949826,Dallas,1737958805,2025-01-27,1737958805,1737971548,19,12743,2025,1,,,
d0c29fbb6c859137fb78ccec4d984dc00d95889f,DFW Airport,1737900087,Grapevine,1737972462,2025-01-27,1737972462,1738019107,18,46645,2025,1,4.95,False,4.95
c440d90f01e35722969996fb48fb916a4547d82a,Dallas Love Field,1737949826,Nevada,1737976733,2025-01-27,1737976733,1738043081,50,66348,2025,1,,,
195aac15573c2e035703da1bd084449faa03ae1f,DFW Airport,1737986537,Arlington,1737990793,2025-01-27,1737990793,1738017752,28,26959,2025,1,4.95,False,4.95
8a1dbee9ebda7cec64c6571a6bef240c75769ae2,DFW Airport,1737991809,Grapevine,1737992942,2025-01-27,1737992942,1738000492,3,7550,2025,1,4.95,False,4.95
e277d3e0f124b6a567fab63030942ad9a7c4f418,DFW Airport,1737995164,Grapevine,1737995165,2025-01-27,1737995165,1738003658,37,8493,2025,1,4.95,False,4.95
195aac15573c2e035703da1bd084449faa03ae1f,DFW Airport,1737986537,Grand Prairie,1738007251,2025-01-27,1738007251,1738014486,12,7235,2025,1,4.95,False,4.95
55a8e6264094eed6789e77df4e11d8aa99b78b30,DFW Airport,1738041634,Grapevine,1738046896,2025-01-28,1738046896,1738060508,6,13612,2025,1,4.95,False,4.95
7b47027626912ad324af82387fdab7435bf74b99,DFW Airport,1738064836,Grapevine,1738064837,2025-01-28,1738064837,1738083698,16,18861,2025,1,4.95,False,4.95
d0c29fbb6c859137fb78ccec4d984dc00d95889f,DFW Airport,1738018707,Grapevine,1738066253,2025-01-28,1738066253,1738091517,20,25264,2025,1,4.95,False,4.95
55a8e6264094eed6789e77df4e11d8aa99b78b30,DFW Airport,1738041634,Arlington,1738068602,2025-01-28,1738068602,1738078577,14,9975,2025,1,4.95,False,4.95
dd7162b501a624158d2a271d7fea94eefae38abc,DFW Airport,1738041356,North Richland Hills,1738075711,2025-01-28,1738075711,1738123651,8,47940,2025,1,4.95,False,4.95
606a2699e57d6dff72bc8c93f583b3ac3b2890cf,DFW Airport,1738147424,Grapevine,1738148130,2025-01-29,1738148130,1738176808,61,28678,2025,1,4.95,False,4.95
daca730fb6c7a4c4a7690598e3dfb140bc2ad7a4,DFW Airport,1738158481,Grapevine,1738158482,2025-01-29,1738158482,1738177804,57,19322,2025,1,4.95,False,4.95
f6d1c054e6d0b1a48e427a3fe4dac4fb0f986e7d,DFW Airport,1738235215,Grapevine,1738235216,2025-01-30,1738235216,1738277055,4,41839,2025,1,4.95,False,4.95
db5d2cccd845b008ebec04ea36ffc2c8a40edba1,DFW Airport,1738333221,Grapevine,1738333227,2025-01-31,1738333227,1738340768,11,7541,2025,1,4.95,False,4.95
5cf02a89815b9500a690ae9ec72b00d145f3aa8a,DFW Airport,1738340693,Fort Worth,1738343155,2025-01-31,1738343155,1738364380,68,21225,2025,1,4.95,False,4.95
5cf02a89815b9500a690ae9ec72b00d145f3aa8a,DFW Airport,1738340693,Grand Prairie,1738343335,2025-01-31,1738343335,1738365585,14,22250,2025,1,4.95,False,4.95
5cf02a89815b9500a690ae9ec72b00d145f3aa8a,DFW Airport,1738340693,Arlington,1738343497,2025-01-31,1738343497,1738365187,60,21690,2025,1,4.95,False,4.95
5cf02a89815b9500a690ae9ec72b00d145f3aa8a,DFW Airport,1738340693,Forest Hill,1738344910,2025-01-31,1738344910,1738364316,12,19406,2025,1,4.95,False,4.95
5cf02a89815b9500a690ae9ec72b00d145f3aa8a,DFW Airport,1738340693,Benbrook,1738345466,2025-01-31,1738345466,1738362165,6,16699,2025,1,4.95,False,4.95
07514aa5eda877a8538f33c9a1c4169c1ae7a4ed,DFW Airport,1738277261,Fort Worth,1738345922,2025-01-31,1738345922,1738359897,5,13975,2025,1,4.95,False,4.95
94f04380b3d3fc9f8a621382dc462dd55793c3f9,Dallas Love Field,1738344385,Sanger,1738350861,2025-01-31,1738350861,1738359788,6,8927,2025,1,,,
94f04380b3d3fc9f8a621382dc462dd55793c3f9,Dallas Love Field,1738344385,Denton,1738354962,2025-01-31,1738354962,1738377265,7,22303,2025,1,,,
4952efffe9df9ec628921671d5aecef8e4c7868a,DFW Airport,1738427610,Grapevine,1738428451,2025-02-01,1738428451,1738436974,5,8523,2025,2,6.057409879839787,False,6.057409879839787
c440d90f01e35722969996fb48fb916a4547d82a,Dallas Love Field,1738462525,Dallas,1738478715,2025-02-02,1738478715,1738493638,20,14923,2025,2,,,
9c7d896ed8b25b04ca1254b6277255f1f799b786,DFW Airport,1738495133,Grapevine,1738495163,2025-02-02,1738495163,1738513037,7,17874,2025,2,6.057409879839787,False,6.057409879839787
c440d90f01e35722969996fb48fb916a4547d82a,Dallas Love Field,1738579042,Nevada,1738584183,2025-02-03,1738584183,1738648316,36,64133,2025,2,,,
e277d3e0f124b6a567fab63030942ad9a7c4f418,DFW Airport,1738602666,Grapevine,1738602667,2025-02-03,1738602667,1738611156,14,8489,2025,2,6.057409879839787,False,6.057409879839787
c667361c7688a0481f93fb4b88e6af2d9c62fb8f,DFW Airport,1738663863,Flower Mound,1738675111,2025-02-04,1738675111,1738689365,6,14254,2025,2,6.057409879839787,False,6.057409879839787
d0c2c6235d3dd88754cc0be832f0b486625fbe18,Dallas Love Field,1738751117,Dallas,1738751500,2025-02-05,1738751500,1738759638,10,8138,2025,2,,,
daca730fb6c7a4c4a7690598e3dfb140bc2ad7a4,DFW Airport,1738765124,Grapevine,1738765301,2025-02-05,1738765301,1738782710,24,17409,2025,2,6.057409879839787,False,6.057409879839787
324ec5bec9bb4e5c13e7a0e5fb966ffd5a20afad,DFW Airport,1738714562,Dallas,1738785648,2025-02-05,1738785648,1738794244,4,8596,2025,2,6.057409879839787,False,6.057409879839787
09b71994e317768fa7109e59209b64fda7e2ff89,DFW Airport,1738830597,Grapevine,1738831018,2025-02-06,1738831018,1738852839,173,21821,2025,2,6.057409879839787,False,6.057409879839787
f6d1c054e6d0b1a48e427a3fe4dac4fb0f986e7d,DFW Airport,1738842717,Grapevine,1738842718,2025-02-06,1738842718,1738884558,9,41840,2025,2,6.057409879839787,False,6.057409879839787
905ec3083db10c6080a54819633241c5e3c18d87,Dallas Love Field,1738809221,Grapevine,1738854135,2025-02-06,1738854135,1738863901,16,9766,2025,2,,,
210b64c7ef9ff363202770492f64bd370c6890a0,Dallas Love Field,1738856897,Dallas,1738857000,2025-02-06,1738857000,1738867557,8,10557,2025,2,,,
7ef62050b13fb3886bf19ecad6e93e062d98bf07,DFW Airport,1738861579,Grapevine,1738861596,2025-02-06,1738861596,1738873318,12,11722,2025,2,6.057409879839787,False,6.057409879839787
5cf02a89815b9500a690ae9ec72b00d145f3aa8a,DFW Airport,1738900997,Dallas,1738933040,2025-02-07,1738933040,1738984147,625,51107,2025,2,6.057409879839787,False,6.057409879839787
5cf02a89815b9500a690ae9ec72b00d145f3aa8a,DFW Airport,1738900997,Lancaster,1738933935,2025-02-07,1738933935,1738983602,20,49667,2025,2,6.057409879839787,False,6.057409879839787
5cf02a89815b9500a690ae9ec72b00d145f3aa8a,DFW Airport,1738900997,Duncanville,1738934315,2025-02-07,1738934315,1738950669,8,16354,2025,2,6.057409879839787,False,6.057409879839787
5cf02a89815b9500a690ae9ec72b00d145f3aa8a,DFW Airport,1738900997,Grand Prairie,1738934618,2025-02-07,1738934618,1738950317,15,15699,2025,2,6.057409879839787,False,6.057409879839787
5cf02a89815b9500a690ae9ec72b00d145f3aa8a,DFW Airport,1738900997,Arlington,1738934822,2025-02-07,1738934822,1738949282,64,14460,2025,2,6.057409879839787,False,6.057409879839787
5cf02a89815b9500a690ae9ec72b00d145f3aa8a,DFW Airport,1738900997,Fort Worth,1738936663,2025-02-07,1738936663,1738948769,50,12106,2025,2,6.057409879839787,False,6.057409879839787
5cf02a89815b9500a690ae9ec72b00d145f3aa8a,DFW Airport,1738900997,Forest Hill,1738936927,2025-02-07,1738936927,1738948729,18,11802,2025,2,6.057409879839787,False,6.057409879839787
5cf02a89815b9500a690ae9ec72b00d145f3aa8a,DFW Airport,1738900997,Benbrook,1738937629,2025-02-07,1738937629,1738948142,5,10513,2025,2,6.057409879839787,False,6.057409879839787
daee8f23640139b60be3f6e11d5584b57a344d01,DFW Airport,1738949398,Grapevine,1738949793,2025-02-07,1738949793,1738968103,6,18310,2025,2,6.057409879839787,False,6.057409879839787
f917d9eca9f3a59851fbf749dec2eb1a3cce764c,Dallas Love Field,1739046793,Dallas,1739046834,2025-02-08,1739046834,1739055905,81,9071,2025,2,,,
a3221a0da40f7037dcbf3e273022fa7815af9f40,Dallas Love Field,1739139563,Dallas,1739139565,2025-02-09,1739139565,1739147193,15,7628,2025,2,,,
9e6e5f65e2666bec1a068fe23c56f0a89e6ff416,DFW Airport,1739149240,Allen,1739151493,2025-02-09,1739151493,1739160878,4,9385,2025,2,6.057409879839787,False,6.057409879839787
9e6e5f65e2666bec1a068fe23c56f0a89e6ff416,DFW Airport,1739149240,Allen,1739167506,2025-02-10,1739167506,1739182167,3,14661,2025,2,6.057409879839787,False,6.057409879839787
9e6e5f65e2666bec1a068fe23c56f0a89e6ff416,DFW Airport,1739149240,Richardson,1739186358,2025-02-10,1739186358,1739229148,3,42790,2025,2,6.057409879839787,False,6.057409879839787
9e6e5f65e2666bec1a068fe23c56f0a89e6ff416,DFW Airport,1739149240,Dallas,1739187536,2025-02-10,1739187536,1739225518,4,37982,2025,2,6.057409879839787,False,6.057409879839787
32783dcee0e8be1f71a978a8f1d79a2be0d242d7,DFW Airport,1739150392,Coppell,1739188525,2025-02-10,1739188525,1739234375,20,45850,2025,2,6.057409879839787,False,6.057409879839787
c440d90f01e35722969996fb48fb916a4547d82a,Dallas Love Field,1739164885,Nevada,1739191680,2025-02-10,1739191680,1739211277,17,19597,2025,2,,,
3411a923c42f985549076218ea9f2f14ca6348b9,DFW Airport,1739195783,Grapevine,1739196762,2025-02-10,1739196762,1739205386,6,8624,2025,2,6.057409879839787,False,6.057409879839787
851f2719528f862f781192cb89d4f3980720d0d9,Dallas Love Field,1739219332,Dallas,1739219337,2025-02-10,1739219337,1739245181,6,25844,2025,2,,,
e7c2d43841c882f01f4329575b8ef2f1aba79af4,DFW Airport,1739230647,Grapevine,1739230702,2025-02-10,1739230702,1739238591,31,7889,2025,2,6.057409879839787,False,6.057409879839787
851f2719528f862f781192cb89d4f3980720d0d9,Dallas Love Field,1739219332,Dallas,1739275700,2025-02-11,1739275700,1739315676,40,39976,2025,2,,,
c667361c7688a0481f93fb4b88e6af2d9c62fb8f,DFW Airport,1739271360,Flower Mound,1739282613,2025-02-11,1739282613,1739296878,10,14265,2025,2,6.057409879839787,False,6.057409879839787
d0c2c6235d3dd88754cc0be832f0b486625fbe18,Dallas Love Field,1739358617,Dallas,1739358961,2025-02-12,1739358961,1739367148,41,8187,2025,2,,,
bd81c588c26aaa51aab8cfa6bffa5b1e7c0feaf0,DFW Airport,1739360978,Grapevine,1739361033,2025-02-12,1739361033,1739379330,9,18297,2025,2,6.057409879839787,False,6.057409879839787
daca730fb6c7a4c4a7690598e3dfb140bc2ad7a4,DFW Airport,1739372620,Grapevine,1739372623,2025-02-12,1739372623,1739390217,56,17594,2025,2,6.057409879839787,False,6.057409879839787
deaecc27efadbba9c1f39cb32755a2d901c82862,DFW Airport,1739380776,Grapevine,1739380801,2025-02-12,1739380801,1739397467,5,16666,2025,2,6.057409879839787,False,6.057409879839787
72b0b344519a3bfa703bb54f4eaf9771f30763ee,DFW Airport,1739381334,Grapevine,1739381877,2025-02-12,1739381877,1739402481,3,20604,2025,2,6.057409879839787,False,6.057409879839787
daca730fb6c7a4c4a7690598e3dfb140bc2ad7a4,DFW Airport,1739372620,Euless,1739387161,2025-02-12,1739387161,1739397136,48,9975,2025,2,6.057409879839787,False,6.057409879839787
58e4f7518f34b539b0b82b38e922bd7bc76195c1,DFW Airport,1739390825,Grapevine,1739390827,2025-02-12,1739390827,1739398827,34,8000,2025,2,6.057409879839787,False,6.057409879839787
324ec5bec9bb4e5c13e7a0e5fb966ffd5a20afad,Dallas Love Field,1739391742,Dallas,1739392601,2025-02-12,1739392601,1739399998,2,7397,2025,2,,,
4cf03ddc54ebf929b0d3ba06ddb1ec9256c8d525,DFW Airport,1739397147,Grapevine,1739397148,2025-02-12,1739397148,1739404886,26,7738,2025,2,6.057409879839787,False,6.057409879839787
c0c9b1b824bda753a9416c228a5c39e834c0d8cb,Dallas Love Field,1739384687,Plano,1739404011,2025-02-12,1739404011,1739421718,108,17707,2025,2,,,
c0c9b1b824bda753a9416c228a5c39e834c0d8cb,Dallas Love Field,1739405092,Plano,1739428431,2025-02-13,1739428431,1739457993,108,29562,2025,2,,,
66e9e17b181c114641a507b098a16d0e0db92c29,DFW Airport,1739381235,Grapevine,1739430004,2025-02-13,1739430004,1739458512,43,28508,2025,2,6.057409879839787,False,6.057409879839787
210b64c7ef9ff363202770492f64bd370c6890a0,Dallas Love Field,1739464405,Dallas,1739464406,2025-02-13,1739464406,1739475067,46,10661,2025,2,,,
7ef62050b13fb3886bf19ecad6e93e062d98bf07,DFW Airport,1739467952,Grapevine,1739467953,2025-02-13,1739467953,1739480828,30,12875,2025,2,6.057409879839787,False,6.057409879839787
c44314bdea5f1f0ee278308561c51f86ff64a10a,DFW Airport,1739464840,Arlington,1739468247,2025-02-13,1739468247,1739480678,8,12431,2025,2,6.057409879839787,False,6.057409879839787
9f4918bfa31f9d3ebb1b4110cbd318b3bfcbfa0d,DFW Airport,1739462035,Grand Prairie,1739486075,2025-02-13,1739486075,1739510926,44,24851,2025,2,6.057409879839787,False,6.057409879839787
ed33dc792788f9e52140df2c39fb505b596eba87,DFW Airport,1739482963,Arlington,1739493345,2025-02-13,1739493345,1739510916,25,17571,2025,2,6.057409879839787,False,6.057409879839787
171e6382c03c22982de58c6710c52dc9e6fd7a87,Dallas Love Field,1739491523,Plano,1739523293,2025-02-14,1739523293,1739577583,165,54290,2025,2,,,
0ba1c67e26c8e9b23f19801d5a50e1fbaca0b7fc,Dallas Love Field,1739502105,Fort Worth,1739538487,2025-02-14,1739538487,1739567002,96,28515,2025,2,,,
0ba1c67e26c8e9b23f19801d5a50e1fbaca0b7fc,Dallas Love Field,1739502105,Forest Hill,1739542963,2025-02-14,1739542963,1739556633,14,13670,2025,2,,,
db5d2cccd845b008ebec04ea36ffc2c8a40edba1,DFW Airport,1739548600,Grapevine,1739548602,2025-02-14,1739548602,1739556768,37,8166,2025,2,6.057409879839787,False,6.057409879839787
840b95d03418122bc8a993fdf9e0a029aa9437cb,DFW Airport,1739554913,Grapevine,1739554919,2025-02-14,1739554919,1739565328,19,10409,2025,2,6.057409879839787,False,6.057409879839787
82be42e3b68ab005812c4116b61b17e23560015e,Dallas Love Field,1739579561,Fort Worth,1739587270,2025-02-14,1739587270,1739598524,14,11254,2025,2,,,
776c4fa37d0b3760fa3c51158791a20f1c01affc,DFW Airport,1739582930,Arlington,1739602593,2025-02-15,1739602593,1739650954,25,48361,2025,2,6.057409879839787,False,6.057409879839787
82be42e3b68ab005812c4116b61b17e23560015e,Dallas Love Field,1739579561,Fort Worth,1739603854,2025-02-15,1739603854,1739658840,12,54986,2025,2,,,
7bb3d1dd75e400862708bdb763e3842d76a95a61,DFW Airport,1739626443,Grapevine,1739626479,2025-02-15,1739626479,1739634294,9,7815,2025,2,6.057409879839787,False,6.057409879839787
0b14f4f23653d87243505f325042436b3321c050,Dallas Love Field,1739637558,Dallas,1739640030,2025-02-15,1739640030,1739661784,17,21754,2025,2,,,
35346038865e5c1c4d1b91959988d916b01b2bf7,Dallas Love Field,1739578866,Mansfield,1739646381,2025-02-15,1739646381,1739657861,60,11480,2025,2,,,
dd7162b501a624158d2a271d7fea94eefae38abc,DFW Airport,1739641085,North Richland Hills,1739685741,2025-02-16,1739685741,1739700408,5,14667,2025,2,6.057409879839787,False,6.057409879839787
9c7d896ed8b25b04ca1254b6277255f1f799b786,DFW Airport,1739710160,Grapevine,1739710163,2025-02-16,1739710163,1739728056,10,17893,2025,2,6.057409879839787,False,6.057409879839787
bfe606ec599fa0f0d8d03ba4aec3db1464782580,DFW Airport,1739713471,Grapevine,1739713476,2025-02-16,1739713476,1739721848,4,8372,2025,2,6.057409879839787,False,6.057409879839787
94f04380b3d3fc9f8a621382dc462dd55793c3f9,Dallas Love Field,1739762675,Sanger,1739777190,2025-02-17,1739777190,1739814388,12,37198,2025,2,,,
deaecc27efadbba9c1f39cb32755a2d901c82862,DFW Airport,1739729748,Irving,1739778664,2025-02-17,1739778664,1739807438,17,28774,2025,2,6.057409879839787,False,6.057409879839787
c440d90f01e35722969996fb48fb916a4547d82a,Dallas Love Field,1739772386,Nevada,1739799186,2025-02-17,1739799186,1739818794,33,19608,2025,2,,,
3411a923c42f985549076218ea9f2f14ca6348b9,DFW Airport,1739803285,Grapevine,1739803287,2025-02-17,1739803287,1739812883,20,9596,2025,2,6.057409879839787,False,6.057409879839787
5e2c24362b1ab45d459322eb10ecf74f2ca93722,DFW Airport,1739912616,Grapevine,1739913715,2025-02-18,1739913715,1739927686,154,13971,2025,2,6.057409879839787,False,6.057409879839787
e88c71c98daf25d2466c0903772cec35e8cbdcd4,DFW Airport,1739905475,Flower Mound,1739918035,2025-02-18,1739918035,1739932515,38,14480,2025,2,6.057409879839787,False,6.057409879839787
0b0a0e85191794ccef0f8830e018ab86c7569f0a,DFW Airport,1739974411,Arlington,1739978341,2025-02-19,1739978341,1739986768,30,8427,2025,2,6.057409879839787,False,6.057409879839787
deaecc27efadbba9c1f39cb32755a2d901c82862,DFW Airport,1739988305,Grapevine,1739988306,2025-02-19,1739988306,1740004970,2,16664,2025,2,6.057409879839787,False,6.057409879839787
1d76031adfd9bcdae1ad8cf26cb05cfd9f5b4442,DFW Airport,1739957984,Grapevine,1739990638,2025-02-19,1739990638,1740001486,10,10848,2025,2,6.057409879839787,False,6.057409879839787
1d76031adfd9bcdae1ad8cf26cb05cfd9f5b4442,DFW Airport,1739957984,Coppell,1739994874,2025-02-19,1739994874,1740005691,4,10817,2025,2,6.057409879839787,False,6.057409879839787
1d76031adfd9bcdae1ad8cf26cb05cfd9f5b4442,DFW Airport,1739957984,Lewisville,1739995941,2025-02-19,1739995941,1740018188,52,22247,2025,2,6.057409879839787,False,6.057409879839787
07514aa5eda877a8538f33c9a1c4169c1ae7a4ed,DFW Airport,1739996468,Grapevine,1739998262,2025-02-19,1739998262,1740015996,5,17734,2025,2,6.057409879839787,False,6.057409879839787
9d2cf44d0462e5a30e83164f81eb1da8407e678f,Dallas Love Field,1740003359,Dallas,1740004538,2025-02-19,1740004538,1740014228,11,9690,2025,2,,,
4cf03ddc54ebf929b0d3ba06ddb1ec9256c8d525,DFW Airport,1740004644,Grapevine,1740004645,2025-02-19,1740004645,1740012387,29,7742,2025,2,6.057409879839787,False,6.057409879839787
c0c9b1b824bda753a9416c228a5c39e834c0d8cb,Dallas Love Field,1739991828,Plano,1740011510,2025-02-19,1740011510,1740023886,19,12376,2025,2,,,
66e9e17b181c114641a507b098a16d0e0db92c29,DFW Airport,1739988734,Grapevine,1740037520,2025-02-20,1740037520,1740066016,27,28496,2025,2,6.057409879839787,False,6.057409879839787
c0c9b1b824bda753a9416c228a5c39e834c0d8cb,Dallas Love Field,1739991828,Plano,1740043560,2025-02-20,1740043560,1740065489,24,21929,2025,2,,,
daee8f23640139b60be3f6e11d5584b57a344d01,DFW Airport,1740064537,Grapevine,1740067499,2025-02-20,1740067499,1740079328,4,11829,2025,2,6.057409879839787,False,6.057409879839787
07514aa5eda877a8538f33c9a1c4169c1ae7a4ed,DFW Airport,1739996468,Fort Worth,1740067502,2025-02-20,1740067502,1740077788,17,10286,2025,2,6.057409879839787,False,6.057409879839787
210b64c7ef9ff363202770492f64bd370c6890a0,Dallas Love Field,1740072007,Dallas,1740074346,2025-02-20,1740074346,1740082614,8,8268,2025,2,,,
bfcd873922fd7129c69499d9b4fce3867a0d175b,DFW Airport,1740086533,Grapevine,1740086537,2025-02-20,1740086537,1740097045,3,10508,2025,2,6.057409879839787,False,6.057409879839787
07514aa5eda877a8538f33c9a1c4169c1ae7a4ed,DFW Airport,1740086982,Grapevine,1740087821,2025-02-20,1740087821,1740098299,18,10478,2025,2,6.057409879839787,False,6.057409879839787
9f4918bfa31f9d3ebb1b4110cbd318b3bfcbfa0d,DFW Airport,1740069482,Grand Prairie,1740093547,2025-02-20,1740093547,1740112709,72,19162,2025,2,6.057409879839787,False,6.057409879839787
9f4918bfa31f9d3ebb1b4110cbd318b3bfcbfa0d,DFW Airport,1740096330,Grand Prairie,1740118412,2025-02-21,1740118412,1740130754,42,12342,2025,2,6.057409879839787,False,6.057409879839787
5200f46972e95bf607b94399d1f550ff5bd6e197,DFW Airport,1740152550,Grapevine,1740152552,2025-02-21,1740152552,1740167332,3,14780,2025,2,6.057409879839787,False,6.057409879839787
1abf403f02171795a72b77b64aed2f355b096863,DFW Airport,1740126348,Arlington,1740152780,2025-02-21,1740152780,1740165095,3,12315,2025,2,6.057409879839787,False,6.057409879839787
db5d2cccd845b008ebec04ea36ffc2c8a40edba1,DFW Airport,1740153420,Grapevine,1740153423,2025-02-21,1740153423,1740164265,6,10842,2025,2,6.057409879839787,False,6.057409879839787
6ce0745695e38524c6de016513c2c0b34532caf8,DFW Airport,1740156298,Grapevine,1740156326,2025-02-21,1740156326,1740169499,59,13173,2025,2,6.057409879839787,False,6.057409879839787
dd7162b501a624158d2a271d7fea94eefae38abc,DFW Airport,1740198349,North Richland Hills,1740205649,2025-02-22,1740205649,1740249810,13,44161,2025,2,6.057409879839787,False,6.057409879839787
db5d2cccd845b008ebec04ea36ffc2c8a40edba1,DFW Airport,1740153420,Plano,1740217872,2025-02-22,1740217872,1740240406,6,22534,2025,2,6.057409879839787,False,6.057409879839787
d6c204cbaac30020ae7349f4504dd32d868bb42c,DFW Airport,1740243938,Grapevine,1740250203,2025-02-22,1740250203,1740263796,8,13593,2025,2,6.057409879839787,False,6.057409879839787
dd7162b501a624158d2a271d7fea94eefae38abc,DFW Airport,1740198349,Grapevine,1740254053,2025-02-22,1740254053,1740268585,5,14532,2025,2,6.057409879839787,False,6.057409879839787
b2b758aca08f8237031ba44dd3e9c758abfe554a,DFW Airport,1740260085,Grapevine,1740260086,2025-02-22,1740260086,1740285023,8,24937,2025,2,6.057409879839787,False,6.057409879839787
a7699b89158e4469c54718d67fdf453f511fc870,Dallas Love Field,1740275072,Irving,1740275829,2025-02-22,1740275829,1740283253,21,7424,2025,2,,,
c440d90f01e35722969996fb48fb916a4547d82a,Dallas Love Field,1740276922,Dallas,1740276925,2025-02-22,1740276925,1740289056,9,12131,2025,2,,,
a7699b89158e4469c54718d67fdf453f511fc870,Dallas Love Field,1740275072,Highland Village,1740290925,2025-02-23,1740290925,1740361455,351,70530,2025,2,,,
c440d90f01e35722969996fb48fb916a4547d82a,Dallas Love Field,1740276922,Nevada,1740309097,2025-02-23,1740309097,1740339447,12,30350,2025,2,,,
94f04380b3d3fc9f8a621382dc462dd55793c3f9,Dallas Love Field,1740370176,Sanger,1740384700,2025-02-24,1740384700,1740426053,19,41353,2025,2,,,
bc5bb32a96b3383b0fbd0ad779236983560f184e,DFW Airport,1740396999,Grapevine,1740397006,2025-02-24,1740397006,1740425836,12,28830,2025,2,6.057409879839787,False,6.057409879839787
bc5bb32a96b3383b0fbd0ad779236983560f184e,DFW Airport,1740396999,Mesquite,1740397769,2025-02-24,1740397769,1740409708,13,11939,2025,2,6.057409879839787,False,6.057409879839787
e277d3e0f124b6a567fab63030942ad9a7c4f418,DFW Airport,1740408762,Grapevine,1740408766,2025-02-24,1740408766,1740422817,40,14051,2025,2,6.057409879839787,False,6.057409879839787
c6c5eaff243c048046249e44f1c8b4e8128fb934,DFW Airport,1740435369,Dallas,1740493806,2025-02-25,1740493806,1740521752,25,27946,2025,2,6.057409879839787,False,6.057409879839787
a1e6601dcc7a851bdce3b16f7cf16df3d3b34ec1,DFW Airport,1740501482,Grapevine,1740501933,2025-02-25,1740501933,1740510644,6,8711,2025,2,6.057409879839787,False,6.057409879839787
6ce0745695e38524c6de016513c2c0b34532caf8,DFW Airport,1740502182,Grapevine,1740502212,2025-02-25,1740502212,1740513438,50,11226,2025,2,6.057409879839787,False,6.057409879839787
07514aa5eda877a8538f33c9a1c4169c1ae7a4ed,DFW Airport,1740506965,Grapevine,1740509355,2025-02-25,1740509355,1740524384,6,15029,2025,2,6.057409879839787,False,6.057409879839787
b3f232101edcbffa8322485ff632b0772919f715,DFW Airport,1740574713,Grapevine,1740574768,2025-02-26,1740574768,1740586368,3,11600,2025,2,6.057409879839787,False,6.057409879839787
a1e6601dcc7a851bdce3b16f7cf16df3d3b34ec1,DFW Airport,1740501482,Grapevine,1740583313,2025-02-26,1740583313,1740592315,4,9002,2025,2,6.057409879839787,False,6.057409879839787
842a60ce2ecc8894bde8f3856fe7d12b6b7cbfa1,Dallas Love Field,1740580883,Arlington,1740585293,2025-02-26,1740585293,1740632428,101,47135,2025,2,,,
4cf03ddc54ebf929b0d3ba06ddb1ec9256c8d525,DFW Airport,1740604533,Grapevine,1740604538,2025-02-26,1740604538,1740619897,25,15359,2025,2,6.057409879839787,False,6.057409879839787
c2995e08433f04251e7051854dea5df282ee6f8c,DFW Airport,1740613171,Fort Worth,1740613247,2025-02-26,1740613247,1740621387,12,8140,2025,2,6.057409879839787,False,6.057409879839787
c60a8848cd71951ae064c2183052e0f07e05d251,DFW Airport,1740739503,Grapevine,1740741211,2025-02-28,1740741211,1740755385,5,14174,2025,2,6.057409879839787,False,6.057409879839787
bc3b5ade3ceef64e7f1a3c87e54e179c6bde00f5,DFW Airport,1740806822,Balch Springs,1740843018,2025-03-01,1740843018,1740861910,4,18892,2025,3,5.931151241534988,False,5.931151241534988
52c8bdb4964846f73c375ef1d81b5c535d219631,Dallas Love Field,1740887196,Arlington,1740895285,2025-03-02,1740895285,1740929868,8,34583,2025,3,,,
3d88aa2d185878cc3c32849aa1f5c85c14fd232c,DFW Airport,1740874370,Frisco,1740900822,2025-03-02,1740900822,1740931575,8,30753,2025,3,5.931151241534988,False,5.931151241534988
c440d90f01e35722969996fb48fb916a4547d82a,Dallas Love Field,1740881726,Nevada,1740912412,2025-03-02,1740912412,1740949694,6,37282,2025,3,,,
c01f3c87a3cd585cf5743da88b9f970a6ffbe13a,Dallas Love Field,1740932231,Dallas,1740932234,2025-03-02,1740932234,1740974674,13,42440,2025,3,,,
73611f9684c08e46de8e95125918b1f61a01b6ca,DFW Airport,1740998573,Grapevine,1740998575,2025-03-03,1740998575,1741020236,7,21661,2025,3,5.931151241534988,False,5.931151241534988
bc5bb32a96b3383b0fbd0ad779236983560f184e,DFW Airport,1741004572,Grapevine,1741004577,2025-03-03,1741004577,1741033386,7,28809,2025,3,5.931151241534988,False,5.931151241534988
e277d3e0f124b6a567fab63030942ad9a7c4f418,DFW Airport,1741016265,Grapevine,1741016266,2025-03-03,1741016266,1741030323,52,14057,2025,3,5.931151241534988,False,5.931151241534988
0d4af698282c664c12039054b99ffc7a3855120a,Dallas Love Field,1741022773,Dallas,1741022775,2025-03-03,1741022775,1741030478,13,7703,2025,3,,,
a4cedb9665a12e1d8404154e55a825adf5686824,DFW Airport,1741022964,Grapevine,1741024180,2025-03-03,1741024180,1741035177,35,10997,2025,3,5.931151241534988,False,5.931151241534988
bca89ac81c6fb2a0df9c8e0f5dcba941ec13c5dc,Dallas Love Field,1741042040,Dallas,1741042216,2025-03-03,1741042216,1741060323,27,18107,2025,3,,,
b67c198d6069ff540ddb5117ace334c827428ca5,Dallas Love Field,1741042487,Dallas,1741042517,2025-03-03,1741042517,1741058706,139,16189,2025,3,,,
a66d897edf68ed1e6a9f20f1ba9e0a91c158fe2f,Dallas Love Field,1741042236,Dallas,1741042564,2025-03-03,1741042564,1741060260,185,17696,2025,3,,,
f79a0dcd9ee03bfcf8910be8404f5bc6be675944,Dallas Love Field,1741043485,Dallas,1741043844,2025-03-03,1741043844,1741060468,200,16624,2025,3,,,
141230ab0fea774eb299c26b458b0c4399c3ba03,Dallas Love Field,1741046286,Dallas,1741046406,2025-03-03,1741046406,1741058934,188,12528,2025,3,,,
28717129fbfb67a8abc870f43b2b6ac25336756a,DFW Airport,1741092030,Grapevine,1741092456,2025-03-04,1741092456,1741134162,4,41706,2025,3,5.931151241534988,False,5.931151241534988
3d2dd2e672d9b7d96bd570c2279582cb8844fd34,DFW Airport,1741143222,Fort Worth,1741156836,2025-03-05,1741156836,1741182344,7,25508,2025,3,5.931151241534988,False,5.931151241534988
b3f232101edcbffa8322485ff632b0772919f715,DFW Airport,1741182217,Grapevine,1741182295,2025-03-05,1741182295,1741193869,22,11574,2025,3,5.931151241534988,False,5.931151241534988
6d5e9ce8805b1be586ccf4a4d5a819191154f44d,DFW Airport,1741184070,Grapevine,1741184093,2025-03-05,1741184093,1741200090,8,15997,2025,3,5.931151241534988,False,5.931151241534988
07514aa5eda877a8538f33c9a1c4169c1ae7a4ed,DFW Airport,1741130854,Fort Worth,1741191617,2025-03-05,1741191617,1741233067,9,41450,2025,3,5.931151241534988,False,5.931151241534988
07514aa5eda877a8538f33c9a1c4169c1ae7a4ed,DFW Airport,1741130854,Irving,1741193385,2025-03-05,1741193385,1741228175,18,34790,2025,3,5.931151241534988,False,5.931151241534988
07514aa5eda877a8538f33c9a1c4169c1ae7a4ed,DFW Airport,1741130854,Grapevine,1741195244,2025-03-05,1741195244,1741227568,33,32324,2025,3,5.931151241534988,False,5.931151241534988
97c0d41d21cdb6175bf7d4d21e3271a573c3f8a5,DFW Airport,1741199034,Grapevine,1741199036,2025-03-05,1741199036,1741230881,14,31845,2025,3,5.931151241534988,False,5.931151241534988
ccf8ba4acd3c27809da378b132997c2b65530dbe,DFW Airport,1741207684,Grapevine,1741207686,2025-03-05,1741207686,1741215600,27,7914,2025,3,5.931151241534988,False,5.931151241534988
6bf5e5fc592ad3fcde7282edb8244ab6b690c113,DFW Airport,1741213840,Grapevine,1741213845,2025-03-05,1741213845,1741224145,16,10300,2025,3,5.931151241534988,False,5.931151241534988
c0c9b1b824bda753a9416c228a5c39e834c0d8cb,Dallas Love Field,1741206854,Plano,1741226380,2025-03-05,1741226380,1741238692,11,12312,2025,3,,,
a3da71cdb517ba3072b699229051679a132a8f1d,Dallas Love Field,1741197822,Grand Prairie,1741260777,2025-03-06,1741260777,1741274951,6,14174,2025,3,,,
1d76031adfd9bcdae1ad8cf26cb05cfd9f5b4442,DFW Airport,1741272271,Lewisville,1741287414,2025-03-06,1741287414,1741322528,41,35114,2025,3,5.931151241534988,False,5.931151241534988
d7e62a85629506d49e0036cf1a75694245a49fd7,DFW Airport,1741339103,Bedford,1741340510,2025-03-07,1741340510,1741350586,6,10076,2025,3,5.931151241534988,False,5.931151241534988
813ac2dbc2220bd5fdc5a52bc17a5905b0843736,DFW Airport,1741321916,Dallas,1741356252,2025-03-07,1741356252,1741364204,17,7952,2025,3,5.931151241534988,False,5.931151241534988
776c4fa37d0b3760fa3c51158791a20f1c01affc,DFW Airport,1741395491,Euless,1741396451,2025-03-07,1741396451,1741405730,2,9279,2025,3,5.931151241534988,False,5.931151241534988
776c4fa37d0b3760fa3c51158791a20f1c01affc,DFW Airport,1741395491,Fort Worth,1741397353,2025-03-07,1741397353,1741411842,3,14489,2025,3,5.931151241534988,False,5.931151241534988
776c4fa37d0b3760fa3c51158791a20f1c01affc,DFW Airport,1741395491,Arlington,1741423132,2025-03-08,1741423132,1741462587,5,39455,2025,3,5.931151241534988,False,5.931151241534988
079a8ad0e0d8b3f382c9ee0f7e6801663d76cd71,DFW Airport,1741495765,Richardson,1741503756,2025-03-09,1741503756,1741514797,4,11041,2025,3,5.931151241534988,False,5.931151241534988
c440d90f01e35722969996fb48fb916a4547d82a,Dallas Love Field,1741489227,Nevada,1741519910,2025-03-09,1741519910,1741574784,32,54874,2025,3,,,
bdf444a7c64bc5c14c298d345221469f05a0b9fc,DFW Airport,1741532250,Grapevine,1741532257,2025-03-09,1741532257,1741546508,19,14251,2025,3,5.931151241534988,False,5.931151241534988
72ff4359b1996ff556eb50ab27df32f72517852e,DFW Airport,1741614610,Grapevine,1741614653,2025-03-10,1741614653,1741621903,7,7250,2025,3,5.931151241534988,False,5.931151241534988
7e9e992d568036bd310afedb52a779413b851e07,Dallas Love Field,1741662931,Irving,1741669803,2025-03-11,1741669803,1741703550,7,33747,2025,3,,,
2327a31cccb277f3ccd5a7ed416c6fc3fad8c913,DFW Airport,1741656208,Grapevine,1741687088,2025-03-11,1741687088,1741700220,6,13132,2025,3,5.931151241534988,False,5.931151241534988
28717129fbfb67a8abc870f43b2b6ac25336756a,DFW Airport,1741692371,Grapevine,1741692375,2025-03-11,1741692375,1741741664,7,49289,2025,3,5.931151241534988,False,5.931151241534988
1d76031adfd9bcdae1ad8cf26cb05cfd9f5b4442,DFW Airport,1741695180,Grapevine,1741695717,2025-03-11,1741695717,1741715968,9,20251,2025,3,5.931151241534988,False,5.931151241534988
0a8aef20a69b1cb562128ab36b921449445bbe19,Dallas Love Field,1741742255,Cedar Hill,1741758986,2025-03-12,1741758986,1741825686,70,66700,2025,3,,,
a2392e5c4e12aa0efaf3e4894dbc768ab4f27f44,DFW Airport,1741784717,Bedford,1741784737,2025-03-12,1741784737,1741806474,14,21737,2025,3,5.931151241534988,False,5.931151241534988
07514aa5eda877a8538f33c9a1c4169c1ae7a4ed,DFW Airport,1741741806,Grapevine,1741802740,2025-03-12,1741802740,1741835053,11,32313,2025,3,5.931151241534988,False,5.931151241534988
414af87710b161d63f2620b52366c653e215f2b4,DFW Airport,1741816376,Grapevine,1741816441,2025-03-12,1741816441,1741828278,10,11837,2025,3,5.931151241534988,False,5.931151241534988
940b425722bdfd9d03a2a5d76dc10acb3a519325,DFW Airport,1741840759,Grapevine,1741842492,2025-03-13,1741842492,1741865787,14,23295,2025,3,5.931151241534988,False,5.931151241534988
a2392e5c4e12aa0efaf3e4894dbc768ab4f27f44,DFW Airport,1741880616,Grapevine,1741880617,2025-03-13,1741880617,1741888455,3,7838,2025,3,5.931151241534988,False,5.931151241534988
07514aa5eda877a8538f33c9a1c4169c1ae7a4ed,DFW Airport,1741825020,Grapevine,1741899511,2025-03-13,1741899511,1741910687,13,11176,2025,3,5.931151241534988,False,5.931151241534988
56e0be70fcaf8718e7a0ec0be9ef7c9e46b80113,DFW Airport,1741913871,Grapevine,1741913876,2025-03-13,1741913876,1741922098,6,8222,2025,3,5.931151241534988,False,5.931151241534988
9f4918bfa31f9d3ebb1b4110cbd318b3bfcbfa0d,DFW Airport,1741891062,Grand Prairie,1741917871,2025-03-13,1741917871,1741926336,11,8465,2025,3,5.931151241534988,False,5.931151241534988
9f4918bfa31f9d3ebb1b4110cbd318b3bfcbfa0d,DFW Airport,1741891062,Grand Prairie,1741935062,2025-03-14,1741935062,1742010397,10,75335,2025,3,5.931151241534988,False,5.931151241534988
c60a8848cd71951ae064c2183052e0f07e05d251,DFW Airport,1741865046,Grand Prairie,1741936551,2025-03-14,1741936551,1741944188,16,7637,2025,3,5.931151241534988,False,5.931151241534988
9f4918bfa31f9d3ebb1b4110cbd318b3bfcbfa0d,DFW Airport,1741891062,Grapevine,1741948446,2025-03-14,1741948446,1741960788,9,12342,2025,3,5.931151241534988,False,5.931151241534988
851f2719528f862f781192cb89d4f3980720d0d9,Dallas Love Field,1741956380,Dallas,1741956381,2025-03-14,1741956381,1741963588,5,7207,2025,3,,,
8a7f5bb05e7c507656d3f3e8c534f859fb7a0b0b,DFW Airport,1741997749,Grapevine,1741998326,2025-03-14,1741998326,1742006828,5,8502,2025,3,5.931151241534988,False,5.931151241534988
6cee6da1ac415b400488af721a261045e888c2f5,DFW Airport,1742102419,Dallas,1742108451,2025-03-16,1742108451,1742164097,19,55646,2025,3,5.931151241534988,False,5.931151241534988
c440d90f01e35722969996fb48fb916a4547d82a,Dallas Love Field,1742096710,Nevada,1742132300,2025-03-16,1742132300,1742164717,7,32417,2025,3,,,
c2478e4d0bfc6f7ac541b6d05cff36ad66cdf04c,DFW Airport,1742120541,Dallas,1742138131,2025-03-16,1742138131,1742187262,16,49131,2025,3,5.931151241534988,False,5.931151241534988
bdf444a7c64bc5c14c298d345221469f05a0b9fc,DFW Airport,1742139756,Grapevine,1742139757,2025-03-16,1742139757,1742154017,19,14260,2025,3,5.931151241534988,False,5.931151241534988
90f1ef21437910331d671201192b4ae4225b8caf,DFW Airport,1742140996,Grapevine,1742140998,2025-03-16,1742140998,1742157437,9,16439,2025,3,5.931151241534988,False,5.931151241534988
c440d90f01e35722969996fb48fb916a4547d82a,Dallas Love Field,1742096710,Colleyville,1742155090,2025-03-16,1742155090,1742164808,12,9718,2025,3,,,
a8a3600290075434ec9c88ce937c6d9b23a1ea85,Dallas Love Field,1742213631,Dallas,1742213634,2025-03-17,1742213634,1742234307,21,20673,2025,3,,,
72574350ee6d18e90d7afd2c61a92204bd4a10e6,DFW Airport,1742258140,Grapevine,1742258408,2025-03-17,1742258408,1742268102,8,9694,2025,3,5.931151241534988,False,5.931151241534988
2327a31cccb277f3ccd5a7ed416c6fc3fad8c913,DFW Airport,1742282467,Grapevine,1742282468,2025-03-18,1742282468,1742307722,15,25254,2025,3,5.931151241534988,False,5.931151241534988
7e9e992d568036bd310afedb52a779413b851e07,Dallas Love Field,1742270432,Irving,1742283633,2025-03-18,1742283633,1742311058,18,27425,2025,3,,,
07514aa5eda877a8538f33c9a1c4169c1ae7a4ed,DFW Airport,1742323296,North Richland Hills,1742324631,2025-03-18,1742324631,1742352956,36,28325,2025,3,5.931151241534988,False,5.931151241534988
42ff3eab1474162c3951d85a7869e12f666d787e,Dallas Love Field,1742348213,Irving,1742363484,2025-03-19,1742363484,1742383316,3,19832,2025,3,,,
ce87f407623492128a8d406262005bc9b355c6de,Dallas Love Field,1742356672,Lantana,1742369347,2025-03-19,1742369347,1742376667,15,7320,2025,3,,,
f96a271660ccd090ba1deef898f7e71ee3b3aa3a,DFW Airport,1742323780,Fate,1742390823,2025-03-19,1742390823,1742407553,21,16730,2025,3,5.931151241534988,False,5.931151241534988
1aa4242ce0b64445b099fd67fede4fd7d0e14776,Dallas Love Field,1742409953,Dallas,1742413266,2025-03-19,1742413266,1742423251,8,9985,2025,3,,,
414af87710b161d63f2620b52366c653e215f2b4,DFW Airport,1742423926,Grapevine,1742423928,2025-03-19,1742423928,1742435779,13,11851,2025,3,5.931151241534988,False,5.931151241534988
940b425722bdfd9d03a2a5d76dc10acb3a519325,DFW Airport,1742445638,Grapevine,1742447621,2025-03-20,1742447621,1742485697,4,38076,2025,3,5.931151241534988,False,5.931151241534988
940b425722bdfd9d03a2a5d76dc10acb3a519325,DFW Airport,1742445638,Westlake,1742448113,2025-03-20,1742448113,1742492397,4,44284,2025,3,5.931151241534988,False,5.931151241534988
07220ce397df386a2d58e1b97bf8461895490c4b,DFW Airport,1742448078,Grapevine,1742450247,2025-03-20,1742450247,1742476118,4,25871,2025,3,5.931151241534988,False,5.931151241534988
1d76031adfd9bcdae1ad8cf26cb05cfd9f5b4442,DFW Airport,1742487280,Grapevine,1742487282,2025-03-20,1742487282,1742497668,8,10386,2025,3,5.931151241534988,False,5.931151241534988
3ea260e3438b346d5ed195468ce366c94317ba96,DFW Airport,1742585931,Grapevine,1742585933,2025-03-21,1742585933,1742610662,26,24729,2025,3,5.931151241534988,False,5.931151241534988
6caaac778134c5b17d762121b840399f584d0351,DFW Airport,1742586283,Grapevine,1742586288,2025-03-21,1742586288,1742603144,8,16856,2025,3,5.931151241534988,False,5.931151241534988
813ac2dbc2220bd5fdc5a52bc17a5905b0843736,DFW Airport,1742527941,Grapevine,1742586591,2025-03-21,1742586591,1742600835,25,14244,2025,3,5.931151241534988,False,5.931151241534988
ccf8ba4acd3c27809da378b132997c2b65530dbe,DFW Airport,1742502541,Grapevine,1742587193,2025-03-21,1742587193,1742595288,11,8095,2025,3,5.931151241534988,False,5.931151241534988
a7699b89158e4469c54718d67fdf453f511fc870,DFW Airport,1742612182,Grapevine,1742612184,2025-03-21,1742612184,1742619479,56,7295,2025,3,5.931151241534988,False,5.931151241534988
a6093dd6f09bec303beb99c1097df4cb21edbdb8,DFW Airport,1742579134,Princeton,1742620002,2025-03-22,1742620002,1742629587,44,9585,2025,3,5.931151241534988,False,5.931151241534988
079a8ad0e0d8b3f382c9ee0f7e6801663d76cd71,DFW Airport,1742669061,Grapevine,1742689105,2025-03-22,1742689105,1742701196,4,12091,2025,3,5.931151241534988,False,5.931151241534988
6cee6da1ac415b400488af721a261045e888c2f5,DFW Airport,1742707210,Grapevine,1742707211,2025-03-23,1742707211,1742754218,4,47007,2025,3,5.931151241534988,False,5.931151241534988
ca5590d0f99509c0c8cbbb849a759191a77af25a,DFW Airport,1742705835,Grapevine,1742710060,2025-03-23,1742710060,1742737787,23,27727,2025,3,5.931151241534988,False,5.931151241534988
6cee6da1ac415b400488af721a261045e888c2f5,DFW Airport,1742707210,Dallas,1742713264,2025-03-23,1742713264,1742753635,23,40371,2025,3,5.931151241534988,False,5.931151241534988
90f1ef21437910331d671201192b4ae4225b8caf,DFW Airport,1742759681,Grapevine,1742759685,2025-03-23,1742759685,1742771097,6,11412,2025,3,5.931151241534988,False,5.931151241534988
3411a923c42f985549076218ea9f2f14ca6348b9,DFW Airport,1742827611,Grapevine,1742827613,2025-03-24,1742827613,1742840799,16,13186,2025,3,5.931151241534988,False,5.931151241534988
a7699b89158e4469c54718d67fdf453f511fc870,DFW Airport,1742835266,Fort Worth,1742836004,2025-03-24,1742836004,1742871231,71,35227,2025,3,5.931151241534988,False,5.931151241534988
a7699b89158e4469c54718d67fdf453f511fc870,DFW Airport,1742835266,Grand Prairie,1742836246,2025-03-24,1742836246,1742868323,20,32077,2025,3,5.931151241534988,False,5.931151241534988
a7699b89158e4469c54718d67fdf453f511fc870,DFW Airport,1742835266,Arlington,1742836541,2025-03-24,1742836541,1742868690,209,32149,2025,3,5.931151241534988,False,5.931151241534988
58200426350c5ec87274ba224e7a72b61dfe7bc6,DFW Airport,1742851838,Grapevine,1742851843,2025-03-24,1742851843,1742874426,21,22583,2025,3,5.931151241534988,False,5.931151241534988
a4cedb9665a12e1d8404154e55a825adf5686824,DFW Airport,1742878302,Frisco,1742879545,2025-03-25,1742879545,1742915247,106,35702,2025,3,5.931151241534988,False,5.931151241534988
7039bd666b4ec00745b126d8ab6df765f457103b,DFW Airport,1742899340,Grapevine,1742900001,2025-03-25,1742900001,1742914158,9,14157,2025,3,5.931151241534988,False,5.931151241534988
64460d73a62abe67bf841d2680502b0f6e4c0fc4,Dallas Love Field,1742915147,Irving,1742973454,2025-03-26,1742973454,1742999183,37,25729,2025,3,,,
07514aa5eda877a8538f33c9a1c4169c1ae7a4ed,DFW Airport,1742935416,Grapevine,1743017734,2025-03-26,1743017734,1743035235,5,17501,2025,3,5.931151241534988,False,5.931151241534988
414af87710b161d63f2620b52366c653e215f2b4,DFW Airport,1743025972,Grapevine,1743026046,2025-03-26,1743026046,1743037840,10,11794,2025,3,5.931151241534988,False,5.931151241534988
75b63fab39873bea2db6ad12bb33f08d276f238e,DFW Airport,1743034163,Grapevine,1743034165,2025-03-26,1743034165,1743045886,19,11721,2025,3,5.931151241534988,False,5.931151241534988
07514aa5eda877a8538f33c9a1c4169c1ae7a4ed,DFW Airport,1743035235,Irving,1743039817,2025-03-26,1743039817,1743051501,11,11684,2025,3,5.931151241534988,False,5.931151241534988
940b425722bdfd9d03a2a5d76dc10acb3a519325,DFW Airport,1743050319,Southlake,1743055384,2025-03-27,1743055384,1743095283,4,39899,2025,3,5.931151241534988,False,5.931151241534988
940b425722bdfd9d03a2a5d76dc10acb3a519325,DFW Airport,1743050319,Westlake,1743055611,2025-03-27,1743055611,1743099955,6,44344,2025,3,5.931151241534988,False,5.931151241534988
118e82039a64a7b511c104c741d2e60538c81522,DFW Airport,1743084410,Euless,1743086160,2025-03-27,1743086160,1743118338,11,32178,2025,3,5.931151241534988,False,5.931151241534988
5227fdc6397c2071f7e7b3fb7731995e4f79aa3b,Dallas Love Field,1743092943,Dallas,1743092946,2025-03-27,1743092946,1743102573,3,9627,2025,3,,,
813ac2dbc2220bd5fdc5a52bc17a5905b0843736,DFW Airport,1743037793,Grapevine,1743106834,2025-03-27,1743106834,1743135447,4,28613,2025,3,5.931151241534988,False,5.931151241534988
8721fe9bed70456e897091a30a20552ecad74d78,DFW Airport,1743142310,Fort Worth,1743146200,2025-03-28,1743146200,1743203835,29,57635,2025,3,5.931151241534988,False,5.931151241534988
8721fe9bed70456e897091a30a20552ecad74d78,DFW Airport,1743142310,Arlington,1743147270,2025-03-28,1743147270,1743164747,6,17477,2025,3,5.931151241534988,False,5.931151241534988
8721fe9bed70456e897091a30a20552ecad74d78,DFW Airport,1743142310,Grand Prairie,1743148046,2025-03-28,1743148046,1743165719,9,17673,2025,3,5.931151241534988,False,5.931151241534988
900be12584a3dd8d14e1672643a8c58814a0205b,DFW Airport,1743148523,Grapevine,1743148525,2025-03-28,1743148525,1743159508,19,10983,2025,3,5.931151241534988,False,5.931151241534988
813ac2dbc2220bd5fdc5a52bc17a5905b0843736,DFW Airport,1743135443,Grapevine,1743195280,2025-03-28,1743195280,1743208338,21,13058,2025,3,5.931151241534988,False,5.931151241534988
b8fc44d2945c8aebe3ef81d247e0119ebf479d55,DFW Airport,1743203178,Grapevine,1743203285,2025-03-28,1743203285,1743218361,4,15076,2025,3,5.931151241534988,False,5.931151241534988
65c6801ffad9627204a075ab6b8af797ac82345d,Dallas Love Field,1743207936,Euless,1743216170,2025-03-28,1743216170,1743224384,61,8214,2025,3,,,
65c6801ffad9627204a075ab6b8af797ac82345d,Dallas Love Field,1743207936,Euless,1743224682,2025-03-29,1743224682,1743288214,219,63532,2025,3,,,
fbc2067f49f972f45e9d76d46679545621ba86d8,Dallas Love Field,1743208044,Fort Worth,1743261560,2025-03-29,1743261560,1743271366,12,9806,2025,3,,,
bfe606ec599fa0f0d8d03ba4aec3db1464782580,DFW Airport,1743262734,Grapevine,1743262738,2025-03-29,1743262738,1743271272,7,8534,2025,3,5.931151241534988,False,5.931151241534988
f7d5eecb502ceda0ee17f96c094f7f379ea55c77,Dallas Love Field,1743264466,Dallas,1743264476,2025-03-29,1743264476,1743272555,38,8079,2025,3,,,
079a8ad0e0d8b3f382c9ee0f7e6801663d76cd71,DFW Airport,1743276566,Grapevine,1743296606,2025-03-29,1743296606,1743308698,9,12092,2025,3,5.931151241534988,False,5.931151241534988
bad99f882beb3cfb4ee551de007d4212ed48cbe4,DFW Airport,1743363029,Grapevine,1743363030,2025-03-30,1743363030,1743372085,19,9055,2025,3,5.931151241534988,False,5.931151241534988
5949658184213e8c24e5165379e3f0bc2d4de847,DFW Airport,1743394281,Fort Worth,1743397248,2025-03-31,1743397248,1743478932,302,81684,2025,3,5.931151241534988,False,5.931151241534988
ba42f053c70e7c4b0a492782b218adeeaeffe123,DFW Airport,1743391131,Frisco,1743400094,2025-03-31,1743400094,1743463684,69,63590,2025,3,5.931151241534988,False,5.931151241534988
de75dd36befd6876ff87e4e6539af17a2c21106d,DFW Airport,1743425720,Grapevine,1743425721,2025-03-31,1743425721,1743435148,14,9427,2025,3,5.931151241534988,False,5.931151241534988
ba42f053c70e7c4b0a492782b218adeeaeffe123,DFW Airport,1743391131,Allen,1743426331,2025-03-31,1743426331,1743457174,40,30843,2025,3,5.931151241534988,False,5.931151241534988
a9815b6c45013a754405d3ef8b13f862c187b379,Dallas Love Field,1743435052,Dallas,1743435290,2025-03-31,1743435290,1743477357,327,42067,2025,3,,,
5949658184213e8c24e5165379e3f0bc2d4de847,DFW Airport,1743394281,Arlington,1743457300,2025-03-31,1743457300,1743469352,262,12052,2025,3,5.931151241534988,False,5.931151241534988
bac5fc30e7895174b83b36f55af5cd89b04530e9,Dallas Love Field,1743463203,Dallas,1743464452,2025-03-31,1743464452,1743473537,37,9085,2025,3,,,
a9815b6c45013a754405d3ef8b13f862c187b379,Dallas Love Field,1743466200,Dallas,1743505213,2025-04-01,1743505213,1743520282,148,15069,2025,4,,,
39e8d26d90ee209fed64b1d0db57d1b1590ad205,Dallas Love Field,1743527884,Dallas,1743527888,2025-04-01,1743527888,1743563726,4,35838,2025,4,,,
69b865fc341c33df4e5600a0976bd8b4cb44696c,Dallas Love Field,1743554216,Dallas,1743582742,2025-04-02,1743582742,1743639418,49,56676,2025,4,,,
6d5e9ce8805b1be586ccf4a4d5a819191154f44d,DFW Airport,1743596811,Grapevine,1743603270,2025-04-02,1743603270,1743619295,9,16025,2025,4,5.3230209281164695,False,5.3230209281164695
3bb56b4eca26e43fcd0228efcd967b6c5fb4e441,Dallas Love Field,1743642420,Grapevine,1743658135,2025-04-03,1743658135,1743730179,244,72044,2025,4,,,
11818d9549a03eb8aae5d615229eba5e328a93d1,DFW Airport,1743648087,Dallas,1743694522,2025-04-03,1743694522,1743706577,7,12055,2025,4,5.3230209281164695,False,5.3230209281164695
d8230f237cf82f04caff24596b41ccb5d18fde7f,Dallas Love Field,1743694356,Fort Worth,1743697179,2025-04-03,1743697179,1743742739,379,45560,2025,4,,,
d8230f237cf82f04caff24596b41ccb5d18fde7f,Dallas Love Field,1743725156,Fort Worth,1743742890,2025-04-04,1743742890,1743780618,338,37728,2025,4,,,
813ac2dbc2220bd5fdc5a52bc17a5905b0843736,DFW Airport,1743714341,Grapevine,1743742931,2025-04-04,1743742931,1743827529,17,84598,2025,4,5.3230209281164695,False,5.3230209281164695
813ac2dbc2220bd5fdc5a52bc17a5905b0843736,DFW Airport,1743714341,Irving,1743757703,2025-04-04,1743757703,1743802978,4,45275,2025,4,5.3230209281164695,False,5.3230209281164695
a9815b6c45013a754405d3ef8b13f862c187b379,Dallas Love Field,1743785564,Dallas,1743785579,2025-04-04,1743785579,1743795117,18,9538,2025,4,,,
54ee5408d5b63fff3317d6e18652e04fc316a693,DFW Airport,1743855260,Grapevine,1743855261,2025-04-05,1743855261,1743867147,4,11886,2025,4,5.3230209281164695,False,5.3230209281164695
3bb56b4eca26e43fcd0228efcd967b6c5fb4e441,Dallas Love Field,1743886116,Dallas,1743886126,2025-04-05,1743886126,1743895666,62,9540,2025,4,,,
b967b9c42c762fdd2096e05e754e81045974a945,DFW Airport,1743935630,Euless,1743966651,2025-04-06,1743966651,1743979897,12,13246,2025,4,5.3230209281164695,False,5.3230209281164695
acaa10554937c8ee86552ffca35a1d93610f3633,Dallas Love Field,1744040107,Fort Worth,1744046040,2025-04-07,1744046040,1744087408,28,41368,2025,4,,,
b3f232101edcbffa8322485ff632b0772919f715,DFW Airport,1744202374,Grapevine,1744202423,2025-04-09,1744202423,1744209635,5,7212,2025,4,5.3230209281164695,False,5.3230209281164695
97c0d41d21cdb6175bf7d4d21e3271a573c3f8a5,DFW Airport,1744220334,Grapevine,1744220335,2025-04-09,1744220335,1744252178,12,31843,2025,4,5.3230209281164695,False,5.3230209281164695
07514aa5eda877a8538f33c9a1c4169c1ae7a4ed,DFW Airport,1744246085,Irving,1744249417,2025-04-09,1744249417,1744261103,13,11686,2025,4,5.3230209281164695,False,5.3230209281164695
813ac2dbc2220bd5fdc5a52bc17a5905b0843736,DFW Airport,1744331885,Irving,1744362046,2025-04-11,1744362046,1744397037,4,34991,2025,4,5.3230209281164695,False,5.3230209281164695
851f2719528f862f781192cb89d4f3980720d0d9,Dallas Love Field,1744372777,Dallas,1744375586,2025-04-11,1744375586,1744382788,2,7202,2025,4,,,
6bf0844a7d40ae7e17a3a70d00dd7d113d6b88c5,Dallas Love Field,1744400748,Dallas,1744400960,2025-04-11,1744400960,1744409553,39,8593,2025,4,,,
3ea260e3438b346d5ed195468ce366c94317ba96,DFW Airport,1744416678,Grapevine,1744416715,2025-04-11,1744416715,1744425069,9,8354,2025,4,5.3230209281164695,False,5.3230209281164695
c440d90f01e35722969996fb48fb916a4547d82a,Dallas Love Field,1744436853,Dallas,1744436857,2025-04-12,1744436857,1744513188,42,76331,2025,4,,,
776c4fa37d0b3760fa3c51158791a20f1c01affc,DFW Airport,1744422359,Arlington,1744438176,2025-04-12,1744438176,1744493635,6,55459,2025,4,5.3230209281164695,False,5.3230209281164695
6bf0844a7d40ae7e17a3a70d00dd7d113d6b88c5,Dallas Love Field,1744400748,Grapevine,1744444854,2025-04-12,1744444854,1744462906,21,18052,2025,4,,,
94f04380b3d3fc9f8a621382dc462dd55793c3f9,Dallas Love Field,1744392451,Corsicana,1744452734,2025-04-12,1744452734,1744476201,18,23467,2025,4,,,
307c249ffa8909bca3d743686aee87ec9abeae87,DFW Airport,1744478030,Grapevine,1744478038,2025-04-12,1744478038,1744486146,32,8108,2025,4,5.3230209281164695,False,5.3230209281164695
ca5590d0f99509c0c8cbbb849a759191a77af25a,DFW Airport,1744519171,Grapevine,1744521362,2025-04-13,1744521362,1744552179,55,30817,2025,4,5.3230209281164695,False,5.3230209281164695
c440d90f01e35722969996fb48fb916a4547d82a,Dallas Love Field,1744531665,Nevada,1744541212,2025-04-13,1744541212,1744573056,14,31844,2025,4,,,
0c1a74ff07eb6726b3d9313bc0b5885a07e8163e,DFW Airport,1744551902,Lantana,1744563641,2025-04-13,1744563641,1744604967,30,41326,2025,4,5.3230209281164695,False,5.3230209281164695
d0f35e763c73eb4bc95f34423fe73a733cd75c9e,DFW Airport,1744574866,Grapevine,1744575135,2025-04-13,1744575135,1744587227,12,12092,2025,4,5.3230209281164695,False,5.3230209281164695
d0f35e763c73eb4bc95f34423fe73a733cd75c9e,DFW Airport,1744574866,Fort Worth,1744586360,2025-04-13,1744586360,1744594499,9,8139,2025,4,5.3230209281164695,False,5.3230209281164695
5d769598660fb2486710fe3ec314503b5fd2d2c2,Dallas Love Field,1744629099,Dallas,1744629202,2025-04-14,1744629202,1744690544,490,61342,2025,4,,,
de75dd36befd6876ff87e4e6539af17a2c21106d,DFW Airport,1744628485,Grapevine,1744632141,2025-04-14,1744632141,1744650154,3,18013,2025,4,5.3230209281164695,False,5.3230209281164695
47ce9ec89da93ed7fcb75fc8738cc811fce6fa40,DFW Airport,1744647540,Grapevine,1744647543,2025-04-14,1744647543,1744654936,14,7393,2025,4,5.3230209281164695,False,5.3230209281164695
fbc2067f49f972f45e9d76d46679545621ba86d8,Dallas Love Field,1744673442,Dallas,1744673579,2025-04-14,1744673579,1744685099,20,11520,2025,4,,,
813ac2dbc2220bd5fdc5a52bc17a5905b0843736,DFW Airport,1744687531,Irving,1744700761,2025-04-15,1744700761,1744743198,21,42437,2025,4,5.3230209281164695,False,5.3230209281164695
fbc2067f49f972f45e9d76d46679545621ba86d8,Dallas Love Field,1744673442,Dallas,1744714782,2025-04-15,1744714782,1744767765,26,52983,2025,4,,,
55a8e6264094eed6789e77df4e11d8aa99b78b30,DFW Airport,1744694427,Arlington,1744721407,2025-04-15,1744721407,1744745792,16,24385,2025,4,5.3230209281164695,False,5.3230209281164695
851f2719528f862f781192cb89d4f3980720d0d9,Dallas Love Field,1744735860,Dallas,1744735863,2025-04-15,1744735863,1744774956,21,39093,2025,4,,,
a7699b89158e4469c54718d67fdf453f511fc870,DFW Airport,1744734911,Grand Prairie,1744736837,2025-04-15,1744736837,1744770767,163,33930,2025,4,5.3230209281164695,False,5.3230209281164695
a7699b89158e4469c54718d67fdf453f511fc870,DFW Airport,1744734911,Arlington,1744736951,2025-04-15,1744736951,1744779485,420,42534,2025,4,5.3230209281164695,False,5.3230209281164695
c5f6e90048ca957f8c33681b1343ad7b3847cc6e,DFW Airport,1744742132,Coppell,1744743394,2025-04-15,1744743394,1744754736,11,11342,2025,4,5.3230209281164695,False,5.3230209281164695
a7699b89158e4469c54718d67fdf453f511fc870,DFW Airport,1744734911,Arlington,1744779700,2025-04-16,1744779700,1744822074,182,42374,2025,4,5.3230209281164695,False,5.3230209281164695
c60a8848cd71951ae064c2183052e0f07e05d251,DFW Airport,1744803373,Grapevine,1744804026,2025-04-16,1744804026,1744828742,13,24716,2025,4,5.3230209281164695,False,5.3230209281164695
fd996c7f248c605df2d14b4383c6d855f6258475,DFW Airport,1744810804,Grapevine,1744810850,2025-04-16,1744810850,1744865942,214,55092,2025,4,5.3230209281164695,False,5.3230209281164695
fd996c7f248c605df2d14b4383c6d855f6258475,DFW Airport,1744810804,Euless,1744811497,2025-04-16,1744811497,1744848699,26,37202,2025,4,5.3230209281164695,False,5.3230209281164695
926c0b1f42d76e97e18d97e1878e862c6e4d39b5,DFW Airport,1744812741,Grapevine,1744812796,2025-04-16,1744812796,1744826775,12,13979,2025,4,5.3230209281164695,False,5.3230209281164695
fd996c7f248c605df2d14b4383c6d855f6258475,DFW Airport,1744810804,Fort Worth,1744813186,2025-04-16,1744813186,1744848048,54,34862,2025,4,5.3230209281164695,False,5.3230209281164695
fd996c7f248c605df2d14b4383c6d855f6258475,DFW Airport,1744810804,Bedford,1744813375,2025-04-16,1744813375,1744848642,15,35267,2025,4,5.3230209281164695,False,5.3230209281164695
fd996c7f248c605df2d14b4383c6d855f6258475,DFW Airport,1744810804,Hurst,1744813645,2025-04-16,1744813645,1744848377,7,34732,2025,4,5.3230209281164695,False,5.3230209281164695
fd996c7f248c605df2d14b4383c6d855f6258475,DFW Airport,1744810804,North Richland Hills,1744813699,2025-04-16,1744813699,1744848344,8,34645,2025,4,5.3230209281164695,False,5.3230209281164695
fd996c7f248c605df2d14b4383c6d855f6258475,DFW Airport,1744810804,Willow Park,1744815616,2025-04-16,1744815616,1744846134,6,30518,2025,4,5.3230209281164695,False,5.3230209281164695
fd996c7f248c605df2d14b4383c6d855f6258475,DFW Airport,1744810804,Hudson Oaks,1744815778,2025-04-16,1744815778,1744845972,4,30194,2025,4,5.3230209281164695,False,5.3230209281164695
fd996c7f248c605df2d14b4383c6d855f6258475,DFW Airport,1744810804,Weatherford,1744815940,2025-04-16,1744815940,1744845864,19,29924,2025,4,5.3230209281164695,False,5.3230209281164695
0320b421e0429f9e30d02d36838cc0a1b7a7d34b,DFW Airport,1744828550,Grapevine,1744828556,2025-04-16,1744828556,1744850076,6,21520,2025,4,5.3230209281164695,False,5.3230209281164695
c60a8848cd71951ae064c2183052e0f07e05d251,DFW Airport,1744803373,Grand Prairie,1744851774,2025-04-16,1744851774,1744863178,6,11404,2025,4,5.3230209281164695,False,5.3230209281164695
fd996c7f248c605df2d14b4383c6d855f6258475,DFW Airport,1744810804,Grapevine,1744866018,2025-04-17,1744866018,1744915013,266,48995,2025,4,5.3230209281164695,False,5.3230209281164695
c60a8848cd71951ae064c2183052e0f07e05d251,DFW Airport,1744803373,Grand Prairie,1744866836,2025-04-17,1744866836,1744951993,30,85157,2025,4,5.3230209281164695,False,5.3230209281164695
813ac2dbc2220bd5fdc5a52bc17a5905b0843736,DFW Airport,1744852193,Irving,1744868708,2025-04-17,1744868708,1744876052,8,7344,2025,4,5.3230209281164695,False,5.3230209281164695
118e82039a64a7b511c104c741d2e60538c81522,DFW Airport,1744898883,Euless,1744899424,2025-04-17,1744899424,1744932735,6,33311,2025,4,5.3230209281164695,False,5.3230209281164695
776c4fa37d0b3760fa3c51158791a20f1c01affc,DFW Airport,1744928673,Grapevine,1744928731,2025-04-17,1744928731,1744940487,6,11756,2025,4,5.3230209281164695,False,5.3230209281164695
8290b3db5803dba557d8c6bb37fe06eeb194a182,Dallas Love Field,1744934333,Dallas,1744934623,2025-04-17,1744934623,1744950498,375,15875,2025,4,,,
813ac2dbc2220bd5fdc5a52bc17a5905b0843736,DFW Airport,1744939433,Grapevine,1744939436,2025-04-17,1744939436,1744947583,5,8147,2025,4,5.3230209281164695,False,5.3230209281164695
c60a8848cd71951ae064c2183052e0f07e05d251,DFW Airport,1744889227,Grand Prairie,1744952524,2025-04-18,1744952524,1744968846,30,16322,2025,4,5.3230209281164695,False,5.3230209281164695
8290b3db5803dba557d8c6bb37fe06eeb194a182,Dallas Love Field,1744934623,Dallas,1744952967,2025-04-18,1744952967,1745020381,672,67414,2025,4,,,
8cfba112da1b25eeb29fd0959ccb1722daecfb20,DFW Airport,1744948177,Grapevine,1744960898,2025-04-18,1744960898,1744968810,2,7912,2025,4,5.3230209281164695,False,5.3230209281164695
8063edfd9d583c6342046b0bb6a7a0f5f8a65664,Dallas Love Field,1744997516,Dallas,1744998802,2025-04-18,1744998802,1745017472,19,18670,2025,4,,,
23f75108d3f891189b670150a6d4bc26827b0774,DFW Airport,1745012003,Grapevine,1745012007,2025-04-18,1745012007,1745024408,34,12401,2025,4,5.3230209281164695,False,5.3230209281164695
f969192c1e7964dda353ec85f48faaf9495d97dd,DFW Airport,1745042562,Grapevine,1745042568,2025-04-19,1745042568,1745066378,5,23810,2025,4,5.3230209281164695,False,5.3230209281164695
ae34e5b655f49765fa26a21cef464aeccafbe3e0,DFW Airport,1745038756,Grapevine,1745053171,2025-04-19,1745053171,1745061900,3,8729,2025,4,5.3230209281164695,False,5.3230209281164695
ba42f053c70e7c4b0a492782b218adeeaeffe123,DFW Airport,1745023809,Frisco,1745071835,2025-04-19,1745071835,1745110185,141,38350,2025,4,5.3230209281164695,False,5.3230209281164695
ba42f053c70e7c4b0a492782b218adeeaeffe123,DFW Airport,1745023809,Plano,1745072495,2025-04-19,1745072495,1745087966,40,15471,2025,4,5.3230209281164695,False,5.3230209281164695
be15250198b782e641a65e4b01aa9aacc577957e,Dallas Love Field,1745074514,Dallas,1745074575,2025-04-19,1745074575,1745092073,12,17498,2025,4,,,
b9c471096eeccb3685d95da46fea3acc6fa38ef6,DFW Airport,1745076865,Grapevine,1745097411,2025-04-19,1745097411,1745110249,9,12838,2025,4,5.3230209281164695,False,5.3230209281164695
635131ecaa614c7c291116c1d696985518995274,DFW Airport,1745062926,Bedford,1745097870,2025-04-19,1745097870,1745106978,6,9108,2025,4,5.3230209281164695,False,5.3230209281164695
eae2a38df04fb4ddd920bba8b9dbb8a03e3ddaac,DFW Airport,1745097087,Grapevine,1745110046,2025-04-19,1745110046,1745121122,92,11076,2025,4,5.3230209281164695,False,5.3230209281164695
8ccff45236766ff0ce2ad2c25b9ee6c926ae4924,DFW Airport,1745147383,Grapevine,1745147384,2025-04-20,1745147384,1745154956,9,7572,2025,4,5.3230209281164695,False,5.3230209281164695
cc3d28c818c38a20aaa47fd48932b40f65536d74,DFW Airport,1745150009,Irving,1745153851,2025-04-20,1745153851,1745161719,50,7868,2025,4,5.3230209281164695,False,5.3230209281164695
24949d66e88ffbae8031a222887529d3488d288b,DFW Airport,1745156959,Grapevine,1745156962,2025-04-20,1745156962,1745168993,15,12031,2025,4,5.3230209281164695,False,5.3230209281164695
333ef4992672fafd9a8ed7490252a0a49d9341a6,DFW Airport,1745164527,Fort Worth,1745173251,2025-04-20,1745173251,1745191604,6,18353,2025,4,5.3230209281164695,False,5.3230209281164695
8290b3db5803dba557d8c6bb37fe06eeb194a182,Dallas Love Field,1745198578,Dallas,1745198583,2025-04-20,1745198583,1745206352,42,7769,2025,4,,,
0f8a8b6e173b1210d7c1e970687298459e569497,Dallas Love Field,1745183148,Fort Worth,1745228673,2025-04-21,1745228673,1745257388,8,28715,2025,4,,,
4cf03ddc54ebf929b0d3ba06ddb1ec9256c8d525,DFW Airport,1745196817,Grapevine,1745244534,2025-04-21,1745244534,1745267466,4,22932,2025,4,5.3230209281164695,False,5.3230209281164695
e277d3e0f124b6a567fab63030942ad9a7c4f418,DFW Airport,1745249862,Grapevine,1745249863,2025-04-21,1745249863,1745258564,60,8701,2025,4,5.3230209281164695,False,5.3230209281164695
47ce9ec89da93ed7fcb75fc8738cc811fce6fa40,DFW Airport,1745255044,Grapevine,1745255084,2025-04-21,1745255084,1745262439,10,7355,2025,4,5.3230209281164695,False,5.3230209281164695
813ac2dbc2220bd5fdc5a52bc17a5905b0843736,DFW Airport,1745293834,Irving,1745316797,2025-04-22,1745316797,1745340347,11,23550,2025,4,5.3230209281164695,False,5.3230209281164695
ea1b5aec8ca77a8c8a72daf1e36ebc07dda90afc,Dallas Love Field,1745328333,Dallas,1745328710,2025-04-22,1745328710,1745382404,15,53694,2025,4,,,
55a8e6264094eed6789e77df4e11d8aa99b78b30,DFW Airport,1745302565,Arlington,1745328904,2025-04-22,1745328904,1745353296,23,24392,2025,4,5.3230209281164695,False,5.3230209281164695
9c408fcfcf8b12efc956b38d7c6a2b68691cc9b5,Dallas Love Field,1745270618,Dallas,1745343600,2025-04-22,1745343600,1745372463,50,28863,2025,4,,,
cfa59c0e946da18888a7ce77d9687d64a178f3d8,DFW Airport,1745352764,Dallas,1745356640,2025-04-22,1745356640,1745364164,2,7524,2025,4,5.3230209281164695,False,5.3230209281164695
ce87f407623492128a8d406262005bc9b355c6de,Dallas Love Field,1745389600,Lantana,1745393340,2025-04-23,1745393340,1745400664,19,7324,2025,4,,,
1d76031adfd9bcdae1ad8cf26cb05cfd9f5b4442,DFW Airport,1745402375,Grapevine,1745403563,2025-04-23,1745403563,1745412343,7,8780,2025,4,5.3230209281164695,False,5.3230209281164695
851f2719528f862f781192cb89d4f3980720d0d9,Dallas Love Field,1745409374,Dallas,1745409379,2025-04-23,1745409379,1745418318,15,8939,2025,4,,,
4afc7882b821b9e23d95ec3682a7f1e83fe94865,DFW Airport,1745416090,Grapevine,1745421310,2025-04-23,1745421310,1745450438,17,29128,2025,4,5.3230209281164695,False,5.3230209281164695
a66d897edf68ed1e6a9f20f1ba9e0a91c158fe2f,Dallas Love Field,1745436559,Dallas,1745436564,2025-04-23,1745436564,1745445751,95,9187,2025,4,,,
f79a0dcd9ee03bfcf8910be8404f5bc6be675944,Dallas Love Field,1745436499,Dallas,1745436649,2025-04-23,1745436649,1745445630,79,8981,2025,4,,,
f79a0dcd9ee03bfcf8910be8404f5bc6be675944,Dallas Love Field,1745436499,Plano,1745445761,2025-04-23,1745445761,1745470799,215,25038,2025,4,,,
a66d897edf68ed1e6a9f20f1ba9e0a91c158fe2f,Dallas Love Field,1745436559,Plano,1745445808,2025-04-23,1745445808,1745466936,93,21128,2025,4,,,
2d4fdd6c0a43e605f3c31a5a3b8fe84264eef5ac,Dallas Love Field,1745451323,Dallas,1745454664,2025-04-23,1745454664,1745462976,19,8312,2025,4,,,
f79a0dcd9ee03bfcf8910be8404f5bc6be675944,Dallas Love Field,1745436499,Plano,1745470927,2025-04-24,1745470927,1745522702,526,51775,2025,4,,,
fddc194850c4f578314e0807e0b7dcc8ae351c43,DFW Airport,1745478972,Grapevine,1745478979,2025-04-24,1745478979,1745505398,61,26419,2025,4,5.3230209281164695,False,5.3230209281164695
08037e37b76a133a58702b49b0d6655dd757ea82,DFW Airport,1745458627,Grapevine,1745481287,2025-04-24,1745481287,1745494848,36,13561,2025,4,5.3230209281164695,False,5.3230209281164695
a66d897edf68ed1e6a9f20f1ba9e0a91c158fe2f,Dallas Love Field,1745455003,Plano,1745481640,2025-04-24,1745481640,1745522702,76,41062,2025,4,,,
1d76031adfd9bcdae1ad8cf26cb05cfd9f5b4442,DFW Airport,1745402375,Lewisville,1745485973,2025-04-24,1745485973,1745557128,17,71155,2025,4,5.3230209281164695,False,5.3230209281164695
1d76031adfd9bcdae1ad8cf26cb05cfd9f5b4442,DFW Airport,1745402375,Grapevine,1745486644,2025-04-24,1745486644,1745519065,28,32421,2025,4,5.3230209281164695,False,5.3230209281164695
86b2856586ec06558b209f137bd942c8169131fb,DFW Airport,1745487697,Grapevine,1745487699,2025-04-24,1745487699,1745499196,32,11497,2025,4,5.3230209281164695,False,5.3230209281164695
f161f6f5902a4a54f57fc76415398d04a65f1733,DFW Airport,1745487764,Grapevine,1745487765,2025-04-24,1745487765,1745512048,16,24283,2025,4,5.3230209281164695,False,5.3230209281164695
7ef62050b13fb3886bf19ecad6e93e062d98bf07,DFW Airport,1745492794,Grapevine,1745492797,2025-04-24,1745492797,1745516056,50,23259,2025,4,5.3230209281164695,False,5.3230209281164695
ca0ce402d6f7511be1feb404718e0ca371549d88,Dallas Love Field,1745494081,Dallas,1745494085,2025-04-24,1745494085,1745507086,47,13001,2025,4,,,
697feca67ae4feb9ef40fb86a6cd35a5e00bf66d,DFW Airport,1745446882,Celina,1745494612,2025-04-24,1745494612,1745530494,5,35882,2025,4,5.3230209281164695,False,5.3230209281164695
118e82039a64a7b511c104c741d2e60538c81522,DFW Airport,1745500978,Euless,1745501523,2025-04-24,1745501523,1745540236,36,38713,2025,4,5.3230209281164695,False,5.3230209281164695
697feca67ae4feb9ef40fb86a6cd35a5e00bf66d,DFW Airport,1745446882,Frisco,1745502969,2025-04-24,1745502969,1745527915,16,24946,2025,4,5.3230209281164695,False,5.3230209281164695
5ce3888bef77f34726ef6344aee6c8ed6d89ca91,Dallas Love Field,1745430798,Dallas,1745505456,2025-04-24,1745505456,1745531086,4,25630,2025,4,,,
6d5e9ce8805b1be586ccf4a4d5a819191154f44d,DFW Airport,1745507041,Grapevine,1745507047,2025-04-24,1745507047,1745521094,14,14047,2025,4,5.3230209281164695,False,5.3230209281164695
a66d897edf68ed1e6a9f20f1ba9e0a91c158fe2f,Dallas Love Field,1745436559,Dallas,1745511272,2025-04-24,1745511272,1745520953,258,9681,2025,4,,,
f79a0dcd9ee03bfcf8910be8404f5bc6be675944,Dallas Love Field,1745452993,Dallas,1745511278,2025-04-24,1745511278,1745520873,246,9595,2025,4,,,
0df48a035d34347617c8c8427168b2ee104dcd28,DFW Airport,1745513084,Grapevine,1745513086,2025-04-24,1745513086,1745530904,7,17818,2025,4,5.3230209281164695,False,5.3230209281164695
697feca67ae4feb9ef40fb86a6cd35a5e00bf66d,DFW Airport,1745494612,Dallas,1745514055,2025-04-24,1745514055,1745523788,8,9733,2025,4,5.3230209281164695,False,5.3230209281164695
3b76db1a83b7b1e282295cb511137d3851e8bc55,DFW Airport,1745458151,McKinney,1745515664,2025-04-24,1745515664,1745527952,10,12288,2025,4,5.3230209281164695,False,5.3230209281164695
494028f826ef5758d17668f99188c2e94fd33ad1,Dallas Love Field,1745515880,Dallas,1745515881,2025-04-24,1745515881,1745527529,51,11648,2025,4,,,
1942e7d525652e99054ed0e247874e003199339c,DFW Airport,1745522446,Grapevine,1745523780,2025-04-24,1745523780,1745550984,93,27204,2025,4,5.3230209281164695,False,5.3230209281164695
02506bae1f9e1a2d9a1bab73ab21e5b0c6ad93bc,DFW Airport,1745525206,Grapevine,1745525207,2025-04-24,1745525207,1745533078,14,7871,2025,4,5.3230209281164695,False,5.3230209281164695
813ac2dbc2220bd5fdc5a52bc17a5905b0843736,DFW Airport,1745525243,Grapevine,1745525245,2025-04-24,1745525245,1745554629,29,29384,2025,4,5.3230209281164695,False,5.3230209281164695
141e8044224819a199a1caf567e2613214a5f2f6,DFW Airport,1745529417,Grapevine,1745529418,2025-04-24,1745529418,1745551898,56,22480,2025,4,5.3230209281164695,False,5.3230209281164695
bfcd873922fd7129c69499d9b4fce3867a0d175b,DFW Airport,1745535133,Grapevine,1745535136,2025-04-24,1745535136,1745546826,9,11690,2025,4,5.3230209281164695,False,5.3230209281164695
afb5124bc760155cdcfcc345055d947a066c818c,DFW Airport,1745537220,Grapevine,1745537225,2025-04-24,1745537225,1745546208,10,8983,2025,4,5.3230209281164695,False,5.3230209281164695
1942e7d525652e99054ed0e247874e003199339c,DFW Airport,1745543070,McKinney,1745562753,2025-04-25,1745562753,1745577157,28,14404,2025,4,5.3230209281164695,False,5.3230209281164695
afb5124bc760155cdcfcc345055d947a066c818c,DFW Airport,1745537220,McKinney,1745563885,2025-04-25,1745563885,1745615924,72,52039,2025,4,5.3230209281164695,False,5.3230209281164695
851f2719528f862f781192cb89d4f3980720d0d9,Dallas Love Field,1745582377,Irving,1745583373,2025-04-25,1745583373,1745599746,6,16373,2025,4,,,
813ac2dbc2220bd5fdc5a52bc17a5905b0843736,DFW Airport,1745525243,Grapevine,1745584070,2025-04-25,1745584070,1745595785,25,11715,2025,4,5.3230209281164695,False,5.3230209281164695
851f2719528f862f781192cb89d4f3980720d0d9,Dallas Love Field,1745582377,Dallas,1745585183,2025-04-25,1745585183,1745628378,16,43195,2025,4,,,
813ac2dbc2220bd5fdc5a52bc17a5905b0843736,DFW Airport,1745525243,Irving,1745590465,2025-04-25,1745590465,1745631716,10,41251,2025,4,5.3230209281164695,False,5.3230209281164695
bfe606ec599fa0f0d8d03ba4aec3db1464782580,DFW Airport,1745591423,Grapevine,1745591425,2025-04-25,1745591425,1745604155,6,12730,2025,4,5.3230209281164695,False,5.3230209281164695
49fbb04eaa76661f68c57f6e00ddcaa90d63f1c8,DFW Airport,1745567013,Plano,1745594626,2025-04-25,1745594626,1745603449,94,8823,2025,4,5.3230209281164695,False,5.3230209281164695
a6093dd6f09bec303beb99c1097df4cb21edbdb8,DFW Airport,1745602212,Grapevine,1745602215,2025-04-25,1745602215,1745612398,95,10183,2025,4,5.3230209281164695,False,5.3230209281164695
8063edfd9d583c6342046b0bb6a7a0f5f8a65664,Dallas Love Field,1745605020,Dallas,1745605022,2025-04-25,1745605022,1745624975,74,19953,2025,4,,,
5ce3888bef77f34726ef6344aee6c8ed6d89ca91,Dallas Love Field,1745530143,Dallas,1745606468,2025-04-25,1745606468,1745634886,13,28418,2025,4,,,
b8fc44d2945c8aebe3ef81d247e0119ebf479d55,DFW Airport,1745622472,Grapevine,1745622652,2025-04-25,1745622652,1745639699,25,17047,2025,4,5.3230209281164695,False,5.3230209281164695
4d8f0dc123b331eea9c1f2042eff09f4a524527c,Dallas Love Field,1745639955,Addison,1745643620,2025-04-26,1745643620,1745653183,13,9563,2025,4,,,
635131ecaa614c7c291116c1d696985518995274,DFW Airport,1745653064,Grapevine,1745653070,2025-04-26,1745653070,1745676519,12,23449,2025,4,5.3230209281164695,False,5.3230209281164695
851f2719528f862f781192cb89d4f3980720d0d9,Dallas Love Field,1745582377,Dallas,1745666932,2025-04-26,1745666932,1745699618,13,32686,2025,4,,,
9f4918bfa31f9d3ebb1b4110cbd318b3bfcbfa0d,DFW Airport,1745681280,Grapevine,1745681285,2025-04-26,1745681285,1745693555,13,12270,2025,4,5.3230209281164695,False,5.3230209281164695
be15250198b782e641a65e4b01aa9aacc577957e,Dallas Love Field,1745682103,Dallas,1745682107,2025-04-26,1745682107,1745699578,18,17471,2025,4,,,
692aa26c86a10f7545ce7b6e2a4511786d5e4437,DFW Airport,1745639606,Fort Worth,1745698225,2025-04-26,1745698225,1745717746,19,19521,2025,4,5.3230209281164695,False,5.3230209281164695
692aa26c86a10f7545ce7b6e2a4511786d5e4437,DFW Airport,1745639606,Arlington,1745699491,2025-04-26,1745699491,1745714261,3,14770,2025,4,5.3230209281164695,False,5.3230209281164695
692aa26c86a10f7545ce7b6e2a4511786d5e4437,DFW Airport,1745639606,Mansfield,1745699851,2025-04-26,1745699851,1745708127,3,8276,2025,4,5.3230209281164695,False,5.3230209281164695
635131ecaa614c7c291116c1d696985518995274,DFW Airport,1745653064,Bedford,1745705383,2025-04-26,1745705383,1745714491,5,9108,2025,4,5.3230209281164695,False,5.3230209281164695
eae2a38df04fb4ddd920bba8b9dbb8a03e3ddaac,DFW Airport,1745704590,Grapevine,1745706667,2025-04-26,1745706667,1745728624,38,21957,2025,4,5.3230209281164695,False,5.3230209281164695
1f4f211c760baae130c42d6b19931497d88455c2,DFW Airport,1745711259,Grapevine,1745711267,2025-04-26,1745711267,1745726156,10,14889,2025,4,5.3230209281164695,False,5.3230209281164695
26aefce1ecef083cb3e8891f63ca1491091e28ea,DFW Airport,1745681697,Fort Worth,1745712691,2025-04-26,1745712691,1745728207,43,15516,2025,4,5.3230209281164695,False,5.3230209281164695
ca5590d0f99509c0c8cbbb849a759191a77af25a,DFW Airport,1745732043,Grapevine,1745732047,2025-04-27,1745732047,1745764138,75,32091,2025,4,5.3230209281164695,False,5.3230209281164695
24949d66e88ffbae8031a222887529d3488d288b,DFW Airport,1745764461,Grapevine,1745764463,2025-04-27,1745764463,1745776646,61,12183,2025,4,5.3230209281164695,False,5.3230209281164695
8ba3b052d15fd5f9f54d373a68296f403cda3fe4,DFW Airport,1745770581,Grapevine,1745770585,2025-04-27,1745770585,1745792858,27,22273,2025,4,5.3230209281164695,False,5.3230209281164695
1f4f211c760baae130c42d6b19931497d88455c2,DFW Airport,1745722998,Grapevine,1745787808,2025-04-27,1745787808,1745797261,6,9453,2025,4,5.3230209281164695,False,5.3230209281164695
e8c04338224aa905d1c84caadf66442abebb5d0b,DFW Airport,1745788646,Grapevine,1745788648,2025-04-27,1745788648,1745799897,19,11249,2025,4,5.3230209281164695,False,5.3230209281164695
e569433b3f45c92c4693a4bcad6167494cb1219f,Dallas Love Field,1745787748,Plano,1745791378,2025-04-27,1745791378,1745799407,15,8029,2025,4,,,
e569433b3f45c92c4693a4bcad6167494cb1219f,Dallas Love Field,1745787748,Carrollton,1745849810,2025-04-28,1745849810,1745873977,18,24167,2025,4,,,
d595278d627fce46e3e5a2e104785d92b8ab70eb,DFW Airport,1745851881,Grapevine,1745851883,2025-04-28,1745851883,1745861064,22,9181,2025,4,5.3230209281164695,False,5.3230209281164695
b2900993ecc781f54e5c9ecbb9164b1dc1918f96,DFW Airport,1745856710,Grapevine,1745856711,2025-04-28,1745856711,1745878736,15,22025,2025,4,5.3230209281164695,False,5.3230209281164695
e569433b3f45c92c4693a4bcad6167494cb1219f,Dallas Love Field,1745798420,Plano,1745857410,2025-04-28,1745857410,1745869486,40,12076,2025,4,,,
47ce9ec89da93ed7fcb75fc8738cc811fce6fa40,DFW Airport,1745858876,Grapevine,1745859041,2025-04-28,1745859041,1745869943,19,10902,2025,4,5.3230209281164695,False,5.3230209281164695
a4cedb9665a12e1d8404154e55a825adf5686824,DFW Airport,1745859900,Grapevine,1745859903,2025-04-28,1745859903,1745867946,128,8043,2025,4,5.3230209281164695,False,5.3230209281164695
d7fc177a7b64d2be4da398f4ef7d55d245165a43,DFW Airport,1745857441,Grapevine,1745868717,2025-04-28,1745868717,1745890819,11,22102,2025,4,5.3230209281164695,False,5.3230209281164695
d7fc177a7b64d2be4da398f4ef7d55d245165a43,DFW Airport,1745885665,Grapevine,1745907372,2025-04-29,1745907372,1745938177,8,30805,2025,4,5.3230209281164695,False,5.3230209281164695
8ccff45236766ff0ce2ad2c25b9ee6c926ae4924,DFW Airport,1745839473,Grapevine,1745908323,2025-04-29,1745908323,1745961194,5,52871,2025,4,5.3230209281164695,False,5.3230209281164695
55a8e6264094eed6789e77df4e11d8aa99b78b30,DFW Airport,1745909297,Grapevine,1745909298,2025-04-29,1745909298,1745922909,4,13611,2025,4,5.3230209281164695,False,5.3230209281164695
55a8e6264094eed6789e77df4e11d8aa99b78b30,DFW Airport,1745909297,Arlington,1745931000,2025-04-29,1745931000,1745957855,33,26855,2025,4,5.3230209281164695,False,5.3230209281164695
746212e851d9380e1e321f13c2be889ba753e8c9,DFW Airport,1745931923,Grapevine,1745931946,2025-04-29,1745931946,1745941899,3,9953,2025,4,5.3230209281164695,False,5.3230209281164695
a647772ef203e7700cd5643d4b5a4dc465a8554a,DFW Airport,1745936405,Grapevine,1745937720,2025-04-29,1745937720,1745945717,5,7997,2025,4,5.3230209281164695,False,5.3230209281164695
f031cb60824758a885ea1f7d5ec30059f41d0e9d,Dallas Love Field,1745946193,Dallas,1745946200,2025-04-29,1745946200,1745954417,9,8217,2025,4,,,
1d76031adfd9bcdae1ad8cf26cb05cfd9f5b4442,DFW Airport,1746006699,Grapevine,1746007036,2025-04-30,1746007036,1746016610,5,9574,2025,4,5.3230209281164695,False,5.3230209281164695
6d5e9ce8805b1be586ccf4a4d5a819191154f44d,DFW Airport,1746016011,Grapevine,1746022471,2025-04-30,1746022471,1746038493,8,16022,2025,4,5.3230209281164695,False,5.3230209281164695
4afc7882b821b9e23d95ec3682a7f1e83fe94865,DFW Airport,1746019926,Grapevine,1746025726,2025-04-30,1746025726,1746054580,16,28854,2025,4,5.3230209281164695,False,5.3230209281164695
2d4fdd6c0a43e605f3c31a5a3b8fe84264eef5ac,Dallas Love Field,1746055899,Dallas,1746058212,2025-04-30,1746058212,1746067146,26,8934,2025,4,,,
ed33dc792788f9e52140df2c39fb505b596eba87,DFW Airport,1746058103,Arlington,1746060960,2025-04-30,1746060960,1746073744,28,12784,2025,5,5.267277268942548,False,5.267277268942548
86b2856586ec06558b209f137bd942c8169131fb,DFW Airport,1746088983,Grapevine,1746088998,2025-05-01,1746088998,1746103883,46,14885,2025,5,5.267277268942548,False,5.267277268942548
1d76031adfd9bcdae1ad8cf26cb05cfd9f5b4442,DFW Airport,1746006699,Grapevine,1746090642,2025-05-01,1746090642,1746123474,19,32832,2025,4,5.3230209281164695,False,5.3230209281164695
6d5e9ce8805b1be586ccf4a4d5a819191154f44d,DFW Airport,1746016011,Grapevine,1746097141,2025-05-01,1746097141,1746125783,85,28642,2025,4,5.3230209281164695,False,5.3230209281164695
7ef62050b13fb3886bf19ecad6e93e062d98bf07,DFW Airport,1746098283,Grapevine,1746098285,2025-05-01,1746098285,1746120265,6,21980,2025,5,5.267277268942548,False,5.267277268942548
118e82039a64a7b511c104c741d2e60538c81522,DFW Airport,1746105471,Euless,1746105790,2025-05-01,1746105790,1746139097,33,33307,2025,5,5.267277268942548,False,5.267277268942548
be8bd221695644c368d0d4c6e8bb5c038b0a1f88,DFW Airport,1746107205,Fort Worth,1746113213,2025-05-01,1746113213,1746138928,23,25715,2025,5,5.267277268942548,False,5.267277268942548
813ac2dbc2220bd5fdc5a52bc17a5905b0843736,DFW Airport,1746129249,Grapevine,1746129252,2025-05-01,1746129252,1746158887,19,29635,2025,5,5.267277268942548,False,5.267277268942548
02506bae1f9e1a2d9a1bab73ab21e5b0c6ad93bc,DFW Airport,1746129625,Grapevine,1746129628,2025-05-01,1746129628,1746137492,16,7864,2025,5,5.267277268942548,False,5.267277268942548
1942e7d525652e99054ed0e247874e003199339c,DFW Airport,1746133500,Grapevine,1746133507,2025-05-01,1746133507,1746154816,42,21309,2025,5,5.267277268942548,False,5.267277268942548
06da4a276ec22d18aef453e15ea13ba13c2fe243,Dallas Love Field,1746130950,Dallas,1746136557,2025-05-01,1746136557,1746146317,23,9760,2025,5,,,
4672b165b81b1298d2545001077ee3c54e13e57c,DFW Airport,1746135664,Fort Worth,1746137255,2025-05-01,1746137255,1746146395,14,9140,2025,5,5.267277268942548,False,5.267277268942548
bfcd873922fd7129c69499d9b4fce3867a0d175b,DFW Airport,1746139192,Grapevine,1746139196,2025-05-01,1746139196,1746151289,30,12093,2025,5,5.267277268942548,False,5.267277268942548
7ef62050b13fb3886bf19ecad6e93e062d98bf07,DFW Airport,1746098283,Arlington,1746147451,2025-05-01,1746147451,1746157108,37,9657,2025,5,5.267277268942548,False,5.267277268942548
1942e7d525652e99054ed0e247874e003199339c,DFW Airport,1746147401,McKinney,1746167323,2025-05-02,1746167323,1746181857,8,14534,2025,5,5.267277268942548,False,5.267277268942548
4672b165b81b1298d2545001077ee3c54e13e57c,DFW Airport,1746146368,Fort Worth,1746187616,2025-05-02,1746187616,1746219993,12,32377,2025,5,5.267277268942548,False,5.267277268942548
813ac2dbc2220bd5fdc5a52bc17a5905b0843736,DFW Airport,1746129249,Grapevine,1746187900,2025-05-02,1746187900,1746198548,18,10648,2025,5,5.267277268942548,False,5.267277268942548
b088a6f8ea4b0ade61916a631b1be3255d5ac789,Dallas Love Field,1746198338,Dallas,1746199605,2025-05-02,1746199605,1746221278,14,21673,2025,5,,,
a34e65ea8bf07fd4eacd68c6657e0fe65a165bf8,Dallas Love Field,1746205185,Dallas,1746205193,2025-05-02,1746205193,1746212788,31,7595,2025,5,,,
77cc339f08753e01a88a2aa0f9b0c9916d9c5811,DFW Airport,1746205821,Grapevine,1746205823,2025-05-02,1746205823,1746216228,4,10405,2025,5,5.267277268942548,False,5.267277268942548
a6093dd6f09bec303beb99c1097df4cb21edbdb8,DFW Airport,1746204997,Grapevine,1746206471,2025-05-02,1746206471,1746216346,37,9875,2025,5,5.267277268942548,False,5.267277268942548
20391eae9bb9a039cad72d5d410e5139bf3a3494,DFW Airport,1746209095,Grapevine,1746209097,2025-05-02,1746209097,1746229425,7,20328,2025,5,5.267277268942548,False,5.267277268942548
5ce3888bef77f34726ef6344aee6c8ed6d89ca91,Dallas Love Field,1746135774,Dallas,1746210805,2025-05-02,1746210805,1746239150,5,28345,2025,5,,,
b4139522a288e5aeafbcd98d10acc2287cc7981f,Dallas Love Field,1746210796,Dallas,1746213998,2025-05-02,1746213998,1746225593,69,11595,2025,5,,,
b8fc44d2945c8aebe3ef81d247e0119ebf479d55,DFW Airport,1746227043,Grapevine,1746227044,2025-05-02,1746227044,1746244403,16,17359,2025,5,5.267277268942548,False,5.267277268942548
3ea260e3438b346d5ed195468ce366c94317ba96,DFW Airport,1746230324,Grapevine,1746230440,2025-05-02,1746230440,1746239264,152,8824,2025,5,5.267277268942548,False,5.267277268942548
e4f4f1807df025ce93bc92b7b9e9c69c980e5b83,DFW Airport,1746231560,Grapevine,1746231561,2025-05-02,1746231561,1746242218,82,10657,2025,5,5.267277268942548,False,5.267277268942548
ce495d07e7a4f2d36c8199a137b70a1de1a28e9e,DFW Airport,1746283525,Grapevine,1746283528,2025-05-03,1746283528,1746306079,23,22551,2025,5,5.267277268942548,False,5.267277268942548
7b28d125802de85032b496f67f27683ebc880900,DFW Airport,1746284990,Grapevine,1746284997,2025-05-03,1746284997,1746296822,18,11825,2025,5,5.267277268942548,False,5.267277268942548
be15250198b782e641a65e4b01aa9aacc577957e,Dallas Love Field,1746286888,Dallas,1746286911,2025-05-03,1746286911,1746304306,5,17395,2025,5,,,
635131ecaa614c7c291116c1d696985518995274,DFW Airport,1746275231,Bedford,1746310163,2025-05-03,1746310163,1746319318,17,9155,2025,5,5.267277268942548,False,5.267277268942548
ce495d07e7a4f2d36c8199a137b70a1de1a28e9e,DFW Airport,1746283525,North Richland Hills,1746313797,2025-05-03,1746313797,1746330566,10,16769,2025,5,5.267277268942548,False,5.267277268942548
3c97fcfc471423f9bd2b224f63c0c1b523f7abb9,Dallas Love Field,1746315973,Dallas,1746315995,2025-05-03,1746315995,1746323442,46,7447,2025,5,,,
a5c8d1d3be25666326de3fcbe4deed2f1814e701,DFW Airport,1746314318,Grapevine,1746320402,2025-05-03,1746320402,1746330370,3,9968,2025,5,5.267277268942548,False,5.267277268942548
c527461d1d25fc77eec127f8c9ab64f159ed0d8d,DFW Airport,1746319684,Dallas,1746324200,2025-05-03,1746324200,1746332494,14,8294,2025,5,5.267277268942548,False,5.267277268942548
9a65ab197c8739bc3ee93d4e98cfb8d8c7ad55d6,DFW Airport,1746328598,Garland,1746334801,2025-05-04,1746334801,1746398526,69,63725,2025,5,5.267277268942548,False,5.267277268942548
c527461d1d25fc77eec127f8c9ab64f159ed0d8d,DFW Airport,1746319684,Dallas,1746340943,2025-05-04,1746340943,1746404603,36,63660,2025,5,5.267277268942548,False,5.267277268942548
24949d66e88ffbae8031a222887529d3488d288b,DFW Airport,1746369612,Grapevine,1746369616,2025-05-04,1746369616,1746381467,99,11851,2025,5,5.267277268942548,False,5.267277268942548
30c37c8bd9612f66e9bd8c7d032507952c779d53,Dallas Love Field,1746369858,Garland,1746374944,2025-05-04,1746374944,1746402341,27,27397,2025,5,,,
cc2dc266833800e1f2fe0d323eddb0ba87f85c2d,DFW Airport,1746387539,Richardson,1746390533,2025-05-04,1746390533,1746420942,44,30409,2025,5,5.267277268942548,False,5.267277268942548
e8c04338224aa905d1c84caadf66442abebb5d0b,DFW Airport,1746393443,Grapevine,1746393446,2025-05-04,1746393446,1746404710,26,11264,2025,5,5.267277268942548,False,5.267277268942548
dfce60d85e2d2435511278621e4ab4d731e59f81,DFW Airport,1746396156,Grapevine,1746396158,2025-05-04,1746396158,1746413936,25,17778,2025,5,5.267277268942548,False,5.267277268942548
474eef7fd7094c1d9ea143fa6ab751f12e380732,DFW Airport,1746394182,Fort Worth,1746397537,2025-05-04,1746397537,1746419005,30,21468,2025,5,5.267277268942548,False,5.267277268942548
6db6a3ba59a50b4740c8d8be046fe880006cb1de,DFW Airport,1746409702,Carrollton,1746412590,2025-05-04,1746412590,1746420576,11,7986,2025,5,5.267277268942548,False,5.267277268942548
4cdfeb24be19324b0898dd39e33c4cc2609b0766,DFW Airport,1746418259,Fort Worth,1746423968,2025-05-05,1746423968,1746501001,18,77033,2025,5,5.267277268942548,False,5.267277268942548
7cb8b4922b68a8d23293f940f8c0152a990286ff,DFW Airport,1746453316,Grapevine,1746453741,2025-05-05,1746453741,1746466823,7,13082,2025,5,5.267277268942548,False,5.267277268942548
a0fbc34b0f026d771f2b2fda0ab2b220262f238b,Dallas Love Field,1746461421,Dallas,1746461685,2025-05-05,1746461685,1746506466,295,44781,2025,5,,,
1b7a29658cf1f066b417e290d983f8936556acfb,DFW Airport,1746482550,Grapevine,1746482554,2025-05-05,1746482554,1746491291,17,8737,2025,5,5.267277268942548,False,5.267277268942548
a0fbc34b0f026d771f2b2fda0ab2b220262f238b,Dallas Love Field,1746499148,Dallas,1746511357,2025-05-06,1746511357,1746548115,127,36758,2025,5,,,
a647772ef203e7700cd5643d4b5a4dc465a8554a,DFW Airport,1746543213,Grapevine,1746543214,2025-05-06,1746543214,1746550555,3,7341,2025,5,5.267277268942548,False,5.267277268942548
49da9e8a1d6db60f57d156138917b9ef3a4f2343,Dallas Love Field,1746623531,Frisco,1746626137,2025-05-07,1746626137,1746680182,26,54045,2025,5,,,
bb161886f4cfeeec144ebd05fb192c6e555e2db2,DFW Airport,1746663741,Grapevine,1746663799,2025-05-07,1746663799,1746672418,24,8619,2025,5,5.267277268942548,False,5.267277268942548
f27d4844a5ef0d68e8c9f032ea2f1fcb51129d56,DFW Airport,1746639533,Weatherford,1746664397,2025-05-07,1746664397,1746676091,75,11694,2025,5,5.267277268942548,False,5.267277268942548
6e9c6cc7c3547d0a635c93b59bf329e468549404,DFW Airport,1746668116,Grapevine,1746668119,2025-05-07,1746668119,1746675636,74,7517,2025,5,5.267277268942548,False,5.267277268942548
49da9e8a1d6db60f57d156138917b9ef3a4f2343,Dallas Love Field,1746623531,Frisco,1746686717,2025-05-08,1746686717,1746707759,10,21042,2025,5,,,
301e8285e2001ec8c469703d56780da048e9c0aa,DFW Airport,1746692660,Grapevine,1746693237,2025-05-08,1746693237,1746706514,13,13277,2025,5,5.267277268942548,False,5.267277268942548
be8bd221695644c368d0d4c6e8bb5c038b0a1f88,DFW Airport,1746711986,Fort Worth,1746717943,2025-05-08,1746717943,1746743727,63,25784,2025,5,5.267277268942548,False,5.267277268942548
171e6382c03c22982de58c6710c52dc9e6fd7a87,Dallas Love Field,1746722589,Plano,1746724528,2025-05-08,1746724528,1746755258,98,30730,2025,5,,,
813ac2dbc2220bd5fdc5a52bc17a5905b0843736,DFW Airport,1746663086,Grapevine,1746734052,2025-05-08,1746734052,1746755703,16,21651,2025,5,5.267277268942548,False,5.267277268942548
24a9a577b1964e9541c5ca1eab3b05ef1e7f3415,DFW Airport,1746730707,Fort Worth,1746736730,2025-05-08,1746736730,1746755199,17,18469,2025,5,5.267277268942548,False,5.267277268942548
1942e7d525652e99054ed0e247874e003199339c,DFW Airport,1746741158,Grapevine,1746741160,2025-05-08,1746741160,1746754034,21,12874,2025,5,5.267277268942548,False,5.267277268942548
bfcd873922fd7129c69499d9b4fce3867a0d175b,DFW Airport,1746743892,Grapevine,1746743902,2025-05-08,1746743902,1746756068,76,12166,2025,5,5.267277268942548,False,5.267277268942548
171e6382c03c22982de58c6710c52dc9e6fd7a87,Dallas Love Field,1746722589,Plano,1746769979,2025-05-09,1746769979,1746809002,27,39023,2025,5,,,
a6093dd6f09bec303beb99c1097df4cb21edbdb8,DFW Airport,1746811277,Grapevine,1746811279,2025-05-09,1746811279,1746820309,24,9030,2025,5,5.267277268942548,False,5.267277268942548
20391eae9bb9a039cad72d5d410e5139bf3a3494,DFW Airport,1746814442,Grapevine,1746814451,2025-05-09,1746814451,1746834229,5,19778,2025,5,5.267277268942548,False,5.267277268942548
1475516f32b27eb14b93dbb7646ec52cece55ebb,Dallas Love Field,1746843919,The Colony,1746854751,2025-05-10,1746854751,1746929099,3,74348,2025,5,,,
bac361c3e8687403a184a1734b9067cb5b55b3b8,Dallas Love Field,1746907327,Dallas,1746907330,2025-05-10,1746907330,1746915629,2,8299,2025,5,,,
635131ecaa614c7c291116c1d696985518995274,DFW Airport,1746880031,Bedford,1746914946,2025-05-10,1746914946,1746924115,14,9169,2025,5,5.267277268942548,False,5.267277268942548
d085fb22bc35622b2d4f0c2f64823949c7db13f2,Dallas Love Field,1746922441,Dallas,1746922729,2025-05-10,1746922729,1746937456,27,14727,2025,5,,,
9a65ab197c8739bc3ee93d4e98cfb8d8c7ad55d6,DFW Airport,1746934017,Garland,1746939650,2025-05-11,1746939650,1746999553,19,59903,2025,5,5.267277268942548,False,5.267277268942548
7f2e59e1bbfa9c4feeaf0fb09d5bf6db2e8e8205,DFW Airport,1746954008,Grapevine,1746954642,2025-05-11,1746954642,1746969066,30,14424,2025,5,5.267277268942548,False,5.267277268942548
784cafd7fd33017d9948c59238121eeed03758cd,DFW Airport,1746954706,Grapevine,1746955117,2025-05-11,1746955117,1746982271,14,27154,2025,5,5.267277268942548,False,5.267277268942548
24949d66e88ffbae8031a222887529d3488d288b,DFW Airport,1746974398,Grapevine,1746974400,2025-05-11,1746974400,1746986248,76,11848,2025,5,5.267277268942548,False,5.267277268942548
8ba3b052d15fd5f9f54d373a68296f403cda3fe4,DFW Airport,1746977682,Grapevine,1746977686,2025-05-11,1746977686,1747002445,31,24759,2025,5,5.267277268942548,False,5.267277268942548
3ab47e79f8841db8200defd0232506b9c4a6c199,Dallas Love Field,1747002799,Dallas,1747011454,2025-05-11,1747011454,1747019720,6,8266,2025,5,,,
171e6382c03c22982de58c6710c52dc9e6fd7a87,Dallas Love Field,1747059815,Dallas,1747059848,2025-05-12,1747059848,1747067314,13,7466,2025,5,,,
f9a311319c02133b85750a66602a68df096e2b16,DFW Airport,1747174621,Grapevine,1747185747,2025-05-13,1747185747,1747194167,9,8420,2025,5,5.267277268942548,False,5.267277268942548
e711beb02dba73b89b9a5e040b382c8f1e2d88b5,DFW Airport,1747199287,Grapevine,1747199288,2025-05-14,1747199288,1747222214,28,22926,2025,5,5.267277268942548,False,5.267277268942548
61f79b88edf46e99ad332a565ee44afc79974434,Dallas Love Field,1747184921,Irving,1747200014,2025-05-14,1747200014,1747210820,2,10806,2025,5,,,
f9a311319c02133b85750a66602a68df096e2b16,DFW Airport,1747174621,Grapevine,1747201960,2025-05-14,1747201960,1747261544,29,59584,2025,5,5.267277268942548,False,5.267277268942548
5eff03363cfcffebf9e938179732d4d0f381172f,Dallas Love Field,1747194551,Arlington,1747202165,2025-05-14,1747202165,1747254051,15,51886,2025,5,,,
e711beb02dba73b89b9a5e040b382c8f1e2d88b5,DFW Airport,1747199287,Fort Worth,1747225465,2025-05-14,1747225465,1747240444,6,14979,2025,5,5.267277268942548,False,5.267277268942548
679a723d162df89bc348f7c74ba7b7d125b4faa4,DFW Airport,1747230773,Grapevine,1747231468,2025-05-14,1747231468,1747255173,8,23705,2025,5,5.267277268942548,False,5.267277268942548
61f79b88edf46e99ad332a565ee44afc79974434,Dallas Love Field,1747184921,Dallas,1747231520,2025-05-14,1747231520,1747271167,6,39647,2025,5,,,
679a723d162df89bc348f7c74ba7b7d125b4faa4,DFW Airport,1747230773,Irving,1747233627,2025-05-14,1747233627,1747255336,13,21709,2025,5,5.267277268942548,False,5.267277268942548
5eff03363cfcffebf9e938179732d4d0f381172f,Dallas Love Field,1747194551,Irving,1747255956,2025-05-14,1747255956,1747264322,6,8366,2025,5,,,
14a15f86d1c0aa47b32c7e2253567a769c843f25,DFW Airport,1747270633,Grapevine,1747271200,2025-05-14,1747271200,1747279293,6,8093,2025,5,5.267277268942548,False,5.267277268942548
7462f55001d9f81f933661219f49f5c30890c4e9,Dallas Love Field,1747274663,Grand Prairie,1747285552,2025-05-15,1747285552,1747327785,10,42233,2025,5,,,
f9a0cfcc5aa85c9160b320518d3cdacd02cf612d,DFW Airport,1747325515,Grapevine,1747330863,2025-05-15,1747330863,1747352893,6,22030,2025,5,5.267277268942548,False,5.267277268942548
1942e7d525652e99054ed0e247874e003199339c,DFW Airport,1747341653,Grapevine,1747343401,2025-05-15,1747343401,1747358830,15,15429,2025,5,5.267277268942548,False,5.267277268942548
bfcd873922fd7129c69499d9b4fce3867a0d175b,DFW Airport,1747348603,Grapevine,1747348781,2025-05-15,1747348781,1747360899,27,12118,2025,5,5.267277268942548,False,5.267277268942548
7731d5cee7b3ae53dc70db5b698ac095bb7a55ba,DFW Airport,1747365987,Fort Worth,1747372134,2025-05-16,1747372134,1747427387,10,55253,2025,5,5.267277268942548,False,5.267277268942548
f557a28ebef8d3309c9ab5174e2f3c6260b831a6,DFW Airport,1747405453,Fort Worth,1747410975,2025-05-16,1747410975,1747438125,4,27150,2025,5,5.267277268942548,False,5.267277268942548
8f0fe04a401e62f63cf12e295fb2e6caecccb999,DFW Airport,1747419789,Fort Worth,1747482089,2025-05-17,1747482089,1747504712,3,22623,2025,5,5.267277268942548,False,5.267277268942548
57ae5086866ea4e513e4487cd5ff0db1520172e9,Dallas Love Field,1747786455,Grapevine,1747790065,2025-05-20,1747790065,1747801185,5,11120,2025,5,,,
15e39435fe48380b75860ff247bfdd8ee541bd09,DFW Airport,1747788160,Grapevine,1747838597,2025-05-21,1747838597,1747860262,6,21665,2025,5,5.267277268942548,False,5.267277268942548
8e72b2751e5bfae2e2a3f472051e2c78c9f860d1,DFW Airport,1747840202,Grapevine,1747843223,2025-05-21,1747843223,1747851408,2,8185,2025,5,5.267277268942548,False,5.267277268942548
e064acbaaa893ec2b2be7460057ae276a3675361,DFW Airport,1747843438,North Richland Hills,1747850072,2025-05-21,1747850072,1747868125,3,18053,2025,5,5.267277268942548,False,5.267277268942548
8e72b2751e5bfae2e2a3f472051e2c78c9f860d1,DFW Airport,1747840202,Grand Prairie,1747855809,2025-05-21,1747855809,1747871843,5,16034,2025,5,5.267277268942548,False,5.267277268942548
8a0a887407269f08cbeddf55d03434edc4588889,DFW Airport,1747864406,Lewisville,1747890916,2025-05-22,1747890916,1747933737,6,42821,2025,5,5.267277268942548,False,5.267277268942548
f09110a92469215d0103d4b28eb2b0a2ce2aa54d,DFW Airport,1747891899,Grapevine,1747894096,2025-05-22,1747894096,1747914122,5,20026,2025,5,5.267277268942548,False,5.267277268942548
e064acbaaa893ec2b2be7460057ae276a3675361,DFW Airport,1747843438,North Richland Hills,1747901842,2025-05-22,1747901842,1747971839,6,69997,2025,5,5.267277268942548,False,5.267277268942548
e064acbaaa893ec2b2be7460057ae276a3675361,DFW Airport,1747843438,Grapevine,1747907940,2025-05-22,1747907940,1747915658,3,7718,2025,5,5.267277268942548,False,5.267277268942548
8a0a887407269f08cbeddf55d03434edc4588889,DFW Airport,1747864406,Carrollton,1747935273,2025-05-22,1747935273,1747950264,10,14991,2025,5,5.267277268942548,False,5.267277268942548
42d0d36ff0c322da7fe83e9ba4020e04b7e78656,DFW Airport,1747917973,Fort Worth,1747938483,2025-05-22,1747938483,1747975875,20,37392,2025,5,5.267277268942548,False,5.267277268942548
1942e7d525652e99054ed0e247874e003199339c,DFW Airport,1747942469,Grapevine,1747945452,2025-05-22,1747945452,1747962856,11,17404,2025,5,5.267277268942548,False,5.267277268942548
fa1ba4afe0f1f1afd589b6ae9632d6c617207ba6,DFW Airport,1747957578,Grapevine,1747958122,2025-05-22,1747958122,1747965961,10,7839,2025,5,5.267277268942548,False,5.267277268942548
5aac03faa121dc623a830dbc8209a320047da97a,Dallas Love Field,1747966816,Dallas,1747968770,2025-05-22,1747968770,1747976083,3,7313,2025,5,,,
05a32ad0cfa701d62c3cb43fd426ec03c1dfa6e6,DFW Airport,1747972005,Grand Prairie,1747976735,2025-05-23,1747976735,1747986015,10,9280,2025,5,5.267277268942548,False,5.267277268942548
42d0d36ff0c322da7fe83e9ba4020e04b7e78656,DFW Airport,1747959207,Fort Worth,1747977787,2025-05-23,1747977787,1747995414,26,17627,2025,5,5.267277268942548,False,5.267277268942548
e064acbaaa893ec2b2be7460057ae276a3675361,DFW Airport,1747963672,North Richland Hills,1747983553,2025-05-23,1747983553,1747994344,5,10791,2025,5,5.267277268942548,False,5.267277268942548
544ec1d2583ddcc74bed3c4f4cba1230a1fb2bf1,DFW Airport,1748014320,Grapevine,1748014363,2025-05-23,1748014363,1748021934,7,7571,2025,5,5.267277268942548,False,5.267277268942548
c34aac253a3ac90ba1644457e07c45e1735fc99f,DFW Airport,1748026872,Grapevine,1748026882,2025-05-23,1748026882,1748034506,4,7624,2025,5,5.267277268942548,False,5.267277268942548
ea42c7ca59ac02f6917a43b98e830efd4d692071,Dallas Love Field,1748063756,Grapevine,1748069470,2025-05-24,1748069470,1748088820,25,19350,2025,5,,,
ea42c7ca59ac02f6917a43b98e830efd4d692071,DFW Airport,1748078656,Grapevine,1748079288,2025-05-24,1748079288,1748088820,14,9532,2025,5,5.267277268942548,False,5.267277268942548
5588211dff629f1a9c0fcff5330bf47403a93864,Dallas Love Field,1748112557,Dallas,1748113278,2025-05-24,1748113278,1748120542,7,7264,2025,5,,,
4dc38638b3b226027d3bcaaf55a4e3a49894970b,Dallas Love Field,1748136595,Dallas,1748136717,2025-05-24,1748136717,1748143936,9,7219,2025,5,,,
4dc38638b3b226027d3bcaaf55a4e3a49894970b,Dallas Love Field,1748136595,Dallas,1748150081,2025-05-25,1748150081,1748222616,24,72535,2025,5,,,
3cd968cffc3d48962296b9d77fe7d109e4c08909,DFW Airport,1748153291,Grand Prairie,1748156478,2025-05-25,1748156478,1748233333,21,76855,2025,5,5.267277268942548,False,5.267277268942548
9a65ab197c8739bc3ee93d4e98cfb8d8c7ad55d6,DFW Airport,1748142413,Garland,1748161555,2025-05-25,1748161555,1748198648,7,37093,2025,5,5.267277268942548,False,5.267277268942548
845a4067b6bd887ff2f9c60f9dae33ba2d7ecfb4,DFW Airport,1748141372,Northlake,1748177615,2025-05-25,1748177615,1748190157,16,12542,2025,5,5.267277268942548,False,5.267277268942548
2488482965d8aefdf115419cd0abd4addc356a45,Dallas Love Field,1748177659,Dallas,1748177786,2025-05-25,1748177786,1748199936,28,22150,2025,5,,,
47543357d4b77f34a37704d8c8b36dea34b71522,DFW Airport,1748187671,Grapevine,1748187699,2025-05-25,1748187699,1748234439,34,46740,2025,5,5.267277268942548,False,5.267277268942548
8a0ca83cd310dd37ad46317b86b56c01945583b7,DFW Airport,1748197297,Grapevine,1748198366,2025-05-25,1748198366,1748207189,3,8823,2025,5,5.267277268942548,False,5.267277268942548
f42caad3999e94895df93073e45f30cedf73c130,DFW Airport,1748198323,Grapevine,1748201275,2025-05-25,1748201275,1748208808,2,7533,2025,5,5.267277268942548,False,5.267277268942548
e064acbaaa893ec2b2be7460057ae276a3675361,DFW Airport,1748194632,North Richland Hills,1748202403,2025-05-25,1748202403,1748231375,22,28972,2025,5,5.267277268942548,False,5.267277268942548
e064acbaaa893ec2b2be7460057ae276a3675361,DFW Airport,1748194632,North Richland Hills,1748236056,2025-05-26,1748236056,1748280447,28,44391,2025,5,5.267277268942548,False,5.267277268942548
0d799465f79c7ef25068ef16446afb91c8b9835f,DFW Airport,1748228515,Fort Worth,1748243044,2025-05-26,1748243044,1748256394,10,13350,2025,5,5.267277268942548,False,5.267277268942548
59367717161ca13c2240008b1b1163f9b8172e19,DFW Airport,1748264485,Grapevine,1748264888,2025-05-26,1748264888,1748275200,10,10312,2025,5,5.267277268942548,False,5.267277268942548
cf70e7ba317b37702e039349397ff8f6f43fe96c,Dallas Love Field,1748271034,Dallas,1748271089,2025-05-26,1748271089,1748285255,6,14166,2025,5,,,
55ba29d480b53cad677edc02c816f586bb440cb2,Dallas Love Field,1748270905,Dallas,1748271122,2025-05-26,1748271122,1748285599,7,14477,2025,5,,,
c702a3f5540341da87c356fbdd52fa571dfb46f3,DFW Airport,1748277610,Grapevine,1748282795,2025-05-26,1748282795,1748294716,5,11921,2025,5,5.267277268942548,False,5.267277268942548
6314446965dbb607c50601c60f7c1e4ba3efc890,DFW Airport,1748283018,Grapevine,1748283577,2025-05-26,1748283577,1748295982,13,12405,2025,5,5.267277268942548,False,5.267277268942548
8ef7b70ce82cdc3dad6cc501d9fa59fc039c4d5d,Dallas Love Field,1748295890,Dallas,1748295919,2025-05-26,1748295919,1748305285,6,9366,2025,5,,,
0e1ded5c5ee9a5f6c236d70de6d6b5291c3c3c36,Dallas Love Field,1748300970,Dallas,1748300973,2025-05-26,1748300973,1748313042,10,12069,2025,5,,,
f149f1581137aefb10b4e2a5ad94dfe7d2b503d8,DFW Airport,1748297185,Grapevine,1748303925,2025-05-26,1748303925,1748311720,4,7795,2025,5,5.267277268942548,False,5.267277268942548
e3b799999346276a382c51b52d457237e55af27b,DFW Airport,1748303943,Grapevine,1748304006,2025-05-26,1748304006,1748313596,8,9590,2025,5,5.267277268942548,False,5.267277268942548
dbf9a57ead6beea83d4abcf2ba4586c36c525c32,DFW Airport,1748304952,Irving,1748307320,2025-05-26,1748307320,1748315893,13,8573,2025,5,5.267277268942548,False,5.267277268942548
7c164769de05020fa10b7108bcf0c965888e17b9,Dallas Love Field,1748317323,Dallas,1748322029,2025-05-27,1748322029,1748330828,12,8799,2025,5,,,
ff49eba06259662670bb7c83f750fc708dae95b6,DFW Airport,1748348696,Grapevine,1748354965,2025-05-27,1748354965,1748362812,6,7847,2025,5,5.267277268942548,False,5.267277268942548
13c1ab390e64a61e6dfb7faa8e1c175b03182a56,DFW Airport,1748319330,Burleson,1748391516,2025-05-27,1748391516,1748403381,7,11865,2025,5,5.267277268942548,False,5.267277268942548
13c1ab390e64a61e6dfb7faa8e1c175b03182a56,DFW Airport,1748319330,Fort Worth,1748394962,2025-05-27,1748394962,1748402272,16,7310,2025,5,5.267277268942548,False,5.267277268942548
91d09342375831c92f101cd61336d4cd1d417120,DFW Airport,1748406497,Prosper,1748408986,2025-05-28,1748408986,1748430576,7,21590,2025,5,5.267277268942548,False,5.267277268942548
37c49c1bde1428c6378b0418c9594f713b29716c,Dallas Love Field,1748399903,McKinney,1748410168,2025-05-28,1748410168,1748479145,24,68977,2025,5,,,
c64a967ab3122d0f3ebdde0422e5a3f644357a66,DFW Airport,1748433772,Grapevine,1748434392,2025-05-28,1748434392,1748453749,5,19357,2025,5,5.267277268942548,False,5.267277268942548
c64a967ab3122d0f3ebdde0422e5a3f644357a66,DFW Airport,1748433772,Lewisville,1748456686,2025-05-28,1748456686,1748493765,22,37079,2025,5,5.267277268942548,False,5.267277268942548
37c49c1bde1428c6378b0418c9594f713b29716c,Dallas Love Field,1748399903,Frisco,1748463120,2025-05-28,1748463120,1748472422,10,9302,2025,5,,,
3707313814ac09b536cec00afcaaf5882ab8bf75,DFW Airport,1748463479,Grapevine,1748464827,2025-05-28,1748464827,1748472742,5,7915,2025,5,5.267277268942548,False,5.267277268942548
c08df5b68f8d5473a7b16a489c657daa0a1a084e,DFW Airport,1748468992,Grapevine,1748469101,2025-05-28,1748469101,1748482076,7,12975,2025,5,5.267277268942548,False,5.267277268942548
c702a3f5540341da87c356fbdd52fa571dfb46f3,DFW Airport,1748461081,Dallas,1748474594,2025-05-28,1748474594,1748488933,15,14339,2025,5,5.267277268942548,False,5.267277268942548
c64a967ab3122d0f3ebdde0422e5a3f644357a66,DFW Airport,1748433772,Lewisville,1748495352,2025-05-29,1748495352,1748544819,18,49467,2025,5,5.267277268942548,False,5.267277268942548
c702a3f5540341da87c356fbdd52fa571dfb46f3,DFW Airport,1748461081,Dallas,1748495735,2025-05-29,1748495735,1748556044,18,60309,2025,5,5.267277268942548,False,5.267277268942548
15e39435fe48380b75860ff247bfdd8ee541bd09,DFW Airport,1748488353,Garland,1748496383,2025-05-29,1748496383,1748554052,3,57669,2025,5,5.267277268942548,False,5.267277268942548
4cd82f60febcf6e5d17c2ff3db6492e934818851,DFW Airport,1748488490,McKinney,1748497714,2025-05-29,1748497714,1748570980,25,73266,2025,5,5.267277268942548,False,5.267277268942548
9790acabbc85266939d6399b918ea12a62e412c5,Dallas Love Field,1748495702,Grand Prairie,1748498637,2025-05-29,1748498637,1748560035,5,61398,2025,5,,,
9790acabbc85266939d6399b918ea12a62e412c5,Dallas Love Field,1748495702,Arlington,1748498807,2025-05-29,1748498807,1748580236,47,81429,2025,5,,,
c64a967ab3122d0f3ebdde0422e5a3f644357a66,DFW Airport,1748433772,Grapevine,1748517506,2025-05-29,1748517506,1748541537,4,24031,2025,5,5.267277268942548,False,5.267277268942548
6eaff8a35327f1bbeff784d55bdf573fb585acff,DFW Airport,1748518096,Grapevine,1748520062,2025-05-29,1748520062,1748527655,7,7593,2025,5,5.267277268942548,False,5.267277268942548
7d8efa1b0c9a53e4d4c1d7d7a3d1140b7653662f,DFW Airport,1748519847,Grapevine,1748520356,2025-05-29,1748520356,1748573433,5,53077,2025,5,5.267277268942548,False,5.267277268942548
c60a8848cd71951ae064c2183052e0f07e05d251,DFW Airport,1748519936,Grapevine,1748520644,2025-05-29,1748520644,1748564456,8,43812,2025,5,5.267277268942548,False,5.267277268942548
c702a3f5540341da87c356fbdd52fa571dfb46f3,DFW Airport,1748461081,Grapevine,1748521765,2025-05-29,1748521765,1748555118,26,33353,2025,5,5.267277268942548,False,5.267277268942548
118e82039a64a7b511c104c741d2e60538c81522,DFW Airport,1748524166,Euless,1748525121,2025-05-29,1748525121,1748558164,11,33043,2025,5,5.267277268942548,False,5.267277268942548
1d76031adfd9bcdae1ad8cf26cb05cfd9f5b4442,DFW Airport,1748510835,Grapevine,1748529491,2025-05-29,1748529491,1748542640,5,13149,2025,5,5.267277268942548,False,5.267277268942548
1e6246eea2ee552657ac340b9ead75810e12d8d0,DFW Airport,1748519559,Arlington,1748530810,2025-05-29,1748530810,1748579535,23,48725,2025,5,5.267277268942548,False,5.267277268942548
911f16597687b19a049a142f1aaaf3e516883c6c,DFW Airport,1748533452,Grapevine,1748533742,2025-05-29,1748533742,1748541334,4,7592,2025,5,5.267277268942548,False,5.267277268942548
ee3508bc13bc9c3f9bb8ee0c9a00f33d3af07413,DFW Airport,1748535737,Dallas,1748537057,2025-05-29,1748537057,1748564621,5,27564,2025,5,5.267277268942548,False,5.267277268942548
39da295f83f2f198a94f7f0a54cc8f3d178eafc5,DFW Airport,1748538502,Grapevine,1748538507,2025-05-29,1748538507,1748572535,36,34028,2025,5,5.267277268942548,False,5.267277268942548
65e5d9ecf8d67b9ea0d244e1a7f3717d9be55cf9,Dallas Love Field,1748537598,Dallas,1748539550,2025-05-29,1748539550,1748561457,5,21907,2025,5,,,
42ad99b4d9d3aae23d958243dbad0450f92beeb3,DFW Airport,1748542884,Grapevine,1748543572,2025-05-29,1748543572,1748552425,11,8853,2025,5,5.267277268942548,False,5.267277268942548
0da41093e5614ebda975d872c626eba78b930ae1,DFW Airport,1748542809,Grapevine,1748544822,2025-05-29,1748544822,1748555933,4,11111,2025,5,5.267277268942548,False,5.267277268942548
aa6974a03ae0f134aa5602c1c0f369e933d6eb39,DFW Airport,1748542835,Irving,1748546576,2025-05-29,1748546576,1748555747,12,9171,2025,5,5.267277268942548,False,5.267277268942548
5a6152a1c28e212439727de040a557f9eea5c94e,DFW Airport,1748539537,Aubrey,1748550882,2025-05-29,1748550882,1748576790,14,25908,2025,5,5.267277268942548,False,5.267277268942548
70c55bac9155387e3d9409396682b0fdcc00ee2f,Dallas Love Field,1748550960,Dallas,1748550974,2025-05-29,1748550974,1748558379,10,7405,2025,5,,,
4cd82f60febcf6e5d17c2ff3db6492e934818851,DFW Airport,1748488490,Frisco,1748553486,2025-05-29,1748553486,1748561229,8,7743,2025,5,5.267277268942548,False,5.267277268942548
c51c73767bfb943238c4d77adf0574085a9ee5dd,Dallas Love Field,1748551699,Dallas,1748553550,2025-05-29,1748553550,1748562493,2,8943,2025,5,,,
1942e7d525652e99054ed0e247874e003199339c,DFW Airport,1748554600,Grapevine,1748554601,2025-05-29,1748554601,1748567646,7,13045,2025,5,5.267277268942548,False,5.267277268942548
c60a8848cd71951ae064c2183052e0f07e05d251,DFW Airport,1748564322,Dallas,1748565852,2025-05-29,1748565852,1748573529,12,7677,2025,5,5.267277268942548,False,5.267277268942548
c60a8848cd71951ae064c2183052e0f07e05d251,DFW Airport,1748519936,University Park,1748566241,2025-05-29,1748566241,1748575474,14,9233,2025,5,5.267277268942548,False,5.267277268942548
5c84045f520ddbed06a386dc99ba1e4576f4b17f,DFW Airport,1748568466,Dallas,1748570792,2025-05-29,1748570792,1748578026,13,7234,2025,5,5.267277268942548,False,5.267277268942548
5a6152a1c28e212439727de040a557f9eea5c94e,DFW Airport,1748565912,Aubrey,1748581461,2025-05-30,1748581461,1748625027,52,43566,2025,5,5.267277268942548,False,5.267277268942548
1e6246eea2ee552657ac340b9ead75810e12d8d0,DFW Airport,1748564679,Arlington,1748583037,2025-05-30,1748583037,1748604376,16,21339,2025,5,5.267277268942548,False,5.267277268942548
83c01f4150db7639a264181402d74b7121672913,Dallas Love Field,1748582805,Allen,1748584952,2025-05-30,1748584952,1748664869,27,79917,2025,5,,,
d748ce0cde3969397846ece1539ecda0a4911910,DFW Airport,1748585639,Grapevine,1748586786,2025-05-30,1748586786,1748601963,9,15177,2025,5,5.267277268942548,False,5.267277268942548
6f000d94a9e397d4092c0c11396f5ab8d5b705a9,Dallas Love Field,1748568741,McKinney,1748587553,2025-05-30,1748587553,1748637791,6,50238,2025,5,,,
f46101fa13f79147a1a0061ff937d8ce18ed2d72,DFW Airport,1748578748,Grapevine,1748588520,2025-05-30,1748588520,1748599785,3,11265,2025,5,5.267277268942548,False,5.267277268942548
c60a8848cd71951ae064c2183052e0f07e05d251,DFW Airport,1748519936,Highland Park,1748588575,2025-05-30,1748588575,1748605522,10,16947,2025,5,5.267277268942548,False,5.267277268942548
742baf98772d122dcd9ef0b5831861b3f6894fe4,DFW Airport,1748613954,Grapevine,1748613956,2025-05-30,1748613956,1748634768,30,20812,2025,5,5.267277268942548,False,5.267277268942548
44128e13f415b4f34921b93ce15eb98f6e7d1b8f,Dallas Love Field,1748622641,Dallas,1748622645,2025-05-30,1748622645,1748633615,3,10970,2025,5,,,
7f2857ae5ad226f95fceb1f85fed9393f8842d10,DFW Airport,1748624029,Grapevine,1748624080,2025-05-30,1748624080,1748637146,17,13066,2025,5,5.267277268942548,False,5.267277268942548
742baf98772d122dcd9ef0b5831861b3f6894fe4,DFW Airport,1748613954,Arlington,1748625166,2025-05-30,1748625166,1748655954,9,30788,2025,5,5.267277268942548,False,5.267277268942548
498cebbc1edf027a446c8ff4503589d24e0809f6,DFW Airport,1748629910,Grapevine,1748629918,2025-05-30,1748629918,1748637634,9,7716,2025,5,5.267277268942548,False,5.267277268942548
e2b167d3e09231a3d18b4731268fe47d8f891bce,DFW Airport,1748633559,Euless,1748636680,2025-05-30,1748636680,1748665028,5,28348,2025,5,5.267277268942548,False,5.267277268942548
605f698a4edadfc0cad804a2e764b88bffd41fc2,DFW Airport,1748637405,Grapevine,1748637506,2025-05-30,1748637506,1748645638,26,8132,2025,5,5.267277268942548,False,5.267277268942548
9cf0de923ed32bccd21ab4fa3d66b6a28c148bc6,DFW Airport,1748644478,Grapevine,1748644481,2025-05-30,1748644481,1748654787,44,10306,2025,5,5.267277268942548,False,5.267277268942548
e2b167d3e09231a3d18b4731268fe47d8f891bce,DFW Airport,1748633559,Fort Worth,1748656204,2025-05-30,1748656204,1748663595,4,7391,2025,5,5.267277268942548,False,5.267277268942548
742baf98772d122dcd9ef0b5831861b3f6894fe4,DFW Airport,1748613954,Grapevine,1748687541,2025-05-31,1748687541,1748724590,34,37049,2025,5,5.267277268942548,False,5.267277268942548
742baf98772d122dcd9ef0b5831861b3f6894fe4,DFW Airport,1748706523,Arlington,1748720426,2025-05-31,1748720426,1748738778,5,18352,2025,5,5.267277268942548,False,5.267277268942548
56705a885da5a4d369bce8b1024aaa48e501f7e1,DFW Airport,1748720748,Grapevine,1748721378,2025-05-31,1748721378,1748729499,4,8121,2025,5,5.267277268942548,False,5.267277268942548
1e6246eea2ee552657ac340b9ead75810e12d8d0,DFW Airport,1748719756,Arlington,1748724311,2025-05-31,1748724311,1748743920,7,19609,2025,5,5.267277268942548,False,5.267277268942548
a4d0d602a8ac970a3d7c5c79e2db55a8cd3d7d49,DFW Airport,1748749762,Grand Prairie,1748754425,2025-06-01,1748754425,1748763737,11,9312,2025,6,2.5998248686514884,False,2.5998248686514884
a1623ca5c058f66ed0973a179ddd6dbdad8d0558,Dallas Love Field,1748736982,Forney,1748754916,2025-06-01,1748754916,1748819644,36,64728,2025,6,,,
a6093dd6f09bec303beb99c1097df4cb21edbdb8,DFW Airport,1748744230,McKinney,1748755461,2025-06-01,1748755461,1748828700,12,73239,2025,6,2.5998248686514884,False,2.5998248686514884
b295b0a12f4b4184138dbf19babe31e75b22fd63,DFW Airport,1748749819,Grapevine,1748756134,2025-06-01,1748756134,1748788410,18,32276,2025,6,2.5998248686514884,False,2.5998248686514884
1e6246eea2ee552657ac340b9ead75810e12d8d0,DFW Airport,1748719756,Arlington,1748756268,2025-06-01,1748756268,1748839417,33,83149,2025,5,5.267277268942548,False,5.267277268942548
66ea6f84d018bdab4ea0c27e9a6789b69224b784,DFW Airport,1748749773,Grand Prairie,1748756268,2025-06-01,1748756268,1748810811,22,54543,2025,6,2.5998248686514884,False,2.5998248686514884
0b021de2e6af9c34ccd1374e475ce3635e7cedc9,DFW Airport,1748763126,Grapevine,1748764299,2025-06-01,1748764299,1748786362,17,22063,2025,6,2.5998248686514884,False,2.5998248686514884
9a65ab197c8739bc3ee93d4e98cfb8d8c7ad55d6,DFW Airport,1748747304,Garland,1748766296,2025-06-01,1748766296,1748803482,9,37186,2025,6,2.5998248686514884,False,2.5998248686514884
742baf98772d122dcd9ef0b5831861b3f6894fe4,DFW Airport,1748706523,Grapevine,1748770300,2025-06-01,1748770300,1748804488,56,34188,2025,5,5.267277268942548,False,5.267277268942548
1e6246eea2ee552657ac340b9ead75810e12d8d0,DFW Airport,1748719756,Grapevine,1748775152,2025-06-01,1748775152,1748805204,8,30052,2025,5,5.267277268942548,False,5.267277268942548
4cf03ddc54ebf929b0d3ba06ddb1ec9256c8d525,DFW Airport,1748775801,Grapevine,1748776170,2025-06-01,1748776170,1748803620,17,27450,2025,6,2.5998248686514884,False,2.5998248686514884
9da44d9fbcbc83e5a2e862226d09117631f2844d,DFW Airport,1748797355,Grand Prairie,1748797712,2025-06-01,1748797712,1748830451,67,32739,2025,6,2.5998248686514884,False,2.5998248686514884
742baf98772d122dcd9ef0b5831861b3f6894fe4,DFW Airport,1748801052,Arlington,1748803524,2025-06-01,1748803524,1748820209,10,16685,2025,6,2.5998248686514884,False,2.5998248686514884
66ea6f84d018bdab4ea0c27e9a6789b69224b784,DFW Airport,1748749773,Arlington,1748815368,2025-06-01,1748815368,1748835156,7,19788,2025,6,2.5998248686514884,False,2.5998248686514884
4cf03ddc54ebf929b0d3ba06ddb1ec9256c8d525,DFW Airport,1748775801,Rowlett,1748816736,2025-06-01,1748816736,1748837065,8,20329,2025,6,2.5998248686514884,False,2.5998248686514884
a30c79913bc4644cd7f27014913260ae401e1495,Dallas Love Field,1748818908,Dallas,1748819029,2025-06-01,1748819029,1748829751,59,10722,2025,6,,,
b013fdba811db00d9d5f117cd7af27dccb9c7695,Dallas Love Field,1748819361,Dallas,1748820856,2025-06-01,1748820856,1748836162,16,15306,2025,6,,,
e083307c0c031a049fa4d03d9bd46a1a0c97dccb,DFW Airport,1748813169,Arlington,1748822461,2025-06-01,1748822461,1748839809,20,17348,2025,6,2.5998248686514884,False,2.5998248686514884
7bfdf4211b7acd81c0d679c0d0d9f621add073ca,DFW Airport,1748821434,Frisco,1748825884,2025-06-01,1748825884,1748836593,18,10709,2025,6,2.5998248686514884,False,2.5998248686514884
d626ae16d1c9b5400d54974d46339739e75c34fd,DFW Airport,1748827115,Grapevine,1748827122,2025-06-01,1748827122,1748836675,33,9553,2025,6,2.5998248686514884,False,2.5998248686514884
8ba3b052d15fd5f9f54d373a68296f403cda3fe4,DFW Airport,1748794589,Dallas,1748841094,2025-06-02,1748841094,1748880736,17,39642,2025,6,2.5998248686514884,False,2.5998248686514884
e083307c0c031a049fa4d03d9bd46a1a0c97dccb,DFW Airport,1748825135,Arlington,1748842534,2025-06-02,1748842534,1748869495,42,26961,2025,6,2.5998248686514884,False,2.5998248686514884
1e6246eea2ee552657ac340b9ead75810e12d8d0,DFW Airport,1748797141,Arlington,1748842959,2025-06-02,1748842959,1748890375,43,47416,2025,6,2.5998248686514884,False,2.5998248686514884
b013fdba811db00d9d5f117cd7af27dccb9c7695,Dallas Love Field,1748829771,Dallas,1748843408,2025-06-02,1748843408,1748850671,6,7263,2025,6,,,
e083307c0c031a049fa4d03d9bd46a1a0c97dccb,DFW Airport,1748813169,Fort Worth,1748848534,2025-06-02,1748848534,1748870123,4,21589,2025,6,2.5998248686514884,False,2.5998248686514884
e083307c0c031a049fa4d03d9bd46a1a0c97dccb,DFW Airport,1748813169,Grapevine,1748851608,2025-06-02,1748851608,1748877081,14,25473,2025,6,2.5998248686514884,False,2.5998248686514884
9da44d9fbcbc83e5a2e862226d09117631f2844d,DFW Airport,1748797355,Grand Prairie,1748855030,2025-06-02,1748855030,1748872749,6,17719,2025,6,2.5998248686514884,False,2.5998248686514884
ae24475ac801cdf56e7d9ea90ea9f18b28010976,DFW Airport,1748793167,Grapevine,1748866414,2025-06-02,1748866414,1748874450,15,8036,2025,6,2.5998248686514884,False,2.5998248686514884
936666532e8a8142a56a0bbf2953d1bd8a3694d3,DFW Airport,1748877143,Dallas,1748878683,2025-06-02,1748878683,1748908079,15,29396,2025,6,2.5998248686514884,False,2.5998248686514884
210e9849b721d8d39a4cf164cfc80baa96ad8478,DFW Airport,1748884236,Grapevine,1748884521,2025-06-02,1748884521,1748913944,13,29423,2025,6,2.5998248686514884,False,2.5998248686514884
437e674f3651d532df8699bc2270d878a8bbfc82,DFW Airport,1748874195,Dallas,1748885210,2025-06-02,1748885210,1748895763,8,10553,2025,6,2.5998248686514884,False,2.5998248686514884
936666532e8a8142a56a0bbf2953d1bd8a3694d3,DFW Airport,1748877143,Rockwall,1748885675,2025-06-02,1748885675,1748905209,4,19534,2025,6,2.5998248686514884,False,2.5998248686514884
4b3f22099c7e905d7ad73bf5d4781b880ef45c9e,DFW Airport,1748886912,Grapevine,1748886928,2025-06-02,1748886928,1748894740,8,7812,2025,6,2.5998248686514884,False,2.5998248686514884
555760e71a11488a7425026ba8947ba95a6d61e1,DFW Airport,1748886852,Coppell,1748887647,2025-06-02,1748887647,1748922788,16,35141,2025,6,2.5998248686514884,False,2.5998248686514884
936666532e8a8142a56a0bbf2953d1bd8a3694d3,DFW Airport,1748877143,Heath,1748891542,2025-06-02,1748891542,1748926085,21,34543,2025,6,2.5998248686514884,False,2.5998248686514884
60ac344a23fed39293c9e4cf7d445f6cf97abe7e,DFW Airport,1748901550,Grapevine,1748901558,2025-06-02,1748901558,1748923406,2,21848,2025,6,2.5998248686514884,False,2.5998248686514884
21dbd1b336013d814e23bb46bef1946fcfba9717,DFW Airport,1748904076,Grapevine,1748904087,2025-06-02,1748904087,1748911889,8,7802,2025,6,2.5998248686514884,False,2.5998248686514884
587d3fb3c474e59ca5fafe968b09d9e4bbc177d6,DFW Airport,1748911785,Grapevine,1748912003,2025-06-02,1748912003,1748921614,5,9611,2025,6,2.5998248686514884,False,2.5998248686514884
dbf9a57ead6beea83d4abcf2ba4586c36c525c32,DFW Airport,1748909701,Irving,1748912100,2025-06-02,1748912100,1748920468,8,8368,2025,6,2.5998248686514884,False,2.5998248686514884
d69b15fdde281097f4d61b2f178f8788111357e1,DFW Airport,1748914217,Keller,1748927621,2025-06-03,1748927621,1748989859,22,62238,2025,6,2.5998248686514884,False,2.5998248686514884
555760e71a11488a7425026ba8947ba95a6d61e1,DFW Airport,1748915471,Coppell,1748928332,2025-06-03,1748928332,1748972485,64,44153,2025,6,2.5998248686514884,False,2.5998248686514884
936666532e8a8142a56a0bbf2953d1bd8a3694d3,DFW Airport,1748877143,Heath,1748928376,2025-06-03,1748928376,1748961914,32,33538,2025,6,2.5998248686514884,False,2.5998248686514884
84965fa6782710f533c085ef1b6675d5e9949e97,Dallas Love Field,1748912857,Dallas,1748928872,2025-06-03,1748928872,1748990087,24,61215,2025,6,,,
b7d651076be3c001c4c7b3b7341281793efc2460,DFW Airport,1748928750,Grapevine,1748930503,2025-06-03,1748930503,1748965323,9,34820,2025,6,2.5998248686514884,False,2.5998248686514884
af355ff75e5ff4767ef64198ea9b0bc03c8a3437,DFW Airport,1748943641,Grapevine,1748945288,2025-06-03,1748945288,1748965822,5,20534,2025,6,2.5998248686514884,False,2.5998248686514884
b27d9a96fa3b8ae8bf72f52745db34d4eaef0c48,DFW Airport,1748959274,Grapevine,1748960584,2025-06-03,1748960584,1748972598,3,12014,2025,6,2.5998248686514884,False,2.5998248686514884
818db40b05c2d684cfe42b3554a1b887f52e1b45,DFW Airport,1748970535,Grapevine,1748971327,2025-06-03,1748971327,1748986988,4,15661,2025,6,2.5998248686514884,False,2.5998248686514884
db5bf41ff7936cfb38e24de0660ddb6498e2b25f,DFW Airport,1748976126,Grapevine,1748977174,2025-06-03,1748977174,1748985479,23,8305,2025,6,2.5998248686514884,False,2.5998248686514884
818db40b05c2d684cfe42b3554a1b887f52e1b45,DFW Airport,1748970535,Flower Mound,1748981664,2025-06-03,1748981664,1748996648,2,14984,2025,6,2.5998248686514884,False,2.5998248686514884
ab6dd1cda41253ec94e9c0b0d12d77cacc6b77e5,DFW Airport,1748978462,Plano,1748983651,2025-06-03,1748983651,1749011490,50,27839,2025,6,2.5998248686514884,False,2.5998248686514884
2ef55a12d5331d665e7f5955bc252d45ae16deed,DFW Airport,1748983682,Grapevine,1748983722,2025-06-03,1748983722,1748992939,4,9217,2025,6,2.5998248686514884,False,2.5998248686514884
466e0a3dfa5c69ca17540545d0f76c3ae08aa8f1,DFW Airport,1748989707,Grapevine,1748989759,2025-06-03,1748989759,1748998810,4,9051,2025,6,2.5998248686514884,False,2.5998248686514884
818db40b05c2d684cfe42b3554a1b887f52e1b45,DFW Airport,1748970535,Lewisville,1748991196,2025-06-03,1748991196,1749011773,15,20577,2025,6,2.5998248686514884,False,2.5998248686514884
818db40b05c2d684cfe42b3554a1b887f52e1b45,DFW Airport,1748970535,Lewisville,1749013875,2025-06-04,1749013875,1749094832,25,80957,2025,6,2.5998248686514884,False,2.5998248686514884
940f59bc75496842263f330d34ddc6c980922339,Dallas Love Field,1749015752,The Colony,1749017761,2025-06-04,1749017761,1749084754,25,66993,2025,6,,,
ab6dd1cda41253ec94e9c0b0d12d77cacc6b77e5,DFW Airport,1748978462,Plano,1749018579,2025-06-04,1749018579,1749062221,48,43642,2025,6,2.5998248686514884,False,2.5998248686514884
d567f3951d403f7f93bf87b30aa08f8a08a1b61c,DFW Airport,1749018628,Grapevine,1749018813,2025-06-04,1749018813,1749038740,12,19927,2025,6,2.5998248686514884,False,2.5998248686514884
cecb10feac5757ddd9ab6afd0e9552096dabaeaf,Dallas Love Field,1749015862,Frisco,1749020526,2025-06-04,1749020526,1749084757,7,64231,2025,6,,,
818db40b05c2d684cfe42b3554a1b887f52e1b45,DFW Airport,1748970535,Grapevine,1749039188,2025-06-04,1749039188,1749060598,16,21410,2025,6,2.5998248686514884,False,2.5998248686514884
ab6dd1cda41253ec94e9c0b0d12d77cacc6b77e5,DFW Airport,1749003243,Frisco,1749049829,2025-06-04,1749049829,1749058773,4,8944,2025,6,2.5998248686514884,False,2.5998248686514884
5877608afd7949c5c85f4420b46fa5e6706856f9,DFW Airport,1749057471,Grapevine,1749058686,2025-06-04,1749058686,1749066891,9,8205,2025,6,2.5998248686514884,False,2.5998248686514884
871fe94a9a038b64d86d90c7519e7573687cb3e9,DFW Airport,1749067419,Grapevine,1749067425,2025-06-04,1749067425,1749076267,18,8842,2025,6,2.5998248686514884,False,2.5998248686514884
d4c51e128fa92f5275ebd2fe99bf99224a77d294,Dallas Love Field,1748997162,Dallas,1749067884,2025-06-04,1749067884,1749080927,10,13043,2025,6,,,
446da92ef3108419fa2e2a1616c0698e2b0aebe6,Dallas Love Field,1749065673,Farmers Branch,1749068140,2025-06-04,1749068140,1749098737,61,30597,2025,6,,,
2e08388c225db4b5f08e63de76de0ba0df76e456,DFW Airport,1749069112,Grapevine,1749069115,2025-06-04,1749069115,1749090452,11,21337,2025,6,2.5998248686514884,False,2.5998248686514884
395e49c2a0f28d696997e27b73caf63ca604f3e4,DFW Airport,1749069373,Irving,1749072359,2025-06-04,1749072359,1749090262,3,17903,2025,6,2.5998248686514884,False,2.5998248686514884
bca89ac81c6fb2a0df9c8e0f5dcba941ec13c5dc,Dallas Love Field,1749075690,Dallas,1749075728,2025-06-04,1749075728,1749088032,71,12304,2025,6,,,
a66d897edf68ed1e6a9f20f1ba9e0a91c158fe2f,Dallas Love Field,1749075910,Dallas,1749075920,2025-06-04,1749075920,1749087652,92,11732,2025,6,,,
b67c198d6069ff540ddb5117ace334c827428ca5,Dallas Love Field,1749076422,Dallas,1749076454,2025-06-04,1749076454,1749088060,132,11606,2025,6,,,
141230ab0fea774eb299c26b458b0c4399c3ba03,Dallas Love Field,1749077790,Dallas,1749077911,2025-06-04,1749077911,1749088111,91,10200,2025,6,,,
2e08388c225db4b5f08e63de76de0ba0df76e456,DFW Airport,1749069112,Plano,1749080892,2025-06-04,1749080892,1749098353,3,17461,2025,6,2.5998248686514884,False,2.5998248686514884
59dd5c0621546b596f03437911e9b3b23e51e03e,DFW Airport,1749081254,Grapevine,1749081299,2025-06-04,1749081299,1749099287,38,17988,2025,6,2.5998248686514884,False,2.5998248686514884
818db40b05c2d684cfe42b3554a1b887f52e1b45,DFW Airport,1749053614,Lewisville,1749099838,2025-06-05,1749099838,1749178567,29,78729,2025,6,2.5998248686514884,False,2.5998248686514884
2e08388c225db4b5f08e63de76de0ba0df76e456,DFW Airport,1749069112,Plano,1749101091,2025-06-05,1749101091,1749180504,39,79413,2025,6,2.5998248686514884,False,2.5998248686514884
7ee0d1d148bd7c6b65157ef7d0519d9afe32eacb,DFW Airport,1749095578,Grapevine,1749103540,2025-06-05,1749103540,1749155795,21,52255,2025,6,2.5998248686514884,False,2.5998248686514884
ba8651cd0dd29016e1c46bb7b945fe911f645533,DFW Airport,1749090678,Irving,1749105306,2025-06-05,1749105306,1749127357,13,22051,2025,6,2.5998248686514884,False,2.5998248686514884
7ee0d1d148bd7c6b65157ef7d0519d9afe32eacb,DFW Airport,1749095578,Irving,1749108019,2025-06-05,1749108019,1749143547,14,35528,2025,6,2.5998248686514884,False,2.5998248686514884
2e08388c225db4b5f08e63de76de0ba0df76e456,DFW Airport,1749069112,Grapevine,1749121177,2025-06-05,1749121177,1749165194,10,44017,2025,6,2.5998248686514884,False,2.5998248686514884
818db40b05c2d684cfe42b3554a1b887f52e1b45,DFW Airport,1749053614,Grapevine,1749122233,2025-06-05,1749122233,1749147315,36,25082,2025,6,2.5998248686514884,False,2.5998248686514884
6eaff8a35327f1bbeff784d55bdf573fb585acff,DFW Airport,1749122893,Grapevine,1749124900,2025-06-05,1749124900,1749132459,10,7559,2025,6,2.5998248686514884,False,2.5998248686514884
c60a8848cd71951ae064c2183052e0f07e05d251,DFW Airport,1749125421,Grapevine,1749125424,2025-06-05,1749125424,1749169198,10,43774,2025,6,2.5998248686514884,False,2.5998248686514884
6ce0745695e38524c6de016513c2c0b34532caf8,DFW Airport,1749127271,Grapevine,1749127302,2025-06-05,1749127302,1749135367,59,8065,2025,6,2.5998248686514884,False,2.5998248686514884
3056fa61fb53be0189e3b2c65c587f11735f61c3,DFW Airport,1749126072,Grapevine,1749128907,2025-06-05,1749128907,1749149920,9,21013,2025,6,2.5998248686514884,False,2.5998248686514884
c60a8848cd71951ae064c2183052e0f07e05d251,DFW Airport,1749125421,Highland Park,1749131296,2025-06-05,1749131296,1749172364,8,41068,2025,6,2.5998248686514884,False,2.5998248686514884
f7526917113fb7a9ef39b334385ea9e7624e8197,DFW Airport,1749129436,Mesquite,1749135536,2025-06-05,1749135536,1749171332,12,35796,2025,6,2.5998248686514884,False,2.5998248686514884
efdbb980f1849d1f39dca09e078396b9c840f3e4,DFW Airport,1749132885,Grapevine,1749136127,2025-06-05,1749136127,1749157720,9,21593,2025,6,2.5998248686514884,False,2.5998248686514884
c702a3f5540341da87c356fbdd52fa571dfb46f3,DFW Airport,1749137265,Grapevine,1749137271,2025-06-05,1749137271,1749159944,12,22673,2025,6,2.5998248686514884,False,2.5998248686514884
1876dc981d7f699cdf0361200593ca020a9c2398,Dallas Love Field,1749144410,Dallas,1749145552,2025-06-05,1749145552,1749153013,6,7461,2025,6,,,
86c1b46d3259b01de73d62499dd06a1d288be0ae,DFW Airport,1749128927,Corinth,1749146140,2025-06-05,1749146140,1749184753,31,38613,2025,6,2.5998248686514884,False,2.5998248686514884
c60a8848cd71951ae064c2183052e0f07e05d251,DFW Airport,1749125421,Dallas,1749152134,2025-06-05,1749152134,1749170946,15,18812,2025,6,2.5998248686514884,False,2.5998248686514884
1942e7d525652e99054ed0e247874e003199339c,DFW Airport,1749159399,Grapevine,1749159899,2025-06-05,1749159899,1749172479,6,12580,2025,6,2.5998248686514884,False,2.5998248686514884
2e08388c225db4b5f08e63de76de0ba0df76e456,DFW Airport,1749148955,Richardson,1749163760,2025-06-05,1749163760,1749174775,7,11015,2025,6,2.5998248686514884,False,2.5998248686514884
c60a8848cd71951ae064c2183052e0f07e05d251,DFW Airport,1749125421,University Park,1749164606,2025-06-05,1749164606,1749173077,9,8471,2025,6,2.5998248686514884,False,2.5998248686514884
86c1b46d3259b01de73d62499dd06a1d288be0ae,DFW Airport,1749170086,Corinth,1749186186,2025-06-06,1749186186,1749213054,28,26868,2025,6,2.5998248686514884,False,2.5998248686514884
65bf2f70a9d65782c9da00f0074acd9115845d10,DFW Airport,1749181602,Dallas,1749187149,2025-06-06,1749187149,1749267426,32,80277,2025,6,2.5998248686514884,False,2.5998248686514884
2e08388c225db4b5f08e63de76de0ba0df76e456,DFW Airport,1749148955,Plano,1749187556,2025-06-06,1749187556,1749231927,22,44371,2025,6,2.5998248686514884,False,2.5998248686514884
818db40b05c2d684cfe42b3554a1b887f52e1b45,DFW Airport,1749126189,Lewisville,1749187804,2025-06-06,1749187804,1749250305,20,62501,2025,6,2.5998248686514884,False,2.5998248686514884
3e756c6af6f8f2095a46bb06c522ac4654c35d1d,Dallas Love Field,1749182171,Corinth,1749188924,2025-06-06,1749188924,1749266364,23,77440,2025,6,,,
f7526917113fb7a9ef39b334385ea9e7624e8197,DFW Airport,1749129436,Mesquite,1749190525,2025-06-06,1749190525,1749214713,4,24188,2025,6,2.5998248686514884,False,2.5998248686514884
818db40b05c2d684cfe42b3554a1b887f52e1b45,DFW Airport,1749126189,Grapevine,1749209166,2025-06-06,1749209166,1749258720,28,49554,2025,6,2.5998248686514884,False,2.5998248686514884
0fd14e11a170b571449b60a477287b1b714f099b,Dallas Love Field,1749225084,Dallas,1749225421,2025-06-06,1749225421,1749262731,16,37310,2025,6,,,
7f2857ae5ad226f95fceb1f85fed9393f8842d10,DFW Airport,1749232199,Grapevine,1749232235,2025-06-06,1749232235,1749241916,20,9681,2025,6,2.5998248686514884,False,2.5998248686514884
af9c24ea468e46eaee13fd60d55141d415f6342a,DFW Airport,1749230642,Irving,1749233014,2025-06-06,1749233014,1749250364,21,17350,2025,6,2.5998248686514884,False,2.5998248686514884
cce4b947f8b7b23882c192580bb5cc1bd352e191,Dallas Love Field,1749244398,Irving,1749245890,2025-06-06,1749245890,1749253746,15,7856,2025,6,,,
9cf0de923ed32bccd21ab4fa3d66b6a28c148bc6,DFW Airport,1749249982,Grapevine,1749249983,2025-06-06,1749249983,1749258815,28,8832,2025,6,2.5998248686514884,False,2.5998248686514884
0fd14e11a170b571449b60a477287b1b714f099b,Dallas Love Field,1749225084,Denton,1749255189,2025-06-06,1749255189,1749270272,3,15083,2025,6,,,
0fd14e11a170b571449b60a477287b1b714f099b,Dallas Love Field,1749225084,Denton,1749272857,2025-06-07,1749272857,1749346895,89,74038,2025,6,,,
d04865e37cca280d162883eb60c9248ec9eb35de,Dallas Love Field,1749262720,Lewisville,1749273342,2025-06-07,1749273342,1749300388,16,27046,2025,6,,,
af9c24ea468e46eaee13fd60d55141d415f6342a,DFW Airport,1749230642,Irving,1749290224,2025-06-07,1749290224,1749311229,3,21005,2025,6,2.5998248686514884,False,2.5998248686514884
bfdec97c65aa4c0a8e42612a71036eca4e07b391,DFW Airport,1749309561,Grapevine,1749309582,2025-06-07,1749309582,1749317923,4,8341,2025,6,2.5998248686514884,False,2.5998248686514884
742baf98772d122dcd9ef0b5831861b3f6894fe4,DFW Airport,1749319481,Arlington,1749324223,2025-06-07,1749324223,1749350925,8,26702,2025,6,2.5998248686514884,False,2.5998248686514884
12515a9a97f800ad07643a638414aaddf1e91c3f,Dallas Love Field,1749329276,Dallas,1749330347,2025-06-07,1749330347,1749349625,25,19278,2025,6,,,
d04865e37cca280d162883eb60c9248ec9eb35de,Dallas Love Field,1749262720,Dallas,1749331928,2025-06-07,1749331928,1749346447,26,14519,2025,6,,,
70105a2b15c563d94a80179a0956c4182fe7d9c7,DFW Airport,1749335852,Grapevine,1749337332,2025-06-07,1749337332,1749346505,22,9173,2025,6,2.5998248686514884,False,2.5998248686514884
3a6149fab26cee89b503edf2bc6c9dcb4432d1fe,DFW Airport,1749340805,Grapevine,1749340809,2025-06-07,1749340809,1749348223,13,7414,2025,6,2.5998248686514884,False,2.5998248686514884
b295b0a12f4b4184138dbf19babe31e75b22fd63,DFW Airport,1749354612,Grapevine,1749362819,2025-06-08,1749362819,1749393218,13,30399,2025,6,2.5998248686514884,False,2.5998248686514884
12515a9a97f800ad07643a638414aaddf1e91c3f,Dallas Love Field,1749329276,Dallas,1749363899,2025-06-08,1749363899,1749405700,38,41801,2025,6,,,
742baf98772d122dcd9ef0b5831861b3f6894fe4,DFW Airport,1749319481,Grapevine,1749375797,2025-06-08,1749375797,1749405858,61,30061,2025,6,2.5998248686514884,False,2.5998248686514884
dc5200685a5eb332a7df48c17e1a13f2a87169d2,DFW Airport,1749391816,Grapevine,1749393063,2025-06-08,1749393063,1749433378,10,40315,2025,6,2.5998248686514884,False,2.5998248686514884
b0a2f8cc1fd8ea628b03e0b8cf445798f91f7847,DFW Airport,1749401687,Grapevine,1749402267,2025-06-08,1749402267,1749412428,9,10161,2025,6,2.5998248686514884,False,2.5998248686514884
ce737824f88a224f2dc2c35369b85ed11e329070,DFW Airport,1749401372,Arlington,1749402605,2025-06-08,1749402605,1749429416,12,26811,2025,6,2.5998248686514884,False,2.5998248686514884
742baf98772d122dcd9ef0b5831861b3f6894fe4,DFW Airport,1749319481,Arlington,1749403920,2025-06-08,1749403920,1749424987,10,21067,2025,6,2.5998248686514884,False,2.5998248686514884
12515a9a97f800ad07643a638414aaddf1e91c3f,Dallas Love Field,1749345446,Arlington,1749405940,2025-06-08,1749405940,1749415479,24,9539,2025,6,,,
f6707e8851282968511348644dc20d2f69d76f2d,Dallas Love Field,1749427265,Dallas,1749428476,2025-06-08,1749428476,1749441822,28,13346,2025,6,,,
7bfdf4211b7acd81c0d679c0d0d9f621add073ca,DFW Airport,1749426165,Frisco,1749430726,2025-06-08,1749430726,1749440488,22,9762,2025,6,2.5998248686514884,False,2.5998248686514884
b9e04f174195877b1ace7669da2d67cb550e2757,DFW Airport,1749434292,Grapevine,1749434392,2025-06-08,1749434392,1749445131,8,10739,2025,6,2.5998248686514884,False,2.5998248686514884
ce737824f88a224f2dc2c35369b85ed11e329070,DFW Airport,1749429416,Arlington,1749451597,2025-06-09,1749451597,1749487307,4,35710,2025,6,2.5998248686514884,False,2.5998248686514884
e1ac623f963f974e733d6b670b4257679196a8ea,DFW Airport,1749433493,Fort Worth,1749454491,2025-06-09,1749454491,1749491201,19,36710,2025,6,2.5998248686514884,False,2.5998248686514884
d067a6f035442146c93eabd8546da7e48f28801f,Dallas Love Field,1749452880,Grand Prairie,1749457296,2025-06-09,1749457296,1749523297,25,66001,2025,6,,,
ae24475ac801cdf56e7d9ea90ea9f18b28010976,DFW Airport,1749471761,Grapevine,1749471773,2025-06-09,1749471773,1749479259,3,7486,2025,6,2.5998248686514884,False,2.5998248686514884
7f583df8e4ee5a6b060d06b30e3164873d0ff89b,DFW Airport,1749478298,Grapevine,1749478579,2025-06-09,1749478579,1749498567,7,19988,2025,6,2.5998248686514884,False,2.5998248686514884
7f583df8e4ee5a6b060d06b30e3164873d0ff89b,DFW Airport,1749478298,Fort Worth,1749480293,2025-06-09,1749480293,1749497017,6,16724,2025,6,2.5998248686514884,False,2.5998248686514884
83af59b4033167190d51e70898c5872861d648d1,Dallas Love Field,1749483709,Dallas,1749483883,2025-06-09,1749483883,1749522192,23,38309,2025,6,,,
83af59b4033167190d51e70898c5872861d648d1,Dallas Love Field,1749483709,Irving,1749485532,2025-06-09,1749485532,1749510993,5,25461,2025,6,,,
4cd82f60febcf6e5d17c2ff3db6492e934818851,DFW Airport,1749484217,Plano,1749488014,2025-06-09,1749488014,1749506630,3,18616,2025,6,2.5998248686514884,False,2.5998248686514884
4cd82f60febcf6e5d17c2ff3db6492e934818851,DFW Airport,1749484217,Allen,1749488375,2025-06-09,1749488375,1749505417,2,17042,2025,6,2.5998248686514884,False,2.5998248686514884
4cd82f60febcf6e5d17c2ff3db6492e934818851,DFW Airport,1749484217,McKinney,1749488405,2025-06-09,1749488405,1749523141,17,34736,2025,6,2.5998248686514884,False,2.5998248686514884
83af59b4033167190d51e70898c5872861d648d1,Dallas Love Field,1749483709,Arlington,1749495935,2025-06-09,1749495935,1749509023,4,13088,2025,6,,,
38c69ba8f041594b7c288fc91082eeee9ba07bf9,DFW Airport,1749492353,Dallas,1749497294,2025-06-09,1749497294,1749522148,4,24854,2025,6,2.5998248686514884,False,2.5998248686514884
97f1e988c481af1eb477d3b5f80a287fd337fb1a,DFW Airport,1749475025,Fort Worth,1749498411,2025-06-09,1749498411,1749506924,2,8513,2025,6,2.5998248686514884,False,2.5998248686514884
7f583df8e4ee5a6b060d06b30e3164873d0ff89b,DFW Airport,1749478298,Frisco,1749500480,2025-06-09,1749500480,1749530213,46,29733,2025,6,2.5998248686514884,False,2.5998248686514884
e01e8cb75a22c18b903a1dc541789f7c92f6824c,Dallas Love Field,1749500631,Dallas,1749500702,2025-06-09,1749500702,1749509645,9,8943,2025,6,,,
15484bf458a1a8a4fb88643b89e705463af54fe2,Dallas Love Field,1749498245,Fort Worth,1749505451,2025-06-09,1749505451,1749528729,28,23278,2025,6,,,
dbf9a57ead6beea83d4abcf2ba4586c36c525c32,DFW Airport,1749514439,Irving,1749516893,2025-06-09,1749516893,1749525245,9,8352,2025,6,2.5998248686514884,False,2.5998248686514884
15484bf458a1a8a4fb88643b89e705463af54fe2,Dallas Love Field,1749515056,Fort Worth,1749532172,2025-06-10,1749532172,1749540221,12,8049,2025,6,,,
38c69ba8f041594b7c288fc91082eeee9ba07bf9,DFW Airport,1749492353,Dallas,1749532710,2025-06-10,1749532710,1749578087,14,45377,2025,6,2.5998248686514884,False,2.5998248686514884
ae8ad71251eb3f112b07da24b7dd0b9708200535,DFW Airport,1749521488,Irving,1749533169,2025-06-10,1749533169,1749562977,13,29808,2025,6,2.5998248686514884,False,2.5998248686514884
c483fc347fb9f23b440b18903520e8c28855680a,DFW Airport,1749528297,Fort Worth,1749536734,2025-06-10,1749536734,1749595571,29,58837,2025,6,2.5998248686514884,False,2.5998248686514884
26ef922f239662464ad9341d7755b46160c13530,Dallas Love Field,1749534559,Irving,1749538603,2025-06-10,1749538603,1749598191,5,59588,2025,6,,,
7f583df8e4ee5a6b060d06b30e3164873d0ff89b,DFW Airport,1749515335,Frisco,1749541276,2025-06-10,1749541276,1749562853,24,21577,2025,6,2.5998248686514884,False,2.5998248686514884
af355ff75e5ff4767ef64198ea9b0bc03c8a3437,DFW Airport,1749547835,Grapevine,1749550135,2025-06-10,1749550135,1749570595,4,20460,2025,6,2.5998248686514884,False,2.5998248686514884
524a247aec1c9d163c309909504d0e2e8b58e3ca,Dallas Love Field,1749559339,Dallas,1749559352,2025-06-10,1749559352,1749617749,80,58397,2025,6,,,
43190cf7a24cf007e095859fd9750b3bc64c0a6e,Dallas Love Field,1749557557,Little Elm,1749564635,2025-06-10,1749564635,1749599698,9,35063,2025,6,,,
3670d561269990971dc6f9e5c291769101cf0007,DFW Airport,1749579632,Euless,1749582981,2025-06-10,1749582981,1749599779,19,16798,2025,6,2.5998248686514884,False,2.5998248686514884
2ef55a12d5331d665e7f5955bc252d45ae16deed,DFW Airport,1749580468,Grapevine,1749583521,2025-06-10,1749583521,1749597737,9,14216,2025,6,2.5998248686514884,False,2.5998248686514884
aab337bd2349c0a9f8ea99899875fddea8f52d5a,Dallas Love Field,1749586058,Mesquite,1749588414,2025-06-10,1749588414,1749599214,8,10800,2025,6,,,
aab337bd2349c0a9f8ea99899875fddea8f52d5a,Dallas Love Field,1749586058,Forney,1749588910,2025-06-10,1749588910,1749600642,13,11732,2025,6,,,
ea54fcc3ad12b76d3b52bbb77f20776cf59499c3,DFW Airport,1749589291,Grapevine,1749589797,2025-06-10,1749589797,1749609933,4,20136,2025,6,2.5998248686514884,False,2.5998248686514884
ea54fcc3ad12b76d3b52bbb77f20776cf59499c3,DFW Airport,1749589291,Frisco,1749596887,2025-06-10,1749596887,1749617946,20,21059,2025,6,2.5998248686514884,False,2.5998248686514884
ea54fcc3ad12b76d3b52bbb77f20776cf59499c3,DFW Airport,1749600148,Frisco,1749618480,2025-06-11,1749618480,1749646932,46,28452,2025,6,2.5998248686514884,False,2.5998248686514884
8e2e4ef243d0b5043819d4adefaae2b16910e3f8,Dallas Love Field,1749610144,Irving,1749622572,2025-06-11,1749622572,1749674164,30,51592,2025,6,,,
43190cf7a24cf007e095859fd9750b3bc64c0a6e,Dallas Love Field,1749557557,Little Elm,1749623233,2025-06-11,1749623233,1749651249,3,28016,2025,6,,,
aab337bd2349c0a9f8ea99899875fddea8f52d5a,Dallas Love Field,1749586058,Forney,1749624612,2025-06-11,1749624612,1749669838,30,45226,2025,6,,,
d567f3951d403f7f93bf87b30aa08f8a08a1b61c,DFW Airport,1749624365,Grapevine,1749625234,2025-06-11,1749625234,1749643535,5,18301,2025,6,2.5998248686514884,False,2.5998248686514884
6e70af208536e1a512107ae3b833d2b53cc5dbd5,DFW Airport,1749611238,Dallas,1749631195,2025-06-11,1749631195,1749696483,41,65288,2025,6,2.5998248686514884,False,2.5998248686514884
54bc57e0cd15e25fd23ad6c46d9102979f120b30,Dallas Love Field,1749656422,Dallas,1749657342,2025-06-11,1749657342,1749675145,36,17803,2025,6,,,
65d3ae73121a784da46305018fc1e13128fa7954,Dallas Love Field,1749656880,Dallas,1749658092,2025-06-11,1749658092,1749667969,8,9877,2025,6,,,
c2f61514582764e52cde1dfab499126f2143df33,DFW Airport,1749653574,Grapevine,1749659766,2025-06-11,1749659766,1749675078,13,15312,2025,6,2.5998248686514884,False,2.5998248686514884
a2ab122ca15a26c4c93402c46bf09da859568005,DFW Airport,1749661654,Grapevine,1749661655,2025-06-11,1749661655,1749674308,12,12653,2025,6,2.5998248686514884,False,2.5998248686514884
c2f61514582764e52cde1dfab499126f2143df33,DFW Airport,1749653574,Euless,1749664533,2025-06-11,1749664533,1749688997,48,24464,2025,6,2.5998248686514884,False,2.5998248686514884
59dd5c0621546b596f03437911e9b3b23e51e03e,DFW Airport,1749686121,Grapevine,1749686122,2025-06-11,1749686122,1749693755,24,7633,2025,6,2.5998248686514884,False,2.5998248686514884
e203b556d4a6418bb36c4b52241e7586ef9a6f22,Dallas Love Field,1749686186,Dallas,1749686259,2025-06-11,1749686259,1749695617,27,9358,2025,6,,,
d67a7e585b5a9e982bd4133e60bce029a34be753,Dallas Love Field,1749686248,Dallas,1749687844,2025-06-11,1749687844,1749697908,18,10064,2025,6,,,
cb451ff8fc90341cfecf380a931f4be93b7deb11,DFW Airport,1749689658,Hutchins,1749704500,2025-06-12,1749704500,1749723688,4,19188,2025,6,2.5998248686514884,False,2.5998248686514884
adb63068a44e88b97837c32c2dde9d4e3cc94b77,DFW Airport,1749694103,Arlington,1749704845,2025-06-12,1749704845,1749780289,44,75444,2025,6,2.5998248686514884,False,2.5998248686514884
2e08388c225db4b5f08e63de76de0ba0df76e456,DFW Airport,1749672791,Plano,1749705945,2025-06-12,1749705945,1749785178,14,79233,2025,6,2.5998248686514884,False,2.5998248686514884
a09d3020011e37cec5e4376c71bbff5906481a87,DFW Airport,1749709740,Grapevine,1749709896,2025-06-12,1749709896,1749786021,12,76125,2025,6,2.5998248686514884,False,2.5998248686514884
a09d3020011e37cec5e4376c71bbff5906481a87,DFW Airport,1749709740,Euless,1749711616,2025-06-12,1749711616,1749787495,55,75879,2025,6,2.5998248686514884,False,2.5998248686514884
6eaff8a35327f1bbeff784d55bdf573fb585acff,DFW Airport,1749726487,Grapevine,1749726524,2025-06-12,1749726524,1749737253,16,10729,2025,6,2.5998248686514884,False,2.5998248686514884
a09d3020011e37cec5e4376c71bbff5906481a87,DFW Airport,1749709740,Fort Worth,1749747640,2025-06-12,1749747640,1749759702,6,12062,2025,6,2.5998248686514884,False,2.5998248686514884
f84111f3644ab5328319c15e0b37ae4cd9c2fe15,Dallas Love Field,1749755251,Dallas,1749755288,2025-06-12,1749755288,1749764806,47,9518,2025,6,,,
1942e7d525652e99054ed0e247874e003199339c,DFW Airport,1749764761,Grapevine,1749764763,2025-06-12,1749764763,1749777277,5,12514,2025,6,2.5998248686514884,False,2.5998248686514884
f84111f3644ab5328319c15e0b37ae4cd9c2fe15,Dallas Love Field,1749755251,Arlington,1749767213,2025-06-12,1749767213,1749790480,180,23267,2025,6,,,
2b6a7feadca5b88f13c19265849c3bd8763f617a,Dallas Love Field,1749759204,Euless,1749773742,2025-06-12,1749773742,1749790514,25,16772,2025,6,,,
b31e3fe19e78623f8b3e8d1f57f1d1afb1a16f04,Dallas Love Field,1749772777,Dallas,1749774292,2025-06-12,1749774292,1749783879,9,9587,2025,6,,,
2b6a7feadca5b88f13c19265849c3bd8763f617a,Dallas Love Field,1749759204,Fort Worth,1749776340,2025-06-12,1749776340,1749788766,6,12426,2025,6,,,
2b6a7feadca5b88f13c19265849c3bd8763f617a,Dallas Love Field,1749759204,Grapevine,1749776457,2025-06-12,1749776457,1749788614,32,12157,2025,6,,,
f84111f3644ab5328319c15e0b37ae4cd9c2fe15,Dallas Love Field,1749755251,Arlington,1749790928,2025-06-13,1749790928,1749841774,257,50846,2025,6,,,
2e08388c225db4b5f08e63de76de0ba0df76e456,DFW Airport,1749766749,Plano,1749792303,2025-06-13,1749792303,1749841634,27,49331,2025,6,2.5998248686514884,False,2.5998248686514884
e567cca64e0c0c9d09e93d3370e276a54d39cafd,DFW Airport,1749795714,Euless,1749796389,2025-06-13,1749796389,1749873403,22,77014,2025,6,2.5998248686514884,False,2.5998248686514884
1e6246eea2ee552657ac340b9ead75810e12d8d0,DFW Airport,1749748633,Grapevine,1749812659,2025-06-13,1749812659,1749858454,8,45795,2025,6,2.5998248686514884,False,2.5998248686514884
2b6a7feadca5b88f13c19265849c3bd8763f617a,Dallas Love Field,1749773742,Euless,1749829979,2025-06-13,1749829979,1749838883,20,8904,2025,6,,,
d9dddcf6f2a8570da790555ac289295c5b0c5db7,Dallas Love Field,1749829502,Richardson,1749832950,2025-06-13,1749832950,1749856987,4,24037,2025,6,,,
683ffd7b911a3dca1ed4362a1d0195ba8d0ff60b,DFW Airport,1749832662,Arlington,1749834115,2025-06-13,1749834115,1749874868,54,40753,2025,6,2.5998248686514884,False,2.5998248686514884
e2b167d3e09231a3d18b4731268fe47d8f891bce,DFW Airport,1749834482,Grapevine,1749834500,2025-06-13,1749834500,1749842197,5,7697,2025,6,2.5998248686514884,False,2.5998248686514884
2e08388c225db4b5f08e63de76de0ba0df76e456,DFW Airport,1749766749,Grapevine,1749842480,2025-06-13,1749842480,1749849918,2,7438,2025,6,2.5998248686514884,False,2.5998248686514884
d9dddcf6f2a8570da790555ac289295c5b0c5db7,Dallas Love Field,1749829502,Garland,1749843368,2025-06-13,1749843368,1749858632,7,15264,2025,6,,,
e567cca64e0c0c9d09e93d3370e276a54d39cafd,DFW Airport,1749795714,Grapevine,1749846827,2025-06-13,1749846827,1749874173,9,27346,2025,6,2.5998248686514884,False,2.5998248686514884
3a035fc58589ffc625aecb7285bdcec6b0bd2030,Dallas Love Field,1749851108,Dallas,1749851109,2025-06-13,1749851109,1749858483,10,7374,2025,6,,,
4b744087c20bf46d9471a6b33960e127c483fcf5,DFW Airport,1749850410,Grapevine,1749851648,2025-06-13,1749851648,1749864403,24,12755,2025,6,2.5998248686514884,False,2.5998248686514884
9cf0de923ed32bccd21ab4fa3d66b6a28c148bc6,DFW Airport,1749855296,Grapevine,1749855337,2025-06-13,1749855337,1749863609,3,8272,2025,6,2.5998248686514884,False,2.5998248686514884
683ffd7b911a3dca1ed4362a1d0195ba8d0ff60b,DFW Airport,1749832662,Ferris,1749857379,2025-06-13,1749857379,1749866764,10,9385,2025,6,2.5998248686514884,False,2.5998248686514884
77952357a5ecb9496342c8e5ad7fc9079c7396d8,DFW Airport,1749858546,Grapevine,1749858563,2025-06-13,1749858563,1749870019,57,11456,2025,6,2.5998248686514884,False,2.5998248686514884
683ffd7b911a3dca1ed4362a1d0195ba8d0ff60b,DFW Airport,1749864988,Arlington,1749879003,2025-06-14,1749879003,1749918438,20,39435,2025,6,2.5998248686514884,False,2.5998248686514884
1e6246eea2ee552657ac340b9ead75810e12d8d0,DFW Airport,1749860311,Wylie,1749879608,2025-06-14,1749879608,1749930441,16,50833,2025,6,2.5998248686514884,False,2.5998248686514884
a4ed7698d80e258013abf2e036ee82f05bf0051d,DFW Airport,1749842601,Rockwall,1749881497,2025-06-14,1749881497,1749914411,11,32914,2025,6,2.5998248686514884,False,2.5998248686514884
742baf98772d122dcd9ef0b5831861b3f6894fe4,DFW Airport,1749911234,Grapevine,1749911693,2025-06-14,1749911693,1749924255,11,12562,2025,6,2.5998248686514884,False,2.5998248686514884
4545f679dec9a54c1c48bf362520d54a8091311a,Dallas Love Field,1749937987,Irving,1749941669,2025-06-14,1749941669,1749956052,118,14383,2025,6,,,
0012ad4f9eb8fff5a2abc66e8d3b172f25d18262,Dallas Love Field,1749938273,Irving,1749941675,2025-06-14,1749941675,1749963552,329,21877,2025,6,,,
e567cca64e0c0c9d09e93d3370e276a54d39cafd,DFW Airport,1749943234,Grapevine,1749943267,2025-06-14,1749943267,1749952158,7,8891,2025,6,2.5998248686514884,False,2.5998248686514884
0012ad4f9eb8fff5a2abc66e8d3b172f25d18262,Dallas Love Field,1749945723,Irving,1749963621,2025-06-15,1749963621,1750009827,636,46206,2025,6,,,
e5e657ee44b96a6ce17d40074cab62e47365ab94,DFW Airport,1749962239,Grapevine,1749964018,2025-06-15,1749964018,1749994723,17,30705,2025,6,2.5998248686514884,False,2.5998248686514884
e567cca64e0c0c9d09e93d3370e276a54d39cafd,DFW Airport,1749943234,Euless,1749969873,2025-06-15,1749969873,1749993458,6,23585,2025,6,2.5998248686514884,False,2.5998248686514884
e5e657ee44b96a6ce17d40074cab62e47365ab94,DFW Airport,1749962239,Irving,1749973574,2025-06-15,1749973574,1749994916,9,21342,2025,6,2.5998248686514884,False,2.5998248686514884
b295b0a12f4b4184138dbf19babe31e75b22fd63,DFW Airport,1749969373,Grapevine,1749974580,2025-06-15,1749974580,1749998018,3,23438,2025,6,2.5998248686514884,False,2.5998248686514884
4545f679dec9a54c1c48bf362520d54a8091311a,Dallas Love Field,1749945657,Irving,1749977807,2025-06-15,1749977807,1750009806,184,31999,2025,6,,,
742baf98772d122dcd9ef0b5831861b3f6894fe4,DFW Airport,1749911234,Grapevine,1749989529,2025-06-15,1749989529,1749997575,9,8046,2025,6,2.5998248686514884,False,2.5998248686514884
dc5200685a5eb332a7df48c17e1a13f2a87169d2,DFW Airport,1749994017,Grapevine,1749994145,2025-06-15,1749994145,1750038155,8,44010,2025,6,2.5998248686514884,False,2.5998248686514884
06e56e44bb1bcef1c26ded0d0d7293589a810aa2,DFW Airport,1750004375,Frisco,1750006526,2025-06-15,1750006526,1750018591,2,12065,2025,6,2.5998248686514884,False,2.5998248686514884
0012ad4f9eb8fff5a2abc66e8d3b172f25d18262,Dallas Love Field,1749938273,Grand Prairie,1750010347,2025-06-15,1750010347,1750024630,314,14283,2025,6,,,
4545f679dec9a54c1c48bf362520d54a8091311a,Dallas Love Field,1749945657,Grand Prairie,1750010404,2025-06-15,1750010404,1750024659,303,14255,2025,6,,,
a7503c46402037be964e75418d4c36c91652ebb8,DFW Airport,1750012845,Grapevine,1750012850,2025-06-15,1750012850,1750028933,18,16083,2025,6,2.5998248686514884,False,2.5998248686514884
106566ebcf2ab1a1e7a53642d094b67a859dc419,DFW Airport,1750011547,Grapevine,1750013517,2025-06-15,1750013517,1750021308,4,7791,2025,6,2.5998248686514884,False,2.5998248686514884
d2fa0a23beec18ee6bf670a049e049efec47d6a9,Dallas Love Field,1750015191,Dallas,1750015237,2025-06-15,1750015237,1750039012,8,23775,2025,6,,,
3be56fabfd8ec022c15f4159964e33f1b92098ed,DFW Airport,1750022638,Grapevine,1750022746,2025-06-15,1750022746,1750031126,13,8380,2025,6,2.5998248686514884,False,2.5998248686514884
4009254d303d80ba5304768deca943747977256c,DFW Airport,1750022512,Grapevine,1750023809,2025-06-15,1750023809,1750031713,4,7904,2025,6,2.5998248686514884,False,2.5998248686514884
29198d42211fb67f082646cfb1a8e240620fe5b1,DFW Airport,1750024067,Irving,1750026481,2025-06-15,1750026481,1750047003,15,20522,2025,6,2.5998248686514884,False,2.5998248686514884
c5ca16f520e5fc32727f98de5402cbea35d7b39e,DFW Airport,1750027080,McLendon-Chisholm,1750030804,2025-06-15,1750030804,1750048479,16,17675,2025,6,2.5998248686514884,False,2.5998248686514884
ac9ccf8303e1b6879e5223977e7d2a48d0ed2261,DFW Airport,1750026742,Grapevine,1750035028,2025-06-15,1750035028,1750044276,14,9248,2025,6,2.5998248686514884,False,2.5998248686514884
d2fa0a23beec18ee6bf670a049e049efec47d6a9,Dallas Love Field,1750015191,Fort Worth,1750036918,2025-06-15,1750036918,1750049920,9,13002,2025,6,,,
06afd7b7e860eb777dc614ce947d6819999415dc,Dallas Love Field,1750038426,Dallas,1750038493,2025-06-15,1750038493,1750045731,20,7238,2025,6,,,
3e8468a2571cc39e6baed31f6f898b07da98cbd2,DFW Airport,1750028992,Fort Worth,1750038845,2025-06-15,1750038845,1750049682,15,10837,2025,6,2.5998248686514884,False,2.5998248686514884
f9a0cfcc5aa85c9160b320518d3cdacd02cf612d,DFW Airport,1750048772,Little Elm,1750051894,2025-06-16,1750051894,1750134223,54,82329,2025,6,2.5998248686514884,False,2.5998248686514884
3e8468a2571cc39e6baed31f6f898b07da98cbd2,DFW Airport,1750038845,Fort Worth,1750051933,2025-06-16,1750051933,1750077217,28,25284,2025,6,2.5998248686514884,False,2.5998248686514884
c5ca16f520e5fc32727f98de5402cbea35d7b39e,DFW Airport,1750027080,McLendon-Chisholm,1750051986,2025-06-16,1750051986,1750096563,24,44577,2025,6,2.5998248686514884,False,2.5998248686514884
29198d42211fb67f082646cfb1a8e240620fe5b1,DFW Airport,1750024067,Irving,1750055581,2025-06-16,1750055581,1750105116,40,49535,2025,6,2.5998248686514884,False,2.5998248686514884
d2fa0a23beec18ee6bf670a049e049efec47d6a9,Dallas Love Field,1750036918,Fort Worth,1750059081,2025-06-16,1750059081,1750101335,40,42254,2025,6,,,
c5ca16f520e5fc32727f98de5402cbea35d7b39e,DFW Airport,1750033714,Rockwall,1750073632,2025-06-16,1750073632,1750097232,22,23600,2025,6,2.5998248686514884,False,2.5998248686514884
3e8468a2571cc39e6baed31f6f898b07da98cbd2,DFW Airport,1750028992,Grapevine,1750081405,2025-06-16,1750081405,1750112635,26,31230,2025,6,2.5998248686514884,False,2.5998248686514884
8f8363ee842b730cf1ebcc3164b4a10d4becb385,Dallas Love Field,1750090731,Dallas,1750091226,2025-06-16,1750091226,1750124773,57,33547,2025,6,,,
c5ca16f520e5fc32727f98de5402cbea35d7b39e,DFW Airport,1750033714,Dallas,1750099309,2025-06-16,1750099309,1750108035,10,8726,2025,6,2.5998248686514884,False,2.5998248686514884
a4f52af958561a81c4a313c6f6d74dd51ad1e719,DFW Airport,1750040656,Grapevine,1750110126,2025-06-16,1750110126,1750117786,7,7660,2025,6,2.5998248686514884,False,2.5998248686514884
98cf3014ff6aa3cb36f62387a89faf5ec865851a,DFW Airport,1750123529,Grand Prairie,1750125311,2025-06-16,1750125311,1750136036,10,10725,2025,6,2.5998248686514884,False,2.5998248686514884
84d73366824d48da0491208f241b9dcb76ef4f41,DFW Airport,1750124518,Arlington,1750128534,2025-06-16,1750128534,1750135823,7,7289,2025,6,2.5998248686514884,False,2.5998248686514884
2e82776944236356be9fdb61c8ad8f2b6cdef703,DFW Airport,1750136126,Grapevine,1750136428,2025-06-17,1750136428,1750146447,14,10019,2025,6,2.5998248686514884,False,2.5998248686514884
98cf3014ff6aa3cb36f62387a89faf5ec865851a,DFW Airport,1750123529,Grand Prairie,1750145861,2025-06-17,1750145861,1750207780,16,61919,2025,6,2.5998248686514884,False,2.5998248686514884
af355ff75e5ff4767ef64198ea9b0bc03c8a3437,DFW Airport,1750152630,Grapevine,1750154864,2025-06-17,1750154864,1750175343,5,20479,2025,6,2.5998248686514884,False,2.5998248686514884
3e03b990f1665420b340e2968d73262a8e96ec84,DFW Airport,1750180794,Bedford,1750184128,2025-06-17,1750184128,1750192372,10,8244,2025,6,2.5998248686514884,False,2.5998248686514884
38dd8d58333227d80eafead065a9cf259cd0af1f,DFW Airport,1750183986,Grapevine,1750184342,2025-06-17,1750184342,1750193861,5,9519,2025,6,2.5998248686514884,False,2.5998248686514884
3e03b990f1665420b340e2968d73262a8e96ec84,DFW Airport,1750180794,Hurst,1750184605,2025-06-17,1750184605,1750221499,44,36894,2025,6,2.5998248686514884,False,2.5998248686514884
28dd8ae377487a049b6479b91dab96f301aa833b,Dallas Love Field,1750188153,Garland,1750191714,2025-06-17,1750191714,1750219696,23,27982,2025,6,,,
c8436353f595133f9f272aeb04363a1a8dc1f2d7,DFW Airport,1750195761,Grapevine,1750195884,2025-06-17,1750195884,1750216599,30,20715,2025,6,2.5998248686514884,False,2.5998248686514884
ea54fcc3ad12b76d3b52bbb77f20776cf59499c3,DFW Airport,1750194091,Frisco,1750203839,2025-06-17,1750203839,1750213614,10,9775,2025,6,2.5998248686514884,False,2.5998248686514884
2aa6c8bc00ee88da7329df350bde03b775553513,Dallas Love Field,1750201476,Allen,1750204236,2025-06-17,1750204236,1750220277,19,16041,2025,6,,,
3e03b990f1665420b340e2968d73262a8e96ec84,DFW Airport,1750207747,Hurst,1750223782,2025-06-18,1750223782,1750232495,18,8713,2025,6,2.5998248686514884,False,2.5998248686514884
2aa6c8bc00ee88da7329df350bde03b775553513,Dallas Love Field,1750201476,Allen,1750225377,2025-06-18,1750225377,1750287859,44,62482,2025,6,,,
28dd8ae377487a049b6479b91dab96f301aa833b,Dallas Love Field,1750188153,Garland,1750235893,2025-06-18,1750235893,1750276453,9,40560,2025,6,,,
28dd8ae377487a049b6479b91dab96f301aa833b,Dallas Love Field,1750188153,Richardson,1750238136,2025-06-18,1750238136,1750275201,2,37065,2025,6,,,
28dd8ae377487a049b6479b91dab96f301aa833b,Dallas Love Field,1750188153,Dallas,1750239681,2025-06-18,1750239681,1750274534,27,34853,2025,6,,,
498763a1946863036ab8ff6a02900d3c3a5f2f01,DFW Airport,1750255424,Grapevine,1750255587,2025-06-18,1750255587,1750265240,2,9653,2025,6,2.5998248686514884,False,2.5998248686514884
e1d6efd7f3331b65be6b47e815f7865c1aedeb33,DFW Airport,1750259518,Grapevine,1750259954,2025-06-18,1750259954,1750307113,6,47159,2025,6,2.5998248686514884,False,2.5998248686514884
03ec07017746c80e5d971adff15b99cf1a0279d1,DFW Airport,1750267919,Grapevine,1750268489,2025-06-18,1750268489,1750290398,8,21909,2025,6,2.5998248686514884,False,2.5998248686514884
2a2cc91b35b37bdfb55b118f9aa9e367a1b4eaa9,Dallas Love Field,1750275102,Dallas,1750278257,2025-06-18,1750278257,1750296163,18,17906,2025,6,,,
2a2cc91b35b37bdfb55b118f9aa9e367a1b4eaa9,Dallas Love Field,1750275102,Duncanville,1750279688,2025-06-18,1750279688,1750307176,49,27488,2025,6,,,
2f2a654f52dd7530d59aead5cf4670b3de120910,Dallas Love Field,1750290630,Dallas,1750294310,2025-06-18,1750294310,1750308912,11,14602,2025,6,,,
2a2cc91b35b37bdfb55b118f9aa9e367a1b4eaa9,Dallas Love Field,1750275102,Duncanville,1750309642,2025-06-19,1750309642,1750319236,14,9594,2025,6,,,
2f2a654f52dd7530d59aead5cf4670b3de120910,Dallas Love Field,1750290630,Dallas,1750310685,2025-06-19,1750310685,1750376448,44,65763,2025,6,,,
2e08388c225db4b5f08e63de76de0ba0df76e456,DFW Airport,1750277628,Plano,1750310723,2025-06-19,1750310723,1750389975,13,79252,2025,6,2.5998248686514884,False,2.5998248686514884
aa0e14fc4bb415758c2dd19671b9b12273ff5ef4,Dallas Love Field,1750298006,Farmers Branch,1750311161,2025-06-19,1750311161,1750383641,26,72480,2025,6,,,
e27c9087bba475718bdec71e4c32f9f2df19715a,DFW Airport,1750287211,North Richland Hills,1750314538,2025-06-19,1750314538,1750338819,10,24281,2025,6,2.5998248686514884,False,2.5998248686514884
cb451ff8fc90341cfecf380a931f4be93b7deb11,DFW Airport,1750294455,Hutchins,1750318996,2025-06-19,1750318996,1750328473,3,9477,2025,6,2.5998248686514884,False,2.5998248686514884
6eaff8a35327f1bbeff784d55bdf573fb585acff,DFW Airport,1750331333,Grapevine,1750334456,2025-06-19,1750334456,1750342071,5,7615,2025,6,2.5998248686514884,False,2.5998248686514884
15e39435fe48380b75860ff247bfdd8ee541bd09,DFW Airport,1750337719,Grapevine,1750337863,2025-06-19,1750337863,1750346220,3,8357,2025,6,2.5998248686514884,False,2.5998248686514884
3962a4e432e0e8f7ff77cf9061fe881246f3546f,DFW Airport,1750335906,Dallas,1750339491,2025-06-19,1750339491,1750389340,48,49849,2025,6,2.5998248686514884,False,2.5998248686514884
15e39435fe48380b75860ff247bfdd8ee541bd09,DFW Airport,1750337719,Dallas,1750342501,2025-06-19,1750342501,1750386729,13,44228,2025,6,2.5998248686514884,False,2.5998248686514884
3110cb59bff564395f895761b32e466e54d7cd80,DFW Airport,1750342019,Dallas,1750342823,2025-06-19,1750342823,1750380287,20,37464,2025,6,2.5998248686514884,False,2.5998248686514884
aa0e14fc4bb415758c2dd19671b9b12273ff5ef4,Dallas Love Field,1750298006,Dallas,1750353649,2025-06-19,1750353649,1750383406,23,29757,2025,6,,,
b0c3b5c66140d40dc23c5dc7835287bd219645bc,DFW Airport,1750361205,Grapevine,1750361867,2025-06-19,1750361867,1750384370,19,22503,2025,6,2.5998248686514884,False,2.5998248686514884
9e7cfa387fa97fa35a80fe3433bcb2d3aadd4ecd,Dallas Love Field,1750366595,Dallas,1750366598,2025-06-19,1750366598,1750390627,15,24029,2025,6,,,
15e39435fe48380b75860ff247bfdd8ee541bd09,DFW Airport,1750337719,Arlington,1750368125,2025-06-19,1750368125,1750386293,3,18168,2025,6,2.5998248686514884,False,2.5998248686514884
3004bf66b010628e3e061f3edfdde1b0845cbe51,DFW Airport,1750367388,Grapevine,1750368152,2025-06-19,1750368152,1750386147,34,17995,2025,6,2.5998248686514884,False,2.5998248686514884
1942e7d525652e99054ed0e247874e003199339c,DFW Airport,1750369577,Grapevine,1750369598,2025-06-19,1750369598,1750382083,3,12485,2025,6,2.5998248686514884,False,2.5998248686514884
2e08388c225db4b5f08e63de76de0ba0df76e456,DFW Airport,1750371582,Plano,1750397132,2025-06-20,1750397132,1750446436,18,49304,2025,6,2.5998248686514884,False,2.5998248686514884
15e39435fe48380b75860ff247bfdd8ee541bd09,DFW Airport,1750379612,Dallas,1750400984,2025-06-20,1750400984,1750428384,4,27400,2025,6,2.5998248686514884,False,2.5998248686514884
1ca578d749c458fcdbb75be56369a500f7d1472e,DFW Airport,1750401847,Grapevine,1750403043,2025-06-20,1750403043,1750414002,7,10959,2025,6,2.5998248686514884,False,2.5998248686514884
9e7cfa387fa97fa35a80fe3433bcb2d3aadd4ecd,Dallas Love Field,1750366595,Dallas,1750404043,2025-06-20,1750404043,1750422857,12,18814,2025,6,,,
a5fc256b3a12ff3ae14c7a11d0747a2b41e57ccd,DFW Airport,1750421753,Grapevine,1750422574,2025-06-20,1750422574,1750470467,6,47893,2025,6,2.5998248686514884,False,2.5998248686514884
2eed1260b56762c802025b3d182c559af94f8fbc,Dallas Love Field,1750423400,Dallas,1750423535,2025-06-20,1750423535,1750433678,9,10143,2025,6,,,
0fa81d7065daa8b331e9b03b146c3afa1b6af864,DFW Airport,1750389140,Grapevine,1750424939,2025-06-20,1750424939,1750473029,42,48090,2025,6,2.5998248686514884,False,2.5998248686514884
a5fc256b3a12ff3ae14c7a11d0747a2b41e57ccd,DFW Airport,1750421753,Fort Worth,1750427096,2025-06-20,1750427096,1750461832,12,34736,2025,6,2.5998248686514884,False,2.5998248686514884
61832a0bcc4c18d1c4b96e5a6311acafe14a2052,Dallas Love Field,1750437801,Dallas,1750442767,2025-06-20,1750442767,1750477866,31,35099,2025,6,,,
4495f7a2aa21635024b19fbe77f5c279618cc836,DFW Airport,1750446873,Grapevine,1750446877,2025-06-20,1750446877,1750454568,5,7691,2025,6,2.5998248686514884,False,2.5998248686514884
2e08388c225db4b5f08e63de76de0ba0df76e456,DFW Airport,1750371582,Grapevine,1750447275,2025-06-20,1750447275,1750457967,4,10692,2025,6,2.5998248686514884,False,2.5998248686514884
c42c4c9e4f6f23fa5454f071809b7ec95a63399f,Dallas Love Field,1750442694,Celina,1750452330,2025-06-20,1750452330,1750480449,18,28119,2025,6,,,
06da6beb208849b33337e638480396e0ce7ed00a,DFW Airport,1750463747,Grapevine,1750464533,2025-06-20,1750464533,1750481673,54,17140,2025,6,2.5998248686514884,False,2.5998248686514884
77952357a5ecb9496342c8e5ad7fc9079c7396d8,DFW Airport,1750466344,Grapevine,1750466368,2025-06-20,1750466368,1750474813,4,8445,2025,6,2.5998248686514884,False,2.5998248686514884
a5fc256b3a12ff3ae14c7a11d0747a2b41e57ccd,DFW Airport,1750421753,Arlington,1750468048,2025-06-20,1750468048,1750479619,14,11571,2025,6,2.5998248686514884,False,2.5998248686514884
e5e657ee44b96a6ce17d40074cab62e47365ab94,DFW Airport,1750468145,Grapevine,1750468196,2025-06-20,1750468196,1750480985,18,12789,2025,6,2.5998248686514884,False,2.5998248686514884
f021d864cf1a0d836168a19fa91944dc51824105,DFW Airport,1750470453,Grapevine,1750470886,2025-06-20,1750470886,1750478877,9,7991,2025,6,2.5998248686514884,False,2.5998248686514884
a5fc256b3a12ff3ae14c7a11d0747a2b41e57ccd,DFW Airport,1750421753,Grapevine,1750484767,2025-06-21,1750484767,1750508705,9,23938,2025,6,2.5998248686514884,False,2.5998248686514884
e5e657ee44b96a6ce17d40074cab62e47365ab94,DFW Airport,1750468145,Grapevine,1750486270,2025-06-21,1750486270,1750563377,6,77107,2025,6,2.5998248686514884,False,2.5998248686514884
a5fc256b3a12ff3ae14c7a11d0747a2b41e57ccd,DFW Airport,1750421753,Fort Worth,1750491839,2025-06-21,1750491839,1750539456,26,47617,2025,6,2.5998248686514884,False,2.5998248686514884
c42c4c9e4f6f23fa5454f071809b7ec95a63399f,Dallas Love Field,1750465545,Denton,1750494684,2025-06-21,1750494684,1750510386,6,15702,2025,6,,,
1e6246eea2ee552657ac340b9ead75810e12d8d0,DFW Airport,1750460633,Wylie,1750496461,2025-06-21,1750496461,1750517294,6,20833,2025,6,2.5998248686514884,False,2.5998248686514884
4b5e2c0f46482cd1208b4a936acecf1e540e8ac9,DFW Airport,1750507642,Grapevine,1750507731,2025-06-21,1750507731,1750540955,7,33224,2025,6,2.5998248686514884,False,2.5998248686514884
4b5e2c0f46482cd1208b4a936acecf1e540e8ac9,DFW Airport,1750507642,Fort Worth,1750512477,2025-06-21,1750512477,1750541446,5,28969,2025,6,2.5998248686514884,False,2.5998248686514884
b591ab462f9e9bbaf67f436a12d397bc825b0976,Dallas Love Field,1750516931,Frisco,1750519877,2025-06-21,1750519877,1750566405,23,46528,2025,6,,,
8c138b4187fefc332db3f6cc6d5dd32ca1780465,Dallas Love Field,1750512934,Frisco,1750533649,2025-06-21,1750533649,1750545160,3,11511,2025,6,,,
8c138b4187fefc332db3f6cc6d5dd32ca1780465,Dallas Love Field,1750512934,Plano,1750536907,2025-06-21,1750536907,1750566606,13,29699,2025,6,,,
1451eb68de66871a312d5218fe9abd41a4375521,Dallas Love Field,1750535488,Arlington,1750537700,2025-06-21,1750537700,1750552540,21,14840,2025,6,,,
1451eb68de66871a312d5218fe9abd41a4375521,Dallas Love Field,1750535488,Dalworthington Gardens,1750538686,2025-06-21,1750538686,1750559165,22,20479,2025,6,,,
4b5e2c0f46482cd1208b4a936acecf1e540e8ac9,DFW Airport,1750507642,Midlothian,1750543022,2025-06-21,1750543022,1750568180,20,25158,2025,6,2.5998248686514884,False,2.5998248686514884
7862fcecd7cbe723969ff70066137e6c915c2840,DFW Airport,1750549811,Grapevine,1750551049,2025-06-21,1750551049,1750559823,7,8774,2025,6,2.5998248686514884,False,2.5998248686514884
61832a0bcc4c18d1c4b96e5a6311acafe14a2052,Dallas Love Field,1750559709,Irving,1750568652,2025-06-22,1750568652,1750652702,8,84050,2025,6,,,
e5e657ee44b96a6ce17d40074cab62e47365ab94,DFW Airport,1750562623,Grapevine,1750568868,2025-06-22,1750568868,1750599529,10,30661,2025,6,2.5998248686514884,False,2.5998248686514884
4b5e2c0f46482cd1208b4a936acecf1e540e8ac9,DFW Airport,1750551770,Midlothian,1750569405,2025-06-22,1750569405,1750593747,38,24342,2025,6,2.5998248686514884,False,2.5998248686514884
b591ab462f9e9bbaf67f436a12d397bc825b0976,Dallas Love Field,1750553646,Frisco,1750570272,2025-06-22,1750570272,1750602886,4,32614,2025,6,,,
b295b0a12f4b4184138dbf19babe31e75b22fd63,DFW Airport,1750572400,Grapevine,1750572408,2025-06-22,1750572408,1750602812,5,30404,2025,6,2.5998248686514884,False,2.5998248686514884
8c138b4187fefc332db3f6cc6d5dd32ca1780465,Dallas Love Field,1750554946,Plano,1750574646,2025-06-22,1750574646,1750590543,6,15897,2025,6,,,
e567cca64e0c0c9d09e93d3370e276a54d39cafd,DFW Airport,1750556955,Euless,1750574679,2025-06-22,1750574679,1750643015,7,68336,2025,6,2.5998248686514884,False,2.5998248686514884
78cc26428a67868b6c8ad865b70cb40fa4a8b9aa,DFW Airport,1750527635,Plano,1750577086,2025-06-22,1750577086,1750598668,3,21582,2025,6,2.5998248686514884,False,2.5998248686514884
e5e657ee44b96a6ce17d40074cab62e47365ab94,DFW Airport,1750562623,Irving,1750578367,2025-06-22,1750578367,1750599656,7,21289,2025,6,2.5998248686514884,False,2.5998248686514884
1451eb68de66871a312d5218fe9abd41a4375521,Dallas Love Field,1750535488,Dalworthington Gardens,1750579477,2025-06-22,1750579477,1750618305,18,38828,2025,6,,,
742baf98772d122dcd9ef0b5831861b3f6894fe4,DFW Airport,1750529050,Grapevine,1750594368,2025-06-22,1750594368,1750615458,19,21090,2025,6,2.5998248686514884,False,2.5998248686514884
61832a0bcc4c18d1c4b96e5a6311acafe14a2052,Dallas Love Field,1750559709,Dallas,1750595300,2025-06-22,1750595300,1750626754,9,31454,2025,6,,,
6f3fced5fbadb34efa06bd6251176d13c0b980e8,DFW Airport,1750599719,Grapevine,1750602064,2025-06-22,1750602064,1750613563,4,11499,2025,6,2.5998248686514884,False,2.5998248686514884
dc5200685a5eb332a7df48c17e1a13f2a87169d2,DFW Airport,1750601426,Grapevine,1750603311,2025-06-22,1750603311,1750642958,3,39647,2025,6,2.5998248686514884,False,2.5998248686514884
940bc5c8e0346fadafe92c8227e56443c3c6837c,DFW Airport,1750606229,Euless,1750608079,2025-06-22,1750608079,1750647453,23,39374,2025,6,2.5998248686514884,False,2.5998248686514884
e71a9e81d6d8edd4289bb4a04c9482793877ca45,Dallas Love Field,1750611291,Arlington,1750613576,2025-06-22,1750613576,1750653108,55,39532,2025,6,,,
a4f52af958561a81c4a313c6f6d74dd51ad1e719,DFW Airport,1750615621,Grapevine,1750615947,2025-06-22,1750615947,1750646901,20,30954,2025,6,2.5998248686514884,False,2.5998248686514884
940bc5c8e0346fadafe92c8227e56443c3c6837c,DFW Airport,1750606229,Arlington,1750616600,2025-06-22,1750616600,1750652265,19,35665,2025,6,2.5998248686514884,False,2.5998248686514884
27fc5958eb8f939d66b58f2524dbb96aa15f2476,DFW Airport,1750620966,Dallas,1750623890,2025-06-22,1750623890,1750645082,37,21192,2025,6,2.5998248686514884,False,2.5998248686514884
27fc5958eb8f939d66b58f2524dbb96aa15f2476,DFW Airport,1750620966,Richardson,1750624602,2025-06-22,1750624602,1750649705,5,25103,2025,6,2.5998248686514884,False,2.5998248686514884
27fc5958eb8f939d66b58f2524dbb96aa15f2476,DFW Airport,1750620966,Plano,1750624932,2025-06-22,1750624932,1750650696,29,25764,2025,6,2.5998248686514884,False,2.5998248686514884
4009254d303d80ba5304768deca943747977256c,DFW Airport,1750624375,Grapevine,1750625786,2025-06-22,1750625786,1750636521,5,10735,2025,6,2.5998248686514884,False,2.5998248686514884
742baf98772d122dcd9ef0b5831861b3f6894fe4,DFW Airport,1750607158,Arlington,1750628782,2025-06-22,1750628782,1750648628,7,19846,2025,6,2.5998248686514884,False,2.5998248686514884
27fc5958eb8f939d66b58f2524dbb96aa15f2476,DFW Airport,1750620966,Plano,1750656925,2025-06-23,1750656925,1750686912,18,29987,2025,6,2.5998248686514884,False,2.5998248686514884
8f575b049b199b95bc2175c1c55d1e14d493ea1d,Dallas Love Field,1750684498,Fort Worth,1750691294,2025-06-23,1750691294,1750726069,23,34775,2025,6,,,
ff170d48308bfc608fcc91e98337d06606e82b5b,DFW Airport,1750696817,Grapevine,1750696869,2025-06-23,1750696869,1750704508,6,7639,2025,6,2.5998248686514884,False,2.5998248686514884
561fb34d5ee75de7fcda9fa36b31c2cd47e95d66,DFW Airport,1750697252,Grapevine,1750697346,2025-06-23,1750697346,1750710117,7,12771,2025,6,2.5998248686514884,False,2.5998248686514884
1fec0235c07a10e5db875ddeb2df89af38da9394,DFW Airport,1750705916,Dallas,1750706955,2025-06-23,1750706955,1750739575,20,32620,2025,6,2.5998248686514884,False,2.5998248686514884
411c920ed2d5d375016315fa3fe3030c31ff7662,Dallas Love Field,1750720483,Frisco,1750722612,2025-06-23,1750722612,1750735494,42,12882,2025,6,,,
84d73366824d48da0491208f241b9dcb76ef4f41,DFW Airport,1750729359,Arlington,1750733264,2025-06-23,1750733264,1750740604,3,7340,2025,6,2.5998248686514884,False,2.5998248686514884
411c920ed2d5d375016315fa3fe3030c31ff7662,Dallas Love Field,1750723213,Frisco,1750742564,2025-06-24,1750742564,1750805871,38,63307,2025,6,,,
8f575b049b199b95bc2175c1c55d1e14d493ea1d,Dallas Love Field,1750723833,Fort Worth,1750743023,2025-06-24,1750743023,1750770805,28,27782,2025,6,,,
14158128e581ef48fc2989ccb0ed4fdf18b76baf,DFW Airport,1750736471,Arlington,1750743253,2025-06-24,1750743253,1750819236,70,75983,2025,6,2.5998248686514884,False,2.5998248686514884
1fec0235c07a10e5db875ddeb2df89af38da9394,DFW Airport,1750705916,Dallas,1750749337,2025-06-24,1750749337,1750789182,16,39845,2025,6,2.5998248686514884,False,2.5998248686514884
3622670e94e869005dad40951e228a4c8fdd01f9,Dallas Love Field,1750770907,Dallas,1750770948,2025-06-24,1750770948,1750823488,24,52540,2025,6,,,
efc7cbdc3e615e62fa10a96e31e96791b4a6889e,DFW Airport,1750777483,Grapevine,1750777522,2025-06-24,1750777522,1750799949,15,22427,2025,6,2.5998248686514884,False,2.5998248686514884
59a922ed8ea11989850528b3ddaf46352df978b2,DFW Airport,1750774978,Grapevine,1750780260,2025-06-24,1750780260,1750822309,12,42049,2025,6,2.5998248686514884,False,2.5998248686514884
a853a28930de571caae17af8ae0c5c7b3195258f,DFW Airport,1750784880,Grapevine,1750784889,2025-06-24,1750784889,1750792149,5,7260,2025,6,2.5998248686514884,False,2.5998248686514884
2ef55a12d5331d665e7f5955bc252d45ae16deed,DFW Airport,1750789846,Grapevine,1750789853,2025-06-24,1750789853,1750807335,4,17482,2025,6,2.5998248686514884,False,2.5998248686514884
141230ab0fea774eb299c26b458b0c4399c3ba03,Dallas Love Field,1750791832,Dallas,1750791953,2025-06-24,1750791953,1750799384,45,7431,2025,6,,,
9bd55b0a5d722162202e01b401c2e92755b77127,DFW Airport,1750794788,Grapevine,1750794849,2025-06-24,1750794849,1750803043,10,8194,2025,6,2.5998248686514884,False,2.5998248686514884
c7e9488971f04df3eb8293d63701b42dd00e8cf1,Dallas Love Field,1750796495,Dallas,1750797548,2025-06-24,1750797548,1750806807,8,9259,2025,6,,,
c8436353f595133f9f272aeb04363a1a8dc1f2d7,DFW Airport,1750797693,Grapevine,1750800174,2025-06-24,1750800174,1750810994,13,10820,2025,6,2.5998248686514884,False,2.5998248686514884
413072cd6feef1c13c683718432044966de2baff,DFW Airport,1750806943,Grapevine,1750806967,2025-06-24,1750806967,1750814465,11,7498,2025,6,2.5998248686514884,False,2.5998248686514884
47543357d4b77f34a37704d8c8b36dea34b71522,DFW Airport,1750802047,Grapevine,1750808523,2025-06-24,1750808523,1750827479,2,18956,2025,6,2.5998248686514884,False,2.5998248686514884
ea54fcc3ad12b76d3b52bbb77f20776cf59499c3,DFW Airport,1750798862,Frisco,1750808586,2025-06-24,1750808586,1750818344,10,9758,2025,6,2.5998248686514884,False,2.5998248686514884
6bc9a970832bf2795f92e2866e6cd111c0befbd5,DFW Airport,1750808973,Grapevine,1750809025,2025-06-24,1750809025,1750817452,4,8427,2025,6,2.5998248686514884,False,2.5998248686514884
81e9bfd5f23b42aed90626ccfea1b4cbeb2fa6d6,DFW Airport,1750802052,Arlington,1750810431,2025-06-24,1750810431,1750827578,6,17147,2025,6,2.5998248686514884,False,2.5998248686514884
1360436df5f1d1adb41ca19add3d66b106dcada3,Dallas Love Field,1750810692,Mansfield,1750812333,2025-06-24,1750812333,1750819631,16,7298,2025,6,,,
47543357d4b77f34a37704d8c8b36dea34b71522,DFW Airport,1750802047,Grapevine,1750828103,2025-06-25,1750828103,1750877118,4,49015,2025,6,2.5998248686514884,False,2.5998248686514884
aad375e98c17e2d6e2d1c0c17145c6ce2aac8058,Dallas Love Field,1750828975,Dallas,1750829055,2025-06-25,1750829055,1750893980,7,64925,2025,6,,,
47543357d4b77f34a37704d8c8b36dea34b71522,DFW Airport,1750802047,Fort Worth,1750833532,2025-06-25,1750833532,1750863923,25,30391,2025,6,2.5998248686514884,False,2.5998248686514884
81e9bfd5f23b42aed90626ccfea1b4cbeb2fa6d6,DFW Airport,1750810163,Fort Worth,1750834332,2025-06-25,1750834332,1750844439,4,10107,2025,6,2.5998248686514884,False,2.5998248686514884
54709c5488ea1819e549460b4877170c67fd15c3,DFW Airport,1750822938,Burleson,1750864217,2025-06-25,1750864217,1750887540,8,23323,2025,6,2.5998248686514884,False,2.5998248686514884
c5a3c6b874ab8f48e96eea409c76acaf0894f9a2,DFW Airport,1750864322,Grapevine,1750864351,2025-06-25,1750864351,1750901366,9,37015,2025,6,2.5998248686514884,False,2.5998248686514884
cbfaa07c930ea1111fc73e242253c1a14e9e61a7,Dallas Love Field,1750866829,Dallas,1750869493,2025-06-25,1750869493,1750877126,5,7633,2025,6,,,
03ec07017746c80e5d971adff15b99cf1a0279d1,DFW Airport,1750793962,Grapevine,1750871662,2025-06-25,1750871662,1750895141,12,23479,2025,6,2.5998248686514884,False,2.5998248686514884
2fb6915024ad20b3d0ed4b9c188be895f1ffa828,DFW Airport,1750879238,Plano,1750881714,2025-06-25,1750881714,1750913282,25,31568,2025,6,2.5998248686514884,False,2.5998248686514884
a12d56bfa6d1bbacdc51955e88154b7a7180f198,DFW Airport,1750895932,Grapevine,1750895948,2025-06-25,1750895948,1750907260,186,11312,2025,6,2.5998248686514884,False,2.5998248686514884
e805ab2e2c3c801e08bb4cf5ec7dd5d547080fd1,DFW Airport,1750898753,Fort Worth,1750900632,2025-06-25,1750900632,1750912279,14,11647,2025,6,2.5998248686514884,False,2.5998248686514884
2fb6915024ad20b3d0ed4b9c188be895f1ffa828,DFW Airport,1750897919,Plano,1750916717,2025-06-26,1750916717,1750960111,40,43394,2025,6,2.5998248686514884,False,2.5998248686514884
e805ab2e2c3c801e08bb4cf5ec7dd5d547080fd1,DFW Airport,1750851270,Fort Worth,1750919624,2025-06-26,1750919624,1750935916,4,16292,2025,6,2.5998248686514884,False,2.5998248686514884
707beb438dbf681a806aab1825d0569d9d59d7de,DFW Airport,1750927270,Grapevine,1750930825,2025-06-26,1750930825,1750994446,42,63621,2025,6,2.5998248686514884,False,2.5998248686514884
47543357d4b77f34a37704d8c8b36dea34b71522,DFW Airport,1750877118,Grapevine,1750936563,2025-06-26,1750936563,1750990776,66,54213,2025,6,2.5998248686514884,False,2.5998248686514884
fdfd8db3905c69e3764f8b3f95a3942e265be8c0,DFW Airport,1750945530,Grapevine,1750947748,2025-06-26,1750947748,1750980639,16,32891,2025,6,2.5998248686514884,False,2.5998248686514884
3110cb59bff564395f895761b32e466e54d7cd80,DFW Airport,1750946764,Dallas,1750948472,2025-06-26,1750948472,1750985072,12,36600,2025,6,2.5998248686514884,False,2.5998248686514884
63c156245e490f92a48052b5a3c7a010cc7d8950,DFW Airport,1750951379,Irving,1750952003,2025-06-26,1750952003,1750981988,14,29985,2025,6,2.5998248686514884,False,2.5998248686514884
efc7cbdc3e615e62fa10a96e31e96791b4a6889e,DFW Airport,1750956632,Grapevine,1750959387,2025-06-26,1750959387,1750983182,7,23795,2025,6,2.5998248686514884,False,2.5998248686514884
7c1d83f6356a3c878c27f7c7ec9410321e1f8822,DFW Airport,1750961962,Dallas,1750973561,2025-06-26,1750973561,1750982806,32,9245,2025,6,2.5998248686514884,False,2.5998248686514884
ddcfae45dba6874d7cefe9b01950828dc43947c3,DFW Airport,1750978772,Grapevine,1750979115,2025-06-26,1750979115,1750988448,7,9333,2025,6,2.5998248686514884,False,2.5998248686514884
efc7cbdc3e615e62fa10a96e31e96791b4a6889e,DFW Airport,1750956632,Fort Worth,1750980088,2025-06-26,1750980088,1750999313,11,19225,2025,6,2.5998248686514884,False,2.5998248686514884
4916d186dd9f33aea98eb2c69bcde0736e1d80b8,Dallas Love Field,1750978367,Fort Worth,1750980676,2025-06-26,1750980676,1750999639,15,18963,2025,6,,,
fdfd8db3905c69e3764f8b3f95a3942e265be8c0,DFW Airport,1750945530,Irving,1750983586,2025-06-26,1750983586,1750999443,5,15857,2025,6,2.5998248686514884,False,2.5998248686514884
72e53076c483f649f2b3e75dfbcb5ca056074c1b,Dallas Love Field,1750987314,Plano,1750989343,2025-06-26,1750989343,1750996994,10,7651,2025,6,,,
efc7cbdc3e615e62fa10a96e31e96791b4a6889e,DFW Airport,1750956632,Fort Worth,1751001704,2025-06-27,1751001704,1751009669,14,7965,2025,6,2.5998248686514884,False,2.5998248686514884
310e14d0951eddcf57504bf4696ce4f2314e295d,DFW Airport,1750997655,Frisco,1751001979,2025-06-27,1751001979,1751072713,19,70734,2025,6,2.5998248686514884,False,2.5998248686514884
fdfd8db3905c69e3764f8b3f95a3942e265be8c0,DFW Airport,1750945530,Euless,1751002700,2025-06-27,1751002700,1751085084,4,82384,2025,6,2.5998248686514884,False,2.5998248686514884
fdfd8db3905c69e3764f8b3f95a3942e265be8c0,DFW Airport,1750945530,Irving,1751003169,2025-06-27,1751003169,1751085699,9,82530,2025,6,2.5998248686514884,False,2.5998248686514884
4916d186dd9f33aea98eb2c69bcde0736e1d80b8,Dallas Love Field,1750978367,Fort Worth,1751004341,2025-06-27,1751004341,1751063407,34,59066,2025,6,,,
fdfd8db3905c69e3764f8b3f95a3942e265be8c0,DFW Airport,1750945530,Grapevine,1751025884,2025-06-27,1751025884,1751069474,15,43590,2025,6,2.5998248686514884,False,2.5998248686514884
3622670e94e869005dad40951e228a4c8fdd01f9,Dallas Love Field,1751031429,Dallas,1751034778,2025-06-27,1751034778,1751065105,23,30327,2025,6,,,
fc857d1f6b5ccfcdbc4aa9666e9d0e7162df6574,Dallas Love Field,1751023995,Dallas,1751038570,2025-06-27,1751038570,1751086311,14,47741,2025,6,,,
f020a2aa9e6b79c5e0f1c55959aae58cc1713f8d,Dallas Love Field,1751038681,Hurst,1751041446,2025-06-27,1751041446,1751065707,6,24261,2025,6,,,
8e7f592f906a39f39ff13ca2f459c3c32a337106,DFW Airport,1751044227,Grapevine,1751044462,2025-06-27,1751044462,1751053008,3,8546,2025,6,2.5998248686514884,False,2.5998248686514884
4495f7a2aa21635024b19fbe77f5c279618cc836,DFW Airport,1751035534,Grapevine,1751046166,2025-06-27,1751046166,1751059360,5,13194,2025,6,2.5998248686514884,False,2.5998248686514884
1360436df5f1d1adb41ca19add3d66b106dcada3,DFW Airport,1751047991,Grapevine,1751048003,2025-06-27,1751048003,1751056741,11,8738,2025,6,2.5998248686514884,False,2.5998248686514884
571ef92a11589e326d1069098bfc480522422d19,DFW Airport,1750978432,Grapevine,1751050527,2025-06-27,1751050527,1751061015,12,10488,2025,6,2.5998248686514884,False,2.5998248686514884
eefa0ac8ce1b1c2f1d9dac060ad0cc8789658b52,DFW Airport,1751047677,Grapevine,1751051045,2025-06-27,1751051045,1751065219,7,14174,2025,6,2.5998248686514884,False,2.5998248686514884
8f3845283a9609baa3578d7077759cc05991445c,DFW Airport,1751049717,Murphy,1751052170,2025-06-27,1751052170,1751067342,5,15172,2025,6,2.5998248686514884,False,2.5998248686514884
8a95fbb6c63b7d8a3665d25af61518b653f5e3f3,Dallas Love Field,1751052846,Dallas,1751052887,2025-06-27,1751052887,1751070834,9,17947,2025,6,,,
3e8468a2571cc39e6baed31f6f898b07da98cbd2,Dallas Love Field,1751039959,Grapevine,1751053035,2025-06-27,1751053035,1751065451,2,12416,2025,6,,,
9cf0de923ed32bccd21ab4fa3d66b6a28c148bc6,DFW Airport,1751063635,Grapevine,1751064227,2025-06-27,1751064227,1751073192,8,8965,2025,6,2.5998248686514884,False,2.5998248686514884
f020a2aa9e6b79c5e0f1c55959aae58cc1713f8d,Dallas Love Field,1751038681,Euless,1751066187,2025-06-27,1751066187,1751074574,4,8387,2025,6,,,
06da6beb208849b33337e638480396e0ce7ed00a,DFW Airport,1751068521,Grapevine,1751068523,2025-06-27,1751068523,1751086481,49,17958,2025,6,2.5998248686514884,False,2.5998248686514884
cdf84b7353601dd045f3ffd2bf9c863fbca2b000,Dallas Love Field,1751069642,Carrollton,1751069872,2025-06-27,1751069872,1751084889,7,15017,2025,6,,,
e5e657ee44b96a6ce17d40074cab62e47365ab94,DFW Airport,1751072988,Grapevine,1751073789,2025-06-27,1751073789,1751085831,11,12042,2025,6,2.5998248686514884,False,2.5998248686514884
cdf84b7353601dd045f3ffd2bf9c863fbca2b000,Dallas Love Field,1751069642,Carrollton,1751086906,2025-06-28,1751086906,1751126401,18,39495,2025,6,,,
2050bdc2d9795d60ba1c683752dc4635ed2cc5d0,DFW Airport,1751070384,Dallas,1751087738,2025-06-28,1751087738,1751154673,28,66935,2025,6,2.5998248686514884,False,2.5998248686514884
fdfd8db3905c69e3764f8b3f95a3942e265be8c0,DFW Airport,1751038121,Irving,1751088997,2025-06-28,1751088997,1751172583,27,83586,2025,6,2.5998248686514884,False,2.5998248686514884
e5e657ee44b96a6ce17d40074cab62e47365ab94,DFW Airport,1751072988,Grapevine,1751091071,2025-06-28,1751091071,1751153719,5,62648,2025,6,2.5998248686514884,False,2.5998248686514884
cdf84b7353601dd045f3ffd2bf9c863fbca2b000,Dallas Love Field,1751069642,Lewisville,1751091123,2025-06-28,1751091123,1751106221,3,15098,2025,6,,,
fc857d1f6b5ccfcdbc4aa9666e9d0e7162df6574,Dallas Love Field,1751023995,Dallas,1751093275,2025-06-28,1751093275,1751169580,24,76305,2025,6,,,
cdf84b7353601dd045f3ffd2bf9c863fbca2b000,Dallas Love Field,1751069642,Plano,1751111324,2025-06-28,1751111324,1751142102,5,30778,2025,6,,,
fdfd8db3905c69e3764f8b3f95a3942e265be8c0,DFW Airport,1751038121,Grapevine,1751112531,2025-06-28,1751112531,1751149479,17,36948,2025,6,2.5998248686514884,False,2.5998248686514884
08ad14fe1db161f16469c76613a175e2c977ac2a,Dallas Love Field,1751135645,Dallas,1751135781,2025-06-28,1751135781,1751154678,6,18897,2025,6,,,
093bd6d2d3b54ffb03a163ce351a627cd0b8a353,DFW Airport,1751068218,Grapevine,1751136789,2025-06-28,1751136789,1751145463,12,8674,2025,6,2.5998248686514884,False,2.5998248686514884
00c94d8f25f7ca339d23e62afa57e2b16bcaada8,Dallas Love Field,1751139148,Dallas,1751139201,2025-06-28,1751139201,1751152456,7,13255,2025,6,,,
af098768c784358fd4b012f8b771bdeec0ccdf11,DFW Airport,1751139069,Frisco,1751141321,2025-06-28,1751141321,1751154200,10,12879,2025,6,2.5998248686514884,False,2.5998248686514884
3afb52214e5eb410f92d9544d1afa986d0737cdc,DFW Airport,1751081914,Irving,1751153658,2025-06-28,1751153658,1751167161,4,13503,2025,6,2.5998248686514884,False,2.5998248686514884
fdfd8db3905c69e3764f8b3f95a3942e265be8c0,DFW Airport,1751121200,Irving,1751173765,2025-06-29,1751173765,1751206031,16,32266,2025,6,2.5998248686514884,False,2.5998248686514884
b295b0a12f4b4184138dbf19babe31e75b22fd63,DFW Airport,1751168932,Grapevine,1751177144,2025-06-29,1751177144,1751207605,5,30461,2025,6,2.5998248686514884,False,2.5998248686514884
e567cca64e0c0c9d09e93d3370e276a54d39cafd,DFW Airport,1751152855,Euless,1751179486,2025-06-29,1751179486,1751247810,5,68324,2025,6,2.5998248686514884,False,2.5998248686514884
e5e657ee44b96a6ce17d40074cab62e47365ab94,DFW Airport,1751173643,Irving,1751183193,2025-06-29,1751183193,1751204390,8,21197,2025,6,2.5998248686514884,False,2.5998248686514884
fdfd8db3905c69e3764f8b3f95a3942e265be8c0,DFW Airport,1751121200,Grapevine,1751187151,2025-06-29,1751187151,1751199456,8,12305,2025,6,2.5998248686514884,False,2.5998248686514884
742baf98772d122dcd9ef0b5831861b3f6894fe4,DFW Airport,1751120846,Grapevine,1751199200,2025-06-29,1751199200,1751220257,8,21057,2025,6,2.5998248686514884,False,2.5998248686514884
a4f52af958561a81c4a313c6f6d74dd51ad1e719,DFW Airport,1751220458,Grapevine,1751220733,2025-06-29,1751220733,1751251398,14,30665,2025,6,2.5998248686514884,False,2.5998248686514884
9c8a384a71794427362fa439f356d165de852cca,DFW Airport,1751218812,Grapevine,1751220995,2025-06-29,1751220995,1751256456,27,35461,2025,6,2.5998248686514884,False,2.5998248686514884
6cb3c741c31684b43e0fe1398d577b07c68a08a2,DFW Airport,1751242622,Grapevine,1751242633,2025-06-29,1751242633,1751252080,13,9447,2025,6,2.5998248686514884,False,2.5998248686514884
c5ca16f520e5fc32727f98de5402cbea35d7b39e,DFW Airport,1751236561,McLendon-Chisholm,1751243906,2025-06-29,1751243906,1751251427,3,7521,2025,6,2.5998248686514884,False,2.5998248686514884
a09d3020011e37cec5e4376c71bbff5906481a87,DFW Airport,1751249638,Euless,1751251816,2025-06-29,1751251816,1751259022,10,7206,2025,6,2.5998248686514884,False,2.5998248686514884
336f39099308f07ddc032879dba1bc8cac233393,DFW Airport,1751236166,Grapevine,1751260464,2025-06-30,1751260464,1751329473,33,69009,2025,6,2.5998248686514884,False,2.5998248686514884
c5ca16f520e5fc32727f98de5402cbea35d7b39e,DFW Airport,1751236561,McLendon-Chisholm,1751261612,2025-06-30,1751261612,1751306198,16,44586,2025,6,2.5998248686514884,False,2.5998248686514884
43e816d2993264fc1cdfe7b0a31dda230a9e3b0e,DFW Airport,1751247320,Grand Prairie,1751264803,2025-06-30,1751264803,1751281457,6,16654,2025,6,2.5998248686514884,False,2.5998248686514884
a09d3020011e37cec5e4376c71bbff5906481a87,DFW Airport,1751249638,Euless,1751265731,2025-06-30,1751265731,1751314496,5,48765,2025,6,2.5998248686514884,False,2.5998248686514884
f5dc801549d76b4857aa83463fcfcd3a7b659aa3,DFW Airport,1751278413,Grapevine,1751278769,2025-06-30,1751278769,1751286245,11,7476,2025,6,2.5998248686514884,False,2.5998248686514884
c5ca16f520e5fc32727f98de5402cbea35d7b39e,DFW Airport,1751236561,Rockwall,1751283487,2025-06-30,1751283487,1751306680,12,23193,2025,6,2.5998248686514884,False,2.5998248686514884
039274e56be4d268bf5fc53211438e8383317732,Dallas Love Field,1751293338,Grapevine,1751301055,2025-06-30,1751301055,1751331996,18,30941,2025,6,,,
fdfd8db3905c69e3764f8b3f95a3942e265be8c0,DFW Airport,1751307921,Grapevine,1751308499,2025-06-30,1751308499,1751337905,21,29406,2025,6,2.5998248686514884,False,2.5998248686514884
1fec0235c07a10e5db875ddeb2df89af38da9394,DFW Airport,1751310646,Dallas,1751311812,2025-06-30,1751311812,1751322547,3,10735,2025,6,2.5998248686514884,False,2.5998248686514884
517ed15425062bad6971c5862d19b488fd18c304,DFW Airport,1751314487,Grapevine,1751314770,2025-06-30,1751314770,1751332972,11,18202,2025,6,2.5998248686514884,False,2.5998248686514884
84d73366824d48da0491208f241b9dcb76ef4f41,DFW Airport,1751334153,Arlington,1751338043,2025-06-30,1751338043,1751345387,2,7344,2025,7,5.298050139275766,False,5.298050139275766
b16ac4fbfc4d05701379808297f1715c86092646,DFW Airport,1751346864,Grapevine,1751351956,2025-07-01,1751351956,1751370755,96,18799,2025,7,5.298050139275766,False,5.298050139275766
98cf3014ff6aa3cb36f62387a89faf5ec865851a,DFW Airport,1751332428,Grand Prairie,1751355433,2025-07-01,1751355433,1751417307,8,61874,2025,7,5.298050139275766,False,5.298050139275766
090abfcb153906a0fd1aac36566fa4fe7241fa63,DFW Airport,1751364235,Grapevine,1751364264,2025-07-01,1751364264,1751375766,5,11502,2025,7,5.298050139275766,False,5.298050139275766
efc7cbdc3e615e62fa10a96e31e96791b4a6889e,DFW Airport,1751382869,Grapevine,1751383247,2025-07-01,1751383247,1751394354,7,11107,2025,7,5.298050139275766,False,5.298050139275766
0bd6905ba58f52ce1e200def32d5c71b3025dbd8,DFW Airport,1751388375,Grapevine,1751389329,2025-07-01,1751389329,1751412973,17,23644,2025,7,5.298050139275766,False,5.298050139275766
86bdd0e64bd9a079d23b8140e3e92300b836cb3a,DFW Airport,1751395150,Grapevine,1751395276,2025-07-01,1751395276,1751419925,7,24649,2025,7,5.298050139275766,False,5.298050139275766
2ef55a12d5331d665e7f5955bc252d45ae16deed,DFW Airport,1751394630,Grapevine,1751402879,2025-07-01,1751402879,1751412130,3,9251,2025,7,5.298050139275766,False,5.298050139275766
14158128e581ef48fc2989ccb0ed4fdf18b76baf,DFW Airport,1751338324,Arlington,1751411759,2025-07-01,1751411759,1751424033,28,12274,2025,7,5.298050139275766,False,5.298050139275766
ea54fcc3ad12b76d3b52bbb77f20776cf59499c3,DFW Airport,1751403710,Frisco,1751413420,2025-07-01,1751413420,1751423115,10,9695,2025,7,5.298050139275766,False,5.298050139275766
b5515f7a13f8cd69d0e806e33c525bc834eeb6b5,DFW Airport,1751434270,Fort Worth,1751434762,2025-07-02,1751434762,1751512798,13,78036,2025,7,5.298050139275766,False,5.298050139275766
090abfcb153906a0fd1aac36566fa4fe7241fa63,DFW Airport,1751456762,Grapevine,1751456820,2025-07-02,1751456820,1751476781,10,19961,2025,7,5.298050139275766,False,5.298050139275766
a09d3020011e37cec5e4376c71bbff5906481a87,DFW Airport,1751459132,Grapevine,1751459155,2025-07-02,1751459155,1751478283,9,19128,2025,7,5.298050139275766,False,5.298050139275766
a09d3020011e37cec5e4376c71bbff5906481a87,DFW Airport,1751459132,Euless,1751462428,2025-07-02,1751462428,1751517099,16,54671,2025,7,5.298050139275766,False,5.298050139275766
4b3f22099c7e905d7ad73bf5d4781b880ef45c9e,DFW Airport,1751466029,Grapevine,1751466066,2025-07-02,1751466066,1751477833,235,11767,2025,7,5.298050139275766,False,5.298050139275766
54709c5488ea1819e549460b4877170c67fd15c3,DFW Airport,1751427735,Burleson,1751469022,2025-07-02,1751469022,1751492381,2,23359,2025,7,5.298050139275766,False,5.298050139275766
a09d3020011e37cec5e4376c71bbff5906481a87,DFW Airport,1751459132,Hurst,1751470311,2025-07-02,1751470311,1751479797,3,9486,2025,7,5.298050139275766,False,5.298050139275766
26acb426430366ea45920746c7f2a9666f9bde7d,Dallas Love Field,1751474407,Dallas,1751474417,2025-07-02,1751474417,1751481860,59,7443,2025,7,,,
03ec07017746c80e5d971adff15b99cf1a0279d1,DFW Airport,1751398674,Grapevine,1751476442,2025-07-02,1751476442,1751499928,9,23486,2025,7,5.298050139275766,False,5.298050139275766
246a8090c0fb9bbc2608e6a51f0d62d6430dc86e,Dallas Love Field,1751479222,Dallas,1751479274,2025-07-02,1751479274,1751492149,3,12875,2025,7,,,
9979a344a6124f015dfe732ce112d0c4dd37d666,DFW Airport,1751477390,Rowlett,1751480543,2025-07-02,1751480543,1751517350,13,36807,2025,7,5.298050139275766,False,5.298050139275766
08ad14fe1db161f16469c76613a175e2c977ac2a,Dallas Love Field,1751487892,Dallas,1751489030,2025-07-02,1751489030,1751505748,3,16718,2025,7,,,
8e0e53df6c6b02a99ae940ec9e8604c59a795696,Dallas Love Field,1751491588,Dallas,1751491610,2025-07-02,1751491610,1751511886,28,20276,2025,7,,,
8fe6e38c317bdee773ad83dfe11f536248f0d8ec,Dallas Love Field,1751495026,Dallas,1751495029,2025-07-02,1751495029,1751503067,27,8038,2025,7,,,
0bcfef2b0bb7b19e1d819ef47b3a5cde2639bb51,Dallas Love Field,1751499823,Dallas,1751499839,2025-07-02,1751499839,1751518393,53,18554,2025,7,,,
765a66d56b004fa2a7fed388bc7097bd7d3457cd,DFW Airport,1751512429,Irving,1751518970,2025-07-03,1751518970,1751587021,14,68051,2025,7,5.298050139275766,False,5.298050139275766
9979a344a6124f015dfe732ce112d0c4dd37d666,DFW Airport,1751477390,Rowlett,1751520099,2025-07-03,1751520099,1751560688,46,40589,2025,7,5.298050139275766,False,5.298050139275766
a09d3020011e37cec5e4376c71bbff5906481a87,DFW Airport,1751505217,Euless,1751521814,2025-07-03,1751521814,1751561141,8,39327,2025,7,5.298050139275766,False,5.298050139275766
b8b5c0fa00b43b775607540f2c336fff38a6a734,DFW Airport,1751553776,Fort Worth,1751555972,2025-07-03,1751555972,1751582828,8,26856,2025,7,5.298050139275766,False,5.298050139275766
98382bb79e5924659ee13e958aa605c7f8ef0af7,DFW Airport,1751564779,Grapevine,1751566056,2025-07-03,1751566056,1751575965,17,9909,2025,7,5.298050139275766,False,5.298050139275766
97f1e988c481af1eb477d3b5f80a287fd337fb1a,DFW Airport,1751558874,Fort Worth,1751566967,2025-07-03,1751566967,1751587700,5,20733,2025,7,5.298050139275766,False,5.298050139275766
517ed15425062bad6971c5862d19b488fd18c304,DFW Airport,1751573678,Grapevine,1751573758,2025-07-03,1751573758,1751588842,6,15084,2025,7,5.298050139275766,False,5.298050139275766
517ed15425062bad6971c5862d19b488fd18c304,DFW Airport,1751573678,Irving,1751577382,2025-07-03,1751577382,1751588143,8,10761,2025,7,5.298050139275766,False,5.298050139275766
d4842fe52e46ae7187333dd3d062aa706a697046,DFW Airport,1751574411,Fort Worth,1751580637,2025-07-03,1751580637,1751595121,27,14484,2025,7,5.298050139275766,False,5.298050139275766
a33e5e8ebb8955e3fb5d50c60ee63fe3c328cb26,DFW Airport,1751580183,Grapevine,1751580669,2025-07-03,1751580669,1751589100,5,8431,2025,7,5.298050139275766,False,5.298050139275766
efc7cbdc3e615e62fa10a96e31e96791b4a6889e,DFW Airport,1751571007,Fort Worth,1751584865,2025-07-03,1751584865,1751604045,7,19180,2025,7,5.298050139275766,False,5.298050139275766
fdfd8db3905c69e3764f8b3f95a3942e265be8c0,DFW Airport,1751574744,Irving,1751588366,2025-07-03,1751588366,1751603768,7,15402,2025,7,5.298050139275766,False,5.298050139275766
a33e5e8ebb8955e3fb5d50c60ee63fe3c328cb26,DFW Airport,1751580183,Grapevine,1751606940,2025-07-04,1751606940,1751672969,46,66029,2025,7,5.298050139275766,False,5.298050139275766
fdfd8db3905c69e3764f8b3f95a3942e265be8c0,DFW Airport,1751574744,Irving,1751607969,2025-07-04,1751607969,1751618780,8,10811,2025,7,5.298050139275766,False,5.298050139275766
fdfd8db3905c69e3764f8b3f95a3942e265be8c0,DFW Airport,1751588366,Grapevine,1751630759,2025-07-04,1751630759,1751646895,10,16136,2025,7,5.298050139275766,False,5.298050139275766
dd943a4349c820847131d8f96bb602f1dba2fcb2,DFW Airport,1751632667,Grapevine,1751632683,2025-07-04,1751632683,1751653361,13,20678,2025,7,5.298050139275766,False,5.298050139275766
268fae4819c27316fd46125262a79490a47e44cd,DFW Airport,1751633472,Grapevine,1751633565,2025-07-04,1751633565,1751649494,11,15929,2025,7,5.298050139275766,False,5.298050139275766
5a2b77c3d55216362ebe04deca415a3b6e8b8de6,DFW Airport,1751641350,Grapevine,1751643642,2025-07-04,1751643642,1751658469,4,14827,2025,7,5.298050139275766,False,5.298050139275766
8f3845283a9609baa3578d7077759cc05991445c,DFW Airport,1751654458,Murphy,1751656908,2025-07-04,1751656908,1751672128,3,15220,2025,7,5.298050139275766,False,5.298050139275766
9cf0de923ed32bccd21ab4fa3d66b6a28c148bc6,DFW Airport,1751668295,Grapevine,1751668369,2025-07-04,1751668369,1751678000,8,9631,2025,7,5.298050139275766,False,5.298050139275766
4961b52ed4c2e5719c1d492be25724ff99dbbbf5,Dallas Love Field,1751674626,Arlington,1751675314,2025-07-04,1751675314,1751691369,32,16055,2025,7,,,
e5e657ee44b96a6ce17d40074cab62e47365ab94,DFW Airport,1751677766,Grapevine,1751678622,2025-07-04,1751678622,1751690568,9,11946,2025,7,5.298050139275766,False,5.298050139275766
765a66d56b004fa2a7fed388bc7097bd7d3457cd,DFW Airport,1751688810,Grapevine,1751693480,2025-07-05,1751693480,1751711497,4,18017,2025,7,5.298050139275766,False,5.298050139275766
e5e657ee44b96a6ce17d40074cab62e47365ab94,DFW Airport,1751677766,Grapevine,1751695871,2025-07-05,1751695871,1751758525,3,62654,2025,7,5.298050139275766,False,5.298050139275766
4961b52ed4c2e5719c1d492be25724ff99dbbbf5,Dallas Love Field,1751672866,Arlington,1751704623,2025-07-05,1751704623,1751743092,36,38469,2025,7,,,
97f1e988c481af1eb477d3b5f80a287fd337fb1a,DFW Airport,1751717020,Grapevine,1751718261,2025-07-05,1751718261,1751730147,3,11886,2025,7,5.298050139275766,False,5.298050139275766
393595579b3ce182506465ccab64076a3f8239a7,DFW Airport,1751736805,Grapevine,1751736816,2025-07-05,1751736816,1751755229,9,18413,2025,7,5.298050139275766,False,5.298050139275766
259ef5db7af26194eff020233181c893e9450763,DFW Airport,1751738527,Grapevine,1751738583,2025-07-05,1751738583,1751756796,14,18213,2025,7,5.298050139275766,False,5.298050139275766
97f1e988c481af1eb477d3b5f80a287fd337fb1a,DFW Airport,1751717020,Fort Worth,1751743401,2025-07-05,1751743401,1751777050,19,33649,2025,7,5.298050139275766,False,5.298050139275766
97f1e988c481af1eb477d3b5f80a287fd337fb1a,DFW Airport,1751717020,Fort Worth,1751778266,2025-07-06,1751778266,1751864365,27,86099,2025,7,5.298050139275766,False,5.298050139275766
b295b0a12f4b4184138dbf19babe31e75b22fd63,DFW Airport,1751781924,Grapevine,1751781961,2025-07-06,1751781961,1751812379,4,30418,2025,7,5.298050139275766,False,5.298050139275766
e5e657ee44b96a6ce17d40074cab62e47365ab94,DFW Airport,1751773007,Irving,1751787994,2025-07-06,1751787994,1751809142,6,21148,2025,7,5.298050139275766,False,5.298050139275766
97f1e988c481af1eb477d3b5f80a287fd337fb1a,DFW Airport,1751717020,Grapevine,1751797536,2025-07-06,1751797536,1751816401,27,18865,2025,7,5.298050139275766,False,5.298050139275766
742baf98772d122dcd9ef0b5831861b3f6894fe4,DFW Airport,1751731552,Grapevine,1751803985,2025-07-06,1751803985,1751825054,7,21069,2025,7,5.298050139275766,False,5.298050139275766
e29d1645c5270c9c006fd0ff803eff746a0fa2a3,Dallas Love Field,1751830765,Dallas,1751830773,2025-07-06,1751830773,1751850528,5,19755,2025,7,,,
97f1e988c481af1eb477d3b5f80a287fd337fb1a,DFW Airport,1751848456,Fort Worth,1751864404,2025-07-07,1751864404,1751895227,13,30823,2025,7,5.298050139275766,False,5.298050139275766
43e816d2993264fc1cdfe7b0a31dda230a9e3b0e,DFW Airport,1751852098,Grand Prairie,1751869827,2025-07-07,1751869827,1751886250,3,16423,2025,7,5.298050139275766,False,5.298050139275766
00697cb007388b6143355d959e75da6414ebca1d,DFW Airport,1751820583,Grapevine,1751874942,2025-07-07,1751874942,1751887952,15,13010,2025,7,5.298050139275766,False,5.298050139275766
413845afad7308d3cff5b4bb5f76e43d5acbf196,DFW Airport,1751888447,Grapevine,1751889887,2025-07-07,1751889887,1751912897,25,23010,2025,7,5.298050139275766,False,5.298050139275766
dbd04b5bc777334b034ac44e7d1e368a0f024834,DFW Airport,1751906867,McKinney,1751909052,2025-07-07,1751909052,1751942059,36,33007,2025,7,5.298050139275766,False,5.298050139275766
413845afad7308d3cff5b4bb5f76e43d5acbf196,DFW Airport,1751888447,Highland Village,1751916658,2025-07-07,1751916658,1751950451,15,33793,2025,7,5.298050139275766,False,5.298050139275766
ddf83eb4fc8d53f84be9199b95034eb690ce2327,DFW Airport,1751916848,Grapevine,1751916881,2025-07-07,1751916881,1751936562,4,19681,2025,7,5.298050139275766,False,5.298050139275766
6c14622cd6789fe5f5140392ffe0997744eea9af,DFW Airport,1751914045,Grapevine,1751917250,2025-07-07,1751917250,1751935090,7,17840,2025,7,5.298050139275766,False,5.298050139275766
545686a9b2e96157e1d48f0cd074c0285ddf04c4,Dallas Love Field,1751910694,Burleson,1751918106,2025-07-07,1751918106,1751939901,80,21795,2025,7,,,
a5f61d0386a6eb4debffc2a6987702b90bc55723,DFW Airport,1751902963,Fort Worth,1751919202,2025-07-07,1751919202,1751933842,24,14640,2025,7,5.298050139275766,False,5.298050139275766
dbd04b5bc777334b034ac44e7d1e368a0f024834,DFW Airport,1751906867,Melissa,1751926343,2025-07-07,1751926343,1751940997,22,14654,2025,7,5.298050139275766,False,5.298050139275766
413845afad7308d3cff5b4bb5f76e43d5acbf196,DFW Airport,1751888447,Highland Village,1751950896,2025-07-08,1751950896,1752010572,11,59676,2025,7,5.298050139275766,False,5.298050139275766
211cec3598fc88b4da67f282d7f2978458a4f1a5,Dallas Love Field,1751940558,Dallas,1751951382,2025-07-08,1751951382,1751978851,13,27469,2025,7,,,
dbd04b5bc777334b034ac44e7d1e368a0f024834,DFW Airport,1751938130,McKinney,1751962998,2025-07-08,1751962998,1751985673,10,22675,2025,7,5.298050139275766,False,5.298050139275766
413845afad7308d3cff5b4bb5f76e43d5acbf196,DFW Airport,1751888447,Grapevine,1751965459,2025-07-08,1751965459,1751993602,9,28143,2025,7,5.298050139275766,False,5.298050139275766
6c14622cd6789fe5f5140392ffe0997744eea9af,DFW Airport,1751914045,Grapevine,1751984291,2025-07-08,1751984291,1751999754,5,15463,2025,7,5.298050139275766,False,5.298050139275766
a31e5aa46c7a4b21a4dfed600539bcbd4999e0a4,DFW Airport,1751994096,Grapevine,1751994319,2025-07-08,1751994319,1752005557,15,11238,2025,7,5.298050139275766,False,5.298050139275766
061b46c7c3ce5bc4bf76ab475adae7e793709d91,Dallas Love Field,1751994136,Dallas,1751994649,2025-07-08,1751994649,1752002020,9,7371,2025,7,,,
413845afad7308d3cff5b4bb5f76e43d5acbf196,DFW Airport,1751988610,Flower Mound,1752005036,2025-07-08,1752005036,1752036889,4,31853,2025,7,5.298050139275766,False,5.298050139275766
6ad54ea2479f30c6dd6423c6f093a2503ddf2a7a,DFW Airport,1752017821,Grapevine,1752017856,2025-07-08,1752017856,1752028646,15,10790,2025,7,5.298050139275766,False,5.298050139275766
b194cb720a9b6c35feb07c9ff000f898b1bc03a4,Dallas Love Field,1752021021,Dallas,1752021128,2025-07-08,1752021128,1752028838,6,7710,2025,7,,,
433814a3047a85c0233a11fbe7424f6c37f02a7c,DFW Airport,1752009353,Mansfield,1752049334,2025-07-09,1752049334,1752079486,19,30152,2025,7,5.298050139275766,False,5.298050139275766
0abc49cc2aa2243f9aeeb0c3ba893d4278cb4097,Dallas Love Field,1752022712,Addison,1752060655,2025-07-09,1752060655,1752083986,2,23331,2025,7,,,
b194cb720a9b6c35feb07c9ff000f898b1bc03a4,Dallas Love Field,1752021021,Denton,1752067890,2025-07-09,1752067890,1752114584,9,46694,2025,7,,,
00f111759de9ff009048868c2d10f3fdb0c728d5,DFW Airport,1752111369,Grapevine,1752111412,2025-07-09,1752111412,1752119099,10,7687,2025,7,5.298050139275766,False,5.298050139275766
4a326c5d1fc8e033915b03ba87c5147c13d07fb1,DFW Airport,1752122025,Arlington,1752124358,2025-07-10,1752124358,1752147068,3,22710,2025,7,5.298050139275766,False,5.298050139275766
765a66d56b004fa2a7fed388bc7097bd7d3457cd,DFW Airport,1752136496,Grapevine,1752145657,2025-07-10,1752145657,1752202706,6,57049,2025,7,5.298050139275766,False,5.298050139275766
413845afad7308d3cff5b4bb5f76e43d5acbf196,DFW Airport,1752144495,Grapevine,1752149516,2025-07-10,1752149516,1752173632,11,24116,2025,7,5.298050139275766,False,5.298050139275766
b8b5c0fa00b43b775607540f2c336fff38a6a734,DFW Airport,1752158512,Fort Worth,1752160771,2025-07-10,1752160771,1752187663,6,26892,2025,7,5.298050139275766,False,5.298050139275766
98382bb79e5924659ee13e958aa605c7f8ef0af7,DFW Airport,1752170660,Grapevine,1752170856,2025-07-10,1752170856,1752180730,13,9874,2025,7,5.298050139275766,False,5.298050139275766
1bd3413230730928b49a7955f8b021dc561dbaa1,Dallas Love Field,1752172417,Dallas,1752176337,2025-07-10,1752176337,1752190623,4,14286,2025,7,,,
413845afad7308d3cff5b4bb5f76e43d5acbf196,DFW Airport,1752144495,Highland Village,1752176506,2025-07-10,1752176506,1752190406,10,13900,2025,7,5.298050139275766,False,5.298050139275766
413845afad7308d3cff5b4bb5f76e43d5acbf196,DFW Airport,1752144495,Flower Mound,1752179369,2025-07-10,1752179369,1752192249,2,12880,2025,7,5.298050139275766,False,5.298050139275766
e246247f98ca5e61951cc8befec13a0192195f8d,DFW Airport,1752178604,Grapevine,1752180301,2025-07-10,1752180301,1752202894,29,22593,2025,7,5.298050139275766,False,5.298050139275766
1bd3413230730928b49a7955f8b021dc561dbaa1,Dallas Love Field,1752172417,Irving,1752186657,2025-07-10,1752186657,1752207043,5,20386,2025,7,,,
765a66d56b004fa2a7fed388bc7097bd7d3457cd,DFW Airport,1752136496,Irving,1752190915,2025-07-10,1752190915,1752207389,10,16474,2025,7,5.298050139275766,False,5.298050139275766
413845afad7308d3cff5b4bb5f76e43d5acbf196,DFW Airport,1752192249,Flower Mound,1752210757,2025-07-11,1752210757,1752238710,3,27953,2025,7,5.298050139275766,False,5.298050139275766
413845afad7308d3cff5b4bb5f76e43d5acbf196,DFW Airport,1752144495,Highland Village,1752210844,2025-07-11,1752210844,1752259694,32,48850,2025,7,5.298050139275766,False,5.298050139275766
268fae4819c27316fd46125262a79490a47e44cd,DFW Airport,1752238269,Grapevine,1752238337,2025-07-11,1752238337,1752247067,7,8730,2025,7,5.298050139275766,False,5.298050139275766
765a66d56b004fa2a7fed388bc7097bd7d3457cd,DFW Airport,1752201386,Irving,1752246608,2025-07-11,1752246608,1752284847,31,38239,2025,7,5.298050139275766,False,5.298050139275766
96a44eaef2c44a898b1429bfc90662a40a8ea62f,DFW Airport,1752250501,Grapevine,1752251021,2025-07-11,1752251021,1752276615,3,25594,2025,7,5.298050139275766,False,5.298050139275766
e2b167d3e09231a3d18b4731268fe47d8f891bce,DFW Airport,1752249899,Grapevine,1752251404,2025-07-11,1752251404,1752261391,2,9987,2025,7,5.298050139275766,False,5.298050139275766
96a44eaef2c44a898b1429bfc90662a40a8ea62f,DFW Airport,1752250501,Southlake,1752252550,2025-07-11,1752252550,1752294995,11,42445,2025,7,5.298050139275766,False,5.298050139275766
5f9068e66fb258527e27a28943663f019e816b80,DFW Airport,1752253185,Grapevine,1752253332,2025-07-11,1752253332,1752261689,7,8357,2025,7,5.298050139275766,False,5.298050139275766
642de567ed97afdb426cd0206a957e5c204767eb,DFW Airport,1752259423,Grapevine,1752259520,2025-07-11,1752259520,1752278034,19,18514,2025,7,5.298050139275766,False,5.298050139275766
f3b8b5a0da830484688758b7e9f90af43d6c6905,Dallas Love Field,1752241625,Richardson,1752266194,2025-07-11,1752266194,1752279867,9,13673,2025,7,,,
497724f35e0da7df27ddf22689abf859383be861,DFW Airport,1752266504,Grapevine,1752267598,2025-07-11,1752267598,1752286606,15,19008,2025,7,5.298050139275766,False,5.298050139275766
96a44eaef2c44a898b1429bfc90662a40a8ea62f,DFW Airport,1752250501,Keene,1752267833,2025-07-11,1752267833,1752276525,6,8692,2025,7,5.298050139275766,False,5.298050139275766
96a44eaef2c44a898b1429bfc90662a40a8ea62f,DFW Airport,1752250501,Cleburne,1752268305,2025-07-11,1752268305,1752276132,3,7827,2025,7,5.298050139275766,False,5.298050139275766
b5e3b3ce1b85f4231871c70260027df5ff356a0c,Dallas Love Field,1752271690,Dallas,1752271707,2025-07-11,1752271707,1752285056,4,13349,2025,7,,,
96a44eaef2c44a898b1429bfc90662a40a8ea62f,DFW Airport,1752250501,Colleyville,1752276470,2025-07-11,1752276470,1752294304,8,17834,2025,7,5.298050139275766,False,5.298050139275766
96a44eaef2c44a898b1429bfc90662a40a8ea62f,DFW Airport,1752250501,Dallas,1752279183,2025-07-11,1752279183,1752289318,5,10135,2025,7,5.298050139275766,False,5.298050139275766
7ac5ae7779f91c8c9ae23fd1d64a94a224f6837c,Dallas Love Field,1752279254,Plano,1752280746,2025-07-11,1752280746,1752288871,6,8125,2025,7,,,
765a66d56b004fa2a7fed388bc7097bd7d3457cd,DFW Airport,1752301142,Grapevine,1752301263,2025-07-12,1752301263,1752316303,11,15040,2025,7,5.298050139275766,False,5.298050139275766
765a66d56b004fa2a7fed388bc7097bd7d3457cd,DFW Airport,1752301142,Irving,1752301418,2025-07-12,1752301418,1752309645,3,8227,2025,7,5.298050139275766,False,5.298050139275766
14a15f86d1c0aa47b32c7e2253567a769c843f25,DFW Airport,1752324512,Grapevine,1752324821,2025-07-12,1752324821,1752333674,12,8853,2025,7,5.298050139275766,False,5.298050139275766
48f72fa7ec9026e972bb3a0393696014d89ef60a,DFW Airport,1752250570,Grapevine,1752330573,2025-07-12,1752330573,1752350739,14,20166,2025,7,5.298050139275766,False,5.298050139275766
b653f2bcb913c306ff44759b9ade96cc9783ed10,DFW Airport,1752345082,Grapevine,1752345124,2025-07-12,1752345124,1752356260,8,11136,2025,7,5.298050139275766,False,5.298050139275766
8dd17b06f8ac50c721ecd139c948ce6935769573,DFW Airport,1752340361,Grapevine,1752345640,2025-07-12,1752345640,1752355178,6,9538,2025,7,5.298050139275766,False,5.298050139275766
97f1e988c481af1eb477d3b5f80a287fd337fb1a,DFW Airport,1752323041,Fort Worth,1752348182,2025-07-12,1752348182,1752374703,15,26521,2025,7,5.298050139275766,False,5.298050139275766
8575b549ef3945c67c78633c8f5235fc64b3dd77,DFW Airport,1752343853,Irving,1752353505,2025-07-12,1752353505,1752363868,8,10363,2025,7,5.298050139275766,False,5.298050139275766
e2ff00171bee211e05f0815bd1a38b1dc01d462f,Dallas Love Field,1752352805,Dallas,1752383552,2025-07-13,1752383552,1752439118,6,55566,2025,7,,,
97f1e988c481af1eb477d3b5f80a287fd337fb1a,DFW Airport,1752323041,Fort Worth,1752384050,2025-07-13,1752384050,1752469134,17,85084,2025,7,5.298050139275766,False,5.298050139275766
e2ff00171bee211e05f0815bd1a38b1dc01d462f,Dallas Love Field,1752365962,Farmers Branch,1752384259,2025-07-13,1752384259,1752415874,10,31615,2025,7,,,
0a0c95af726901b49db7726ea1795e601de11893,Dallas Love Field,1752417092,Dallas,1752417108,2025-07-13,1752417108,1752425132,19,8024,2025,7,,,
c7cd3dfa0f87a7a3b404b3e495bc9f94d4eed0c2,DFW Airport,1752402485,Grand Prairie,1752418506,2025-07-13,1752418506,1752466980,9,48474,2025,7,5.298050139275766,False,5.298050139275766
cff05a7cb7ce7a5e6c2334848bee1fd6e2e09e02,DFW Airport,1752426704,Grapevine,1752427591,2025-07-13,1752427591,1752444785,3,17194,2025,7,5.298050139275766,False,5.298050139275766
0a0c95af726901b49db7726ea1795e601de11893,Dallas Love Field,1752417092,Fort Worth,1752429988,2025-07-13,1752429988,1752450498,13,20510,2025,7,,,
06aa2e9451e2bc235b42e8333c86a6302a20272a,Dallas Love Field,1752428877,Plano,1752430737,2025-07-13,1752430737,1752448058,6,17321,2025,7,,,
06aa2e9451e2bc235b42e8333c86a6302a20272a,Dallas Love Field,1752428877,McKinney,1752431422,2025-07-13,1752431422,1752449914,11,18492,2025,7,,,
413845afad7308d3cff5b4bb5f76e43d5acbf196,DFW Airport,1752446917,Grapevine,1752446953,2025-07-13,1752446953,1752463900,6,16947,2025,7,5.298050139275766,False,5.298050139275766
bd2ae59638e469f7078cd08b3bd0b2f2499589da,Dallas Love Field,1752469461,Dallas,1752469463,2025-07-14,1752469463,1752484651,6,15188,2025,7,,,
413845afad7308d3cff5b4bb5f76e43d5acbf196,DFW Airport,1752446917,Grapevine,1752470508,2025-07-14,1752470508,1752521863,24,51355,2025,7,5.298050139275766,False,5.298050139275766
336f39099308f07ddc032879dba1bc8cac233393,DFW Airport,1752470165,Grapevine,1752470627,2025-07-14,1752470627,1752530494,7,59867,2025,7,5.298050139275766,False,5.298050139275766
00697cb007388b6143355d959e75da6414ebca1d,DFW Airport,1752455204,Grapevine,1752479715,2025-07-14,1752479715,1752492652,12,12937,2025,7,5.298050139275766,False,5.298050139275766
dbd04b5bc777334b034ac44e7d1e368a0f024834,DFW Airport,1752511328,McKinney,1752513862,2025-07-14,1752513862,1752546852,19,32990,2025,7,5.298050139275766,False,5.298050139275766
c27700c3b904004e12bad61d7d3646d0f702111a,Dallas Love Field,1752506040,Arlington,1752516423,2025-07-14,1752516423,1752527377,6,10954,2025,7,,,
9e6763564bf255bf6dc684049be73264063642e3,Dallas Love Field,1752515721,Dallas,1752516671,2025-07-14,1752516671,1752524028,5,7357,2025,7,,,
413845afad7308d3cff5b4bb5f76e43d5acbf196,DFW Airport,1752500921,Highland Village,1752529102,2025-07-14,1752529102,1752554808,15,25706,2025,7,5.298050139275766,False,5.298050139275766
dbd04b5bc777334b034ac44e7d1e368a0f024834,DFW Airport,1752511328,Melissa,1752531122,2025-07-14,1752531122,1752545804,14,14682,2025,7,5.298050139275766,False,5.298050139275766
c27700c3b904004e12bad61d7d3646d0f702111a,Dallas Love Field,1752506040,Fort Worth,1752532288,2025-07-14,1752532288,1752542219,13,9931,2025,7,,,
c27700c3b904004e12bad61d7d3646d0f702111a,Dallas Love Field,1752506040,Benbrook,1752533470,2025-07-14,1752533470,1752542729,9,9259,2025,7,,,
c27700c3b904004e12bad61d7d3646d0f702111a,Dallas Love Field,1752506040,Cresson,1752534436,2025-07-14,1752534436,1752543202,4,8766,2025,7,,,
413845afad7308d3cff5b4bb5f76e43d5acbf196,DFW Airport,1752500921,Highland Village,1752559472,2025-07-15,1752559472,1752621880,13,62408,2025,7,5.298050139275766,False,5.298050139275766
dbd04b5bc777334b034ac44e7d1e368a0f024834,DFW Airport,1752542878,McKinney,1752567802,2025-07-15,1752567802,1752589264,8,21462,2025,7,5.298050139275766,False,5.298050139275766
413845afad7308d3cff5b4bb5f76e43d5acbf196,DFW Airport,1752500921,Flower Mound,1752568562,2025-07-15,1752568562,1752621560,4,52998,2025,7,5.298050139275766,False,5.298050139275766
413845afad7308d3cff5b4bb5f76e43d5acbf196,DFW Airport,1752500921,Grapevine,1752577312,2025-07-15,1752577312,1752605205,10,27893,2025,7,5.298050139275766,False,5.298050139275766
b30a9bcba1e7d056dfa187090554a9cfe1fe751a,DFW Airport,1752601291,Grapevine,1752601302,2025-07-15,1752601302,1752622305,20,21003,2025,7,5.298050139275766,False,5.298050139275766
bca89ac81c6fb2a0df9c8e0f5dcba941ec13c5dc,Dallas Love Field,1752864694,Dallas,1752864699,2025-07-18,1752864699,1752897893,247,33194,2025,7,,,
a66d897edf68ed1e6a9f20f1ba9e0a91c158fe2f,Dallas Love Field,1752865030,Dallas,1752865060,2025-07-18,1752865060,1752897927,269,32867,2025,7,,,
141230ab0fea774eb299c26b458b0c4399c3ba03,Dallas Love Field,1752865220,Dallas,1752865287,2025-07-18,1752865287,1752898105,212,32818,2025,7,,,
b67c198d6069ff540ddb5117ace334c827428ca5,Dallas Love Field,1752865305,Dallas,1752865364,2025-07-18,1752865364,1752898106,399,32742,2025,7,,,
f79a0dcd9ee03bfcf8910be8404f5bc6be675944,Dallas Love Field,1752865611,Dallas,1752865631,2025-07-18,1752865631,1752897937,148,32306,2025,7,,,
a66d897edf68ed1e6a9f20f1ba9e0a91c158fe2f,Dallas Love Field,1752865030,Richardson,1752871770,2025-07-18,1752871770,1752901104,174,29334,2025,7,,,
141230ab0fea774eb299c26b458b0c4399c3ba03,Dallas Love Field,1752865220,Richardson,1752871782,2025-07-18,1752871782,1752901008,103,29226,2025,7,,,
b67c198d6069ff540ddb5117ace334c827428ca5,Dallas Love Field,1752865305,Richardson,1752871796,2025-07-18,1752871796,1752901008,195,29212,2025,7,,,
bca89ac81c6fb2a0df9c8e0f5dcba941ec13c5dc,Dallas Love Field,1752864694,Richardson,1752871821,2025-07-18,1752871821,1752899310,202,27489,2025,7,,,
f79a0dcd9ee03bfcf8910be8404f5bc6be675944,Dallas Love Field,1752865611,Richardson,1752871846,2025-07-18,1752871846,1752901104,111,29258,2025,7,,,
a66d897edf68ed1e6a9f20f1ba9e0a91c158fe2f,Dallas Love Field,1752865030,Plano,1752883889,2025-07-18,1752883889,1752896665,96,12776,2025,7,,,
f79a0dcd9ee03bfcf8910be8404f5bc6be675944,Dallas Love Field,1752883201,Plano,1752883902,2025-07-18,1752883902,1752896596,52,12694,2025,7,,,
bca89ac81c6fb2a0df9c8e0f5dcba941ec13c5dc,Dallas Love Field,1752864694,Plano,1752883910,2025-07-18,1752883910,1752896671,78,12761,2025,7,,,
141230ab0fea774eb299c26b458b0c4399c3ba03,Dallas Love Field,1752865220,Plano,1752883916,2025-07-18,1752883916,1752896633,190,12717,2025,7,,,
b67c198d6069ff540ddb5117ace334c827428ca5,Dallas Love Field,1752883265,Plano,1752884012,2025-07-18,1752884012,1752896683,126,12671,2025,7,,,
b67c198d6069ff540ddb5117ace334c827428ca5,Dallas Love Field,1752865305,Richardson,1752901293,2025-07-19,1752901293,1752952299,780,51006,2025,7,,,
141230ab0fea774eb299c26b458b0c4399c3ba03,Dallas Love Field,1752883232,Richardson,1752901527,2025-07-19,1752901527,1752952143,570,50616,2025,7,,,
f79a0dcd9ee03bfcf8910be8404f5bc6be675944,Dallas Love Field,1752883201,Richardson,1752901567,2025-07-19,1752901567,1752952262,544,50695,2025,7,,,
a66d897edf68ed1e6a9f20f1ba9e0a91c158fe2f,Dallas Love Field,1752883215,Richardson,1752903908,2025-07-19,1752903908,1752952289,513,48381,2025,7,,,
765a66d56b004fa2a7fed388bc7097bd7d3457cd,DFW Airport,1752905929,Grapevine,1752906158,2025-07-19,1752906158,1752914973,2,8815,2025,7,5.298050139275766,False,5.298050139275766
bca89ac81c6fb2a0df9c8e0f5dcba941ec13c5dc,Dallas Love Field,1752864694,Richardson,1752929596,2025-07-19,1752929596,1752946116,160,16520,2025,7,,,
58152fa08cf3fdc07e1d80ec6ad5fa1d43abd765,Dallas Love Field,1752945372,Dallas,1752945377,2025-07-19,1752945377,1752983790,507,38413,2025,7,,,
58152fa08cf3fdc07e1d80ec6ad5fa1d43abd765,Dallas Love Field,1752945372,Dallas,1753017376,2025-07-20,1753017376,1753029981,70,12605,2025,7,,,
01fd2835e08ad9d1ea1a8d4c3baca0ab1e1d9df4,DFW Airport,1753105154,Grapevine,1753105156,2025-07-21,1753105156,1753114508,49,9352,2025,7,5.298050139275766,False,5.298050139275766
b67c198d6069ff540ddb5117ace334c827428ca5,Dallas Love Field,1753123268,Dallas,1753123368,2025-07-21,1753123368,1753132701,31,9333,2025,7,,,
141230ab0fea774eb299c26b458b0c4399c3ba03,Dallas Love Field,1753125183,Dallas,1753125485,2025-07-21,1753125485,1753132712,42,7227,2025,7,,,
1f4f211c760baae130c42d6b19931497d88455c2,DFW Airport,1753141898,Grapevine,1753218206,2025-07-22,1753218206,1753245219,10,27013,2025,7,5.298050139275766,False,5.298050139275766
1f4f211c760baae130c42d6b19931497d88455c2,DFW Airport,1753241171,Grapevine,1753273394,2025-07-23,1753273394,1753282448,4,9054,2025,7,5.298050139275766,False,5.298050139275766
765a66d56b004fa2a7fed388bc7097bd7d3457cd,DFW Airport,1753510713,Grapevine,1753510720,2025-07-26,1753510720,1753519764,2,9044,2025,7,5.298050139275766,False,5.298050139275766
2df15dcba172e7c94b2c62634b33fbc5e6df9ade,DFW Airport,1753548457,Grapevine,1753548482,2025-07-26,1753548482,1753558862,146,10380,2025,7,5.298050139275766,False,5.298050139275766
b77967c6ebb65deff3f8e7dfc903670e6451064b,DFW Airport,1753693977,Grapevine,1753694007,2025-07-28,1753694007,1753701324,13,7317,2025,7,5.298050139275766,False,5.298050139275766
bec25922b8154bf4e9a10f6a48477590a797a40d,Dallas Love Field,1754004510,Dallas,1754004562,2025-07-31,1754004562,1754022415,92,17853,2025,7,,,
a7699b89158e4469c54718d67fdf453f511fc870,DFW Airport,1754012854,Arlington,1754014766,2025-07-31,1754014766,1754023965,59,9199,2025,8,8.50909090909091,False,8.50909090909091
a7699b89158e4469c54718d67fdf453f511fc870,DFW Airport,1754012854,Arlington,1754024565,2025-08-01,1754024565,1754058046,98,33481,2025,8,8.50909090909091,False,8.50909090909091
bec25922b8154bf4e9a10f6a48477590a797a40d,Dallas Love Field,1754004510,Dallas,1754025377,2025-08-01,1754025377,1754057809,80,32432,2025,7,,,
765a66d56b004fa2a7fed388bc7097bd7d3457cd,DFW Airport,1754115508,Grapevine,1754115512,2025-08-02,1754115512,1754124549,9,9037,2025,8,8.50909090909091,False,8.50909090909091
403c270086c21bec99c7db29142453a7e9cf8bcf,DFW Airport,1754152257,Grapevine,1754153388,2025-08-02,1754153388,1754176447,18,23059,2025,8,8.50909090909091,False,8.50909090909091
e49933bd8d1ba8db817b4c372d2074430c67cd0f,DFW Airport,1754160335,Grapevine,1754160351,2025-08-02,1754160351,1754169435,66,9084,2025,8,8.50909090909091,False,8.50909090909091
59989966f25cd130fe5e8317c5f4a759f33f41b9,DFW Airport,1754235382,Grapevine,1754235956,2025-08-03,1754235956,1754263349,3,27393,2025,8,8.50909090909091,False,8.50909090909091
59e9c631bee1f8deabb67da854ebbba40ee7b49d,DFW Airport,1754264610,Dallas,1754265792,2025-08-03,1754265792,1754283258,53,17466,2025,8,8.50909090909091,False,8.50909090909091
59e9c631bee1f8deabb67da854ebbba40ee7b49d,DFW Airport,1754265792,Dallas,1754284933,2025-08-04,1754284933,1754350951,228,66018,2025,8,8.50909090909091,False,8.50909090909091
f48abd680512c8d1f7467b6e563a1bfa3088ebc2,DFW Airport,1754359092,Grapevine,1754359631,2025-08-04,1754359631,1754369435,5,9804,2025,8,8.50909090909091,False,8.50909090909091
f8e398189752dd3d13d91a82e96d0147cd357e7c,DFW Airport,1754656551,Grapevine,1754656561,2025-08-08,1754656561,1754664886,14,8325,2025,8,8.50909090909091,False,8.50909090909091
d27544de4ef1c3ea8e6d70b99dc6be2f94767eed,DFW Airport,1754763052,Grapevine,1754763649,2025-08-09,1754763649,1754797395,20,33746,2025,8,8.50909090909091,False,8.50909090909091
9b585c3815d776cbe50d932feea8a0ace94acd5c,Dallas Love Field,1754775099,Fort Worth,1754781307,2025-08-09,1754781307,1754799295,77,17988,2025,8,,,
89f0a444fc39c30bdb2e2b8e3b986ee278d7cde4,DFW Airport,1754781726,Euless,1754782043,2025-08-09,1754782043,1754791321,23,9278,2025,8,8.50909090909091,False,8.50909090909091
89f0a444fc39c30bdb2e2b8e3b986ee278d7cde4,DFW Airport,1754781726,Fort Worth,1754782201,2025-08-09,1754782201,1754791494,17,9293,2025,8,8.50909090909091,False,8.50909090909091
89f0a444fc39c30bdb2e2b8e3b986ee278d7cde4,DFW Airport,1754781726,Colleyville,1754782953,2025-08-09,1754782953,1754790963,58,8010,2025,8,8.50909090909091,False,8.50909090909091
89f0a444fc39c30bdb2e2b8e3b986ee278d7cde4,DFW Airport,1754781726,Arlington,1754791681,2025-08-09,1754791681,1754799593,42,7912,2025,8,8.50909090909091,False,8.50909090909091
d27544de4ef1c3ea8e6d70b99dc6be2f94767eed,DFW Airport,1754763052,Cedar Hill,1754803890,2025-08-10,1754803890,1754886164,7,82274,2025,8,8.50909090909091,False,8.50909090909091
89f0a444fc39c30bdb2e2b8e3b986ee278d7cde4,DFW Airport,1754784030,Arlington,1754804191,2025-08-10,1754804191,1754863576,44,59385,2025,8,8.50909090909091,False,8.50909090909091
d27544de4ef1c3ea8e6d70b99dc6be2f94767eed,DFW Airport,1754763052,Dallas,1754806325,2025-08-10,1754806325,1754884274,30,77949,2025,8,8.50909090909091,False,8.50909090909091
89f0a444fc39c30bdb2e2b8e3b986ee278d7cde4,DFW Airport,1754781726,Bedford,1754815028,2025-08-10,1754815028,1754854077,48,39049,2025,8,8.50909090909091,False,8.50909090909091
d27544de4ef1c3ea8e6d70b99dc6be2f94767eed,DFW Airport,1754763052,Irving,1754848297,2025-08-10,1754848297,1754883636,3,35339,2025,8,8.50909090909091,False,8.50909090909091
d27544de4ef1c3ea8e6d70b99dc6be2f94767eed,DFW Airport,1754865431,Grapevine,1754867585,2025-08-10,1754867585,1754882312,27,14727,2025,8,8.50909090909091,False,8.50909090909091
d27544de4ef1c3ea8e6d70b99dc6be2f94767eed,DFW Airport,1754865431,Cedar Hill,1754888696,2025-08-11,1754888696,1754968554,13,79858,2025,8,8.50909090909091,False,8.50909090909091
d27544de4ef1c3ea8e6d70b99dc6be2f94767eed,DFW Airport,1754865431,Dallas,1754892319,2025-08-11,1754892319,1754930315,44,37996,2025,8,8.50909090909091,False,8.50909090909091
741fa3d01dc5a35dd10967966b092d0b107cffa9,Dallas Love Field,1754923990,Dallas,1754926511,2025-08-11,1754926511,1754964432,52,37921,2025,8,,,
62f7cbd6eceec1e57ef03778a37dce6b29d9b192,DFW Airport,1754940765,Grapevine,1754940967,2025-08-11,1754940967,1754959859,29,18892,2025,8,8.50909090909091,False,8.50909090909091
741fa3d01dc5a35dd10967966b092d0b107cffa9,Dallas Love Field,1754923990,Grand Prairie,1754962305,2025-08-11,1754962305,1754973984,72,11679,2025,8,,,
741fa3d01dc5a35dd10967966b092d0b107cffa9,Dallas Love Field,1754956980,Grand Prairie,1754976343,2025-08-12,1754976343,1755003993,66,27650,2025,8,,,
2a81826415850d8b5a5bdd9b5f1d8fcce75a233e,DFW Airport,1754921906,Dallas,1754979360,2025-08-12,1754979360,1754991391,3,12031,2025,8,8.50909090909091,False,8.50909090909091
2ba9c9d67d85ad0c639ac9fbd0412f3b422a2c55,DFW Airport,1755098369,Fort Worth,1755107488,2025-08-13,1755107488,1755139489,45,32001,2025,8,8.50909090909091,False,8.50909090909091
db4726aa233d2611ce73581f33b80cd0650a55a4,DFW Airport,1755124780,McKinney,1755128723,2025-08-13,1755128723,1755146434,15,17711,2025,8,8.50909090909091,False,8.50909090909091
db4726aa233d2611ce73581f33b80cd0650a55a4,DFW Airport,1755124780,McKinney,1755150070,2025-08-14,1755150070,1755175832,14,25762,2025,8,8.50909090909091,False,8.50909090909091
2ba9c9d67d85ad0c639ac9fbd0412f3b422a2c55,DFW Airport,1755098369,Fort Worth,1755155832,2025-08-14,1755155832,1755233404,57,77572,2025,8,8.50909090909091,False,8.50909090909091
2ba9c9d67d85ad0c639ac9fbd0412f3b422a2c55,DFW Airport,1755098369,Grapevine,1755161139,2025-08-14,1755161139,1755192576,27,31437,2025,8,8.50909090909091,False,8.50909090909091
9931bf1018355f14438caae9643536ffc91f61fb,Dallas Love Field,1755206225,Dallas,1755207855,2025-08-14,1755207855,1755219773,48,11918,2025,8,,,
cfd92d1a76062af4e0c926fb3c8f0d5b6daaa112,Dallas Love Field,1755228813,Dallas,1755234099,2025-08-15,1755234099,1755288080,39,53981,2025,8,,,
2ba9c9d67d85ad0c639ac9fbd0412f3b422a2c55,DFW Airport,1755186241,Fort Worth,1755234542,2025-08-15,1755234542,1755318223,67,83681,2025,8,8.50909090909091,False,8.50909090909091
cfd92d1a76062af4e0c926fb3c8f0d5b6daaa112,Dallas Love Field,1755228813,Farmers Branch,1755235252,2025-08-15,1755235252,1755286157,3,50905,2025,8,,,
cfd92d1a76062af4e0c926fb3c8f0d5b6daaa112,Dallas Love Field,1755228813,Carrollton,1755235299,2025-08-15,1755235299,1755286134,15,50835,2025,8,,,
cfd92d1a76062af4e0c926fb3c8f0d5b6daaa112,Dallas Love Field,1755228813,Lewisville,1755235529,2025-08-15,1755235529,1755285757,12,50228,2025,8,,,
cfd92d1a76062af4e0c926fb3c8f0d5b6daaa112,Dallas Love Field,1755228813,The Colony,1755235906,2025-08-15,1755235906,1755285437,29,49531,2025,8,,,
2ba9c9d67d85ad0c639ac9fbd0412f3b422a2c55,DFW Airport,1755186241,Grapevine,1755246992,2025-08-15,1755246992,1755264495,59,17503,2025,8,8.50909090909091,False,8.50909090909091
92133f6190254ce4c3f2f22fb434b1c505a87390,Dallas Love Field,1755251185,Dallas,1755253562,2025-08-15,1755253562,1755271791,4,18229,2025,8,,,
7537a2fbdaf162fdd1c31b4107cb572fc2bf12d2,DFW Airport,1755269725,Euless,1755270414,2025-08-15,1755270414,1755319237,25,48823,2025,8,8.50909090909091,False,8.50909090909091
cfd92d1a76062af4e0c926fb3c8f0d5b6daaa112,Dallas Love Field,1755228813,Frisco,1755274112,2025-08-15,1755274112,1755284927,8,10815,2025,8,,,
7537a2fbdaf162fdd1c31b4107cb572fc2bf12d2,DFW Airport,1755269725,Bedford,1755277512,2025-08-15,1755277512,1755306894,25,29382,2025,8,8.50909090909091,False,8.50909090909091
65809e8bcc2c16478e09aa1df8f7b8867bee9458,DFW Airport,1755296929,Fort Worth,1755304093,2025-08-15,1755304093,1755317276,30,13183,2025,8,8.50909090909091,False,8.50909090909091
2ba9c9d67d85ad0c639ac9fbd0412f3b422a2c55,DFW Airport,1755249831,Fort Worth,1755322807,2025-08-16,1755322807,1755397012,33,74205,2025,8,8.50909090909091,False,8.50909090909091
65809e8bcc2c16478e09aa1df8f7b8867bee9458,DFW Airport,1755303397,Fort Worth,1755323254,2025-08-16,1755323254,1755382792,66,59538,2025,8,8.50909090909091,False,8.50909090909091
182ea962dbe71fecf1f65b95669c197bcb19d06e,DFW Airport,1755319865,Farmers Branch,1755324124,2025-08-16,1755324124,1755390797,14,66673,2025,8,8.50909090909091,False,8.50909090909091
182ea962dbe71fecf1f65b95669c197bcb19d06e,DFW Airport,1755319865,Carrollton,1755324302,2025-08-16,1755324302,1755391589,40,67287,2025,8,8.50909090909091,False,8.50909090909091
182ea962dbe71fecf1f65b95669c197bcb19d06e,DFW Airport,1755319865,The Colony,1755325032,2025-08-16,1755325032,1755392366,36,67334,2025,8,8.50909090909091,False,8.50909090909091
7537a2fbdaf162fdd1c31b4107cb572fc2bf12d2,DFW Airport,1755306318,Euless,1755325505,2025-08-16,1755325505,1755402704,72,77199,2025,8,8.50909090909091,False,8.50909090909091
2ba9c9d67d85ad0c639ac9fbd0412f3b422a2c55,DFW Airport,1755249831,Grapevine,1755333979,2025-08-16,1755333979,1755365001,20,31022,2025,8,8.50909090909091,False,8.50909090909091
65809e8bcc2c16478e09aa1df8f7b8867bee9458,DFW Airport,1755303397,Hurst,1755351270,2025-08-16,1755351270,1755359462,24,8192,2025,8,8.50909090909091,False,8.50909090909091
692780eb162d23899b7c633b76f08edcb6c38728,Dallas Love Field,1755353894,Dallas,1755353912,2025-08-16,1755353912,1755361113,35,7201,2025,8,,,
182ea962dbe71fecf1f65b95669c197bcb19d06e,DFW Airport,1755319865,Plano,1755361920,2025-08-16,1755361920,1755392035,104,30115,2025,8,8.50909090909091,False,8.50909090909091
182ea962dbe71fecf1f65b95669c197bcb19d06e,DFW Airport,1755319865,Frisco,1755361946,2025-08-16,1755361946,1755392043,50,30097,2025,8,8.50909090909091,False,8.50909090909091
182ea962dbe71fecf1f65b95669c197bcb19d06e,DFW Airport,1755319865,Dallas,1755375846,2025-08-16,1755375846,1755391555,176,15709,2025,8,8.50909090909091,False,8.50909090909091
2ba9c9d67d85ad0c639ac9fbd0412f3b422a2c55,DFW Airport,1755353740,Fort Worth,1755407932,2025-08-17,1755407932,1755492672,36,84740,2025,8,8.50909090909091,False,8.50909090909091
7537a2fbdaf162fdd1c31b4107cb572fc2bf12d2,DFW Airport,1755399940,Euless,1755417939,2025-08-17,1755417939,1755457347,59,39408,2025,8,8.50909090909091,False,8.50909090909091
2ba9c9d67d85ad0c639ac9fbd0412f3b422a2c55,DFW Airport,1755353740,Grapevine,1755420004,2025-08-17,1755420004,1755451581,21,31577,2025,8,8.50909090909091,False,8.50909090909091
cc61942f073a800ffbdd66b2a3ce708914ca7036,Dallas Love Field,1755439851,Garland,1755443695,2025-08-17,1755443695,1755451889,4,8194,2025,8,,,
7537a2fbdaf162fdd1c31b4107cb572fc2bf12d2,DFW Airport,1755399940,Grapevine,1755457329,2025-08-17,1755457329,1755481514,12,24185,2025,8,8.50909090909091,False,8.50909090909091
c5aab50ae72e9953b4d52ded39d6531cdd9dfad2,DFW Airport,1755455596,Dallas,1755460269,2025-08-17,1755460269,1755474636,81,14367,2025,8,8.50909090909091,False,8.50909090909091
4361821ca93256c1436ec164025571526954323e,Dallas Love Field,1755487989,Fort Worth,1755494286,2025-08-18,1755494286,1755570680,78,76394,2025,8,,,
2ba9c9d67d85ad0c639ac9fbd0412f3b422a2c55,DFW Airport,1755446483,Fort Worth,1755496099,2025-08-18,1755496099,1755532526,40,36427,2025,8,8.50909090909091,False,8.50909090909091
4361821ca93256c1436ec164025571526954323e,Dallas Love Field,1755487989,Burleson,1755525187,2025-08-18,1755525187,1755538678,25,13491,2025,8,,,
2c7642c29eb43ad4eea4ab3f35cd127af8b99100,DFW Airport,1755529713,Grapevine,1755529719,2025-08-18,1755529719,1755538538,11,8819,2025,8,8.50909090909091,False,8.50909090909091
7537a2fbdaf162fdd1c31b4107cb572fc2bf12d2,DFW Airport,1755532373,Grapevine,1755534981,2025-08-18,1755534981,1755572848,29,37867,2025,8,8.50909090909091,False,8.50909090909091
4361821ca93256c1436ec164025571526954323e,Dallas Love Field,1755487989,Crowley,1755538227,2025-08-18,1755538227,1755548699,5,10472,2025,8,,,
6d602702f94380bd6fcf7edd12f24525cfcda1d7,Dallas Love Field,1755547603,Dallas,1755547954,2025-08-18,1755547954,1755571059,225,23105,2025,8,,,
7537a2fbdaf162fdd1c31b4107cb572fc2bf12d2,DFW Airport,1755532373,Euless,1755579904,2025-08-19,1755579904,1755664742,50,84838,2025,8,8.50909090909091,False,8.50909090909091
7537a2fbdaf162fdd1c31b4107cb572fc2bf12d2,DFW Airport,1755532373,Grapevine,1755607424,2025-08-19,1755607424,1755659842,68,52418,2025,8,8.50909090909091,False,8.50909090909091
7537a2fbdaf162fdd1c31b4107cb572fc2bf12d2,DFW Airport,1755654342,Euless,1755667093,2025-08-20,1755667093,1755745550,128,78457,2025,8,8.50909090909091,False,8.50909090909091
2ba9c9d67d85ad0c639ac9fbd0412f3b422a2c55,DFW Airport,1755690841,Grapevine,1755693088,2025-08-20,1755693088,1755717953,21,24865,2025,8,8.50909090909091,False,8.50909090909091
7537a2fbdaf162fdd1c31b4107cb572fc2bf12d2,DFW Airport,1755654342,Bedford,1755694286,2025-08-20,1755694286,1755715371,22,21085,2025,8,8.50909090909091,False,8.50909090909091
b1a43e43995e9a8be8409727243e751555921bc3,DFW Airport,1755708352,Grapevine,1755708504,2025-08-20,1755708504,1755748273,104,39769,2025,8,8.50909090909091,False,8.50909090909091
2ba9c9d67d85ad0c639ac9fbd0412f3b422a2c55,DFW Airport,1755690841,Fort Worth,1755718845,2025-08-20,1755718845,1755751906,40,33061,2025,8,8.50909090909091,False,8.50909090909091
2ba9c9d67d85ad0c639ac9fbd0412f3b422a2c55,DFW Airport,1755690841,Fort Worth,1755753046,2025-08-21,1755753046,1755837121,37,84075,2025,8,8.50909090909091,False,8.50909090909091
2ba9c9d67d85ad0c639ac9fbd0412f3b422a2c55,DFW Airport,1755690841,Grapevine,1755765643,2025-08-21,1755765643,1755799351,40,33708,2025,8,8.50909090909091,False,8.50909090909091
3ddacdf7b6d94d0bc78455030a1b822361f04d07,Dallas Love Field,1755784475,Dallas,1755787313,2025-08-21,1755787313,1755806064,50,18751,2025,8,,,
a7699b89158e4469c54718d67fdf453f511fc870,DFW Airport,1755792892,Grapevine,1755793132,2025-08-21,1755793132,1755803959,66,10827,2025,8,8.50909090909091,False,8.50909090909091
b63e561c884b58ca8068898e077866388d0d394e,DFW Airport,1755813591,Grapevine,1755814157,2025-08-21,1755814157,1755828635,10,14478,2025,8,8.50909090909091,False,8.50909090909091
9cbf31cca1c806dcdb5383aa11e93f061e85a9a9,DFW Airport,1755812661,Dallas,1755814980,2025-08-21,1755814980,1755827212,67,12232,2025,8,8.50909090909091,False,8.50909090909091
9cbf31cca1c806dcdb5383aa11e93f061e85a9a9,DFW Airport,1755812661,Addison,1755815598,2025-08-21,1755815598,1755828905,50,13307,2025,8,8.50909090909091,False,8.50909090909091
2ba9c9d67d85ad0c639ac9fbd0412f3b422a2c55,DFW Airport,1755766044,Fort Worth,1755843512,2025-08-22,1755843512,1755924882,66,81370,2025,8,8.50909090909091,False,8.50909090909091
2ba9c9d67d85ad0c639ac9fbd0412f3b422a2c55,DFW Airport,1755766044,Grapevine,1755852369,2025-08-22,1755852369,1755883672,15,31303,2025,8,8.50909090909091,False,8.50909090909091
c5e7da3b8343ce1f1183a7e6dc6270cde88e84c5,Dallas Love Field,1755877778,Dallas,1755877833,2025-08-22,1755877833,1755895834,12,18001,2025,8,,,
e51d396672b829c20b46069b1ad6c28037c6e1c6,DFW Airport,1755901859,Grapevine,1755901881,2025-08-22,1755901881,1755913230,9,11349,2025,8,8.50909090909091,False,8.50909090909091
b63e561c884b58ca8068898e077866388d0d394e,DFW Airport,1755904205,Grapevine,1755904630,2025-08-22,1755904630,1755912273,4,7643,2025,8,8.50909090909091,False,8.50909090909091
2ba9c9d67d85ad0c639ac9fbd0412f3b422a2c55,DFW Airport,1755866356,Fort Worth,1755933038,2025-08-23,1755933038,1756010300,52,77262,2025,8,8.50909090909091,False,8.50909090909091
2ba9c9d67d85ad0c639ac9fbd0412f3b422a2c55,DFW Airport,1755866356,Grapevine,1755938834,2025-08-23,1755938834,1755970167,32,31333,2025,8,8.50909090909091,False,8.50909090909091
8b5e582222e4b673093f0c0aeba75f6e0b0a23e0,DFW Airport,1755950080,Grapevine,1755951227,2025-08-23,1755951227,1755959432,13,8205,2025,8,8.50909090909091,False,8.50909090909091
2ba9c9d67d85ad0c639ac9fbd0412f3b422a2c55,DFW Airport,1755952789,Southlake,1755970171,2025-08-23,1755970171,1755982679,6,12508,2025,8,8.50909090909091,False,8.50909090909091
2ba9c9d67d85ad0c639ac9fbd0412f3b422a2c55,DFW Airport,1755952789,Keller,1755974292,2025-08-23,1755974292,1755983251,20,8959,2025,8,8.50909090909091,False,8.50909090909091
3de8a105c0eb127f79e8e94d52296eb2221b71b8,Dallas Love Field,1755981638,Addison,1755985044,2025-08-23,1755985044,1755992824,7,7780,2025,8,,,
b59471bb255d99193886a276c0114b8d52972adb,DFW Airport,1755993305,Grapevine,1755993345,2025-08-23,1755993345,1756004210,16,10865,2025,8,8.50909090909091,False,8.50909090909091
2ba9c9d67d85ad0c639ac9fbd0412f3b422a2c55,DFW Airport,1755952789,Fort Worth,1756012613,2025-08-24,1756012613,1756087772,88,75159,2025,8,8.50909090909091,False,8.50909090909091
2ba9c9d67d85ad0c639ac9fbd0412f3b422a2c55,DFW Airport,1755952789,Grapevine,1756025008,2025-08-24,1756025008,1756056289,40,31281,2025,8,8.50909090909091,False,8.50909090909091
210c43a23ba7ce352199f0978dec794f416fce34,DFW Airport,1756060059,Dallas,1756061642,2025-08-24,1756061642,1756092713,20,31071,2025,8,8.50909090909091,False,8.50909090909091
dba8bcaec947c3b70656f38b3a20a425d898b365,Dallas Love Field,1756069360,Dallas,1756069390,2025-08-24,1756069390,1756081229,8,11839,2025,8,,,
eb6c786a90c27aba0ac5c2755dc835c3fbeec664,DFW Airport,1756086306,Irving,1756087792,2025-08-24,1756087792,1756097997,42,10205,2025,8,8.50909090909091,False,8.50909090909091
eb6c786a90c27aba0ac5c2755dc835c3fbeec664,DFW Airport,1756086306,Irving,1756098875,2025-08-25,1756098875,1756122800,80,23925,2025,8,8.50909090909091,False,8.50909090909091
2ba9c9d67d85ad0c639ac9fbd0412f3b422a2c55,DFW Airport,1756033918,Fort Worth,1756099076,2025-08-25,1756099076,1756140035,58,40959,2025,8,8.50909090909091,False,8.50909090909091
7162594f393d82c314efda295326ec5c991d6aa1,DFW Airport,1756138789,Grapevine,1756141451,2025-08-25,1756141451,1756149671,10,8220,2025,8,8.50909090909091,False,8.50909090909091
3f1b6075d7236824ab1226cf36752ba308c4822b,DFW Airport,1756145563,Grapevine,1756145564,2025-08-25,1756145564,1756165277,21,19713,2025,8,8.50909090909091,False,8.50909090909091
2c2f88134b98a7396b5e326579a9b34da074a5ae,DFW Airport,1756145883,Grapevine,1756145886,2025-08-25,1756145886,1756155327,64,9441,2025,8,8.50909090909091,False,8.50909090909091
7162594f393d82c314efda295326ec5c991d6aa1,DFW Airport,1756138789,Arlington,1756150800,2025-08-25,1756150800,1756171564,26,20764,2025,8,8.50909090909091,False,8.50909090909091
7537a2fbdaf162fdd1c31b4107cb572fc2bf12d2,DFW Airport,1756164479,Grapevine,1756166894,2025-08-25,1756166894,1756177322,8,10428,2025,8,8.50909090909091,False,8.50909090909091
7537a2fbdaf162fdd1c31b4107cb572fc2bf12d2,DFW Airport,1756164479,Euless,1756186020,2025-08-26,1756186020,1756219283,16,33263,2025,8,8.50909090909091,False,8.50909090909091
7162594f393d82c314efda295326ec5c991d6aa1,DFW Airport,1756166617,Arlington,1756190350,2025-08-26,1756190350,1756224689,40,34339,2025,8,8.50909090909091,False,8.50909090909091
7537a2fbdaf162fdd1c31b4107cb572fc2bf12d2,DFW Airport,1756164479,Grapevine,1756212654,2025-08-26,1756212654,1756249391,17,36737,2025,8,8.50909090909091,False,8.50909090909091
b0a77389bcff95ee10d630d46edbde8fe714fc10,DFW Airport,1756212846,Grapevine,1756213006,2025-08-26,1756213006,1756254361,7,41355,2025,8,8.50909090909091,False,8.50909090909091
aab1330043cbaeb801b1d841ee4b37752e7cebe6,Dallas Love Field,1756229962,Dallas,1756231931,2025-08-26,1756231931,1756257131,43,25200,2025,8,,,
6aa6618ac52f6858b3d2636aa59705966322a205,DFW Airport,1756229726,Grapevine,1756253368,2025-08-26,1756253368,1756269776,46,16408,2025,8,8.50909090909091,False,8.50909090909091
6aa6618ac52f6858b3d2636aa59705966322a205,DFW Airport,1756229726,Euless,1756253403,2025-08-26,1756253403,1756269911,15,16508,2025,8,8.50909090909091,False,8.50909090909091
6aa6618ac52f6858b3d2636aa59705966322a205,DFW Airport,1756253928,Grapevine,1756284230,2025-08-27,1756284230,1756338661,9,54431,2025,8,8.50909090909091,False,8.50909090909091
c12e6dc1f4cf968d9dfec7d7203a45e9155bdc25,DFW Airport,1756280302,Dallas,1756289461,2025-08-27,1756289461,1756356895,133,67434,2025,8,8.50909090909091,False,8.50909090909091
6aa6618ac52f6858b3d2636aa59705966322a205,DFW Airport,1756253928,Euless,1756293510,2025-08-27,1756293510,1756342254,47,48744,2025,8,8.50909090909091,False,8.50909090909091
c12e6dc1f4cf968d9dfec7d7203a45e9155bdc25,DFW Airport,1756280302,Plano,1756296930,2025-08-27,1756296930,1756315664,25,18734,2025,8,8.50909090909091,False,8.50909090909091
c433af79ea5e8142cbfc019dd01f3c2498f608da,Dallas Love Field,1756304862,Dallas,1756304864,2025-08-27,1756304864,1756315056,15,10192,2025,8,,,
2ba9c9d67d85ad0c639ac9fbd0412f3b422a2c55,DFW Airport,1756312464,Grapevine,1756312979,2025-08-27,1756312979,1756322694,8,9715,2025,8,8.50909090909091,False,8.50909090909091
7d64b0187661461406cd48f40356d4d0b47c0218,DFW Airport,1756310933,Lewisville,1756315769,2025-08-27,1756315769,1756328131,14,12362,2025,8,8.50909090909091,False,8.50909090909091
7d64b0187661461406cd48f40356d4d0b47c0218,DFW Airport,1756310933,Carrollton,1756315777,2025-08-27,1756315777,1756327975,2,12198,2025,8,8.50909090909091,False,8.50909090909091
7d64b0187661461406cd48f40356d4d0b47c0218,DFW Airport,1756310933,The Colony,1756315809,2025-08-27,1756315809,1756326087,7,10278,2025,8,8.50909090909091,False,8.50909090909091
2ba9c9d67d85ad0c639ac9fbd0412f3b422a2c55,DFW Airport,1756312464,Fort Worth,1756317802,2025-08-27,1756317802,1756356950,78,39148,2025,8,8.50909090909091,False,8.50909090909091
7d64b0187661461406cd48f40356d4d0b47c0218,DFW Airport,1756310933,Irving,1756328635,2025-08-27,1756328635,1756348273,14,19638,2025,8,8.50909090909091,False,8.50909090909091
1e0ab87289734d06d67266b5b084c2eb6a7b5b42,Dallas Love Field,1756293675,McKinney,1756330234,2025-08-27,1756330234,1756350736,8,20502,2025,8,,,
8e5c0a3355f2549aadfc0d28faae5850593f8c65,Dallas Love Field,1756328228,Farmers Branch,1756330845,2025-08-27,1756330845,1756356557,41,25712,2025,8,,,
db7483d367a286ad86845b117e361c517aa1fc84,DFW Airport,1756332140,Grapevine,1756332482,2025-08-27,1756332482,1756342550,8,10068,2025,8,8.50909090909091,False,8.50909090909091
c14b6820fafdda48941059dd558d8af2d9bee34d,Dallas Love Field,1756333617,Dallas,1756333632,2025-08-27,1756333632,1756351258,17,17626,2025,8,,,
c12e6dc1f4cf968d9dfec7d7203a45e9155bdc25,DFW Airport,1756280302,Dallas,1756357389,2025-08-28,1756357389,1756366434,64,9045,2025,8,8.50909090909091,False,8.50909090909091
2ba9c9d67d85ad0c639ac9fbd0412f3b422a2c55,DFW Airport,1756312464,Fort Worth,1756357835,2025-08-28,1756357835,1756439634,78,81799,2025,8,8.50909090909091,False,8.50909090909091
8e5c0a3355f2549aadfc0d28faae5850593f8c65,Dallas Love Field,1756340327,Farmers Branch,1756357863,2025-08-28,1756357863,1756390115,86,32252,2025,8,,,
0929f201f87463c56fb6ab786b78d8dbee7dbad6,DFW Airport,1756342413,Dallas,1756360692,2025-08-28,1756360692,1756389785,11,29093,2025,8,8.50909090909091,False,8.50909090909091
2ba9c9d67d85ad0c639ac9fbd0412f3b422a2c55,DFW Airport,1756312464,Grapevine,1756370417,2025-08-28,1756370417,1756404143,95,33726,2025,8,8.50909090909091,False,8.50909090909091
7d64b0187661461406cd48f40356d4d0b47c0218,DFW Airport,1756310933,Irving,1756381010,2025-08-28,1756381010,1756396725,36,15715,2025,8,8.50909090909091,False,8.50909090909091
7d64b0187661461406cd48f40356d4d0b47c0218,DFW Airport,1756310933,Carrollton,1756383295,2025-08-28,1756383295,1756396351,14,13056,2025,8,8.50909090909091,False,8.50909090909091
40d67eeb7032a3e47cd1926249f79e5cb1701bb9,DFW Airport,1756374266,Fort Worth,1756383797,2025-08-28,1756383797,1756441525,23,57728,2025,8,8.50909090909091,False,8.50909090909091
7d64b0187661461406cd48f40356d4d0b47c0218,DFW Airport,1756310933,Plano,1756384212,2025-08-28,1756384212,1756394940,22,10728,2025,8,8.50909090909091,False,8.50909090909091
3f1b6075d7236824ab1226cf36752ba308c4822b,DFW Airport,1756350070,Grapevine,1756385893,2025-08-28,1756385893,1756431651,20,45758,2025,8,8.50909090909091,False,8.50909090909091
8e5c0a3355f2549aadfc0d28faae5850593f8c65,Dallas Love Field,1756340327,Dallas,1756391895,2025-08-28,1756391895,1756411673,82,19778,2025,8,,,
2ba9c9d67d85ad0c639ac9fbd0412f3b422a2c55,DFW Airport,1756370828,Keller,1756405577,2025-08-28,1756405577,1756418321,7,12744,2025,8,8.50909090909091,False,8.50909090909091
b61550238a9bf0be680d8e34327b8def63895771,DFW Airport,1756418997,Grapevine,1756418998,2025-08-28,1756418998,1756441168,82,22170,2025,8,8.50909090909091,False,8.50909090909091
2303248f01bfdbf282faa42922155aeb8bdfeac7,DFW Airport,1756428310,Fort Worth,1756430670,2025-08-28,1756430670,1756443076,14,12406,2025,8,8.50909090909091,False,8.50909090909091
2303248f01bfdbf282faa42922155aeb8bdfeac7,DFW Airport,1756428310,Fort Worth,1756443670,2025-08-29,1756443670,1756510630,27,66960,2025,8,8.50909090909091,False,8.50909090909091
2303248f01bfdbf282faa42922155aeb8bdfeac7,DFW Airport,1756428310,River Oaks,1756444585,2025-08-29,1756444585,1756508836,35,64251,2025,8,8.50909090909091,False,8.50909090909091
2ba9c9d67d85ad0c639ac9fbd0412f3b422a2c55,DFW Airport,1756370828,Fort Worth,1756445679,2025-08-29,1756445679,1756529688,85,84009,2025,8,8.50909090909091,False,8.50909090909091
2ba9c9d67d85ad0c639ac9fbd0412f3b422a2c55,DFW Airport,1756370828,Grapevine,1756457162,2025-08-29,1756457162,1756488466,19,31304,2025,8,8.50909090909091,False,8.50909090909091
eb6c786a90c27aba0ac5c2755dc835c3fbeec664,DFW Airport,1756505414,Grapevine,1756506571,2025-08-29,1756506571,1756518372,40,11801,2025,8,8.50909090909091,False,8.50909090909091
507db235830d042480bfcd2f28ec0750f4cdf56e,DFW Airport,1756510037,Grapevine,1756510067,2025-08-29,1756510067,1756518396,24,8329,2025,8,8.50909090909091,False,8.50909090909091
e51d396672b829c20b46069b1ad6c28037c6e1c6,DFW Airport,1756507562,Grapevine,1756510083,2025-08-29,1756510083,1756518028,14,7945,2025,8,8.50909090909091,False,8.50909090909091
2ba9c9d67d85ad0c639ac9fbd0412f3b422a2c55,DFW Airport,1756486496,Fort Worth,1756530366,2025-08-30,1756530366,1756615799,65,85433,2025,8,8.50909090909091,False,8.50909090909091
765a66d56b004fa2a7fed388bc7097bd7d3457cd,DFW Airport,1756534697,Grapevine,1756534698,2025-08-30,1756534698,1756543778,17,9080,2025,8,8.50909090909091,False,8.50909090909091
2ba9c9d67d85ad0c639ac9fbd0412f3b422a2c55,DFW Airport,1756486496,Grapevine,1756543620,2025-08-30,1756543620,1756574543,32,30923,2025,8,8.50909090909091,False,8.50909090909091
2617d93c0a7d4505b8e3843a49aca0a763b12e92,DFW Airport,1756557109,Grapevine,1756557787,2025-08-30,1756557787,1756595322,13,37535,2025,8,8.50909090909091,False,8.50909090909091
bb0e2d11d0806dc9cbcba86fd09f4e3faaa03aa7,DFW Airport,1756564660,Grapevine,1756572953,2025-08-30,1756572953,1756590433,2,17480,2025,8,8.50909090909091,False,8.50909090909091
2ba9c9d67d85ad0c639ac9fbd0412f3b422a2c55,DFW Airport,1756557578,Southlake,1756574954,2025-08-30,1756574954,1756587469,4,12515,2025,8,8.50909090909091,False,8.50909090909091
2ba9c9d67d85ad0c639ac9fbd0412f3b422a2c55,DFW Airport,1756557578,Keller,1756579149,2025-08-30,1756579149,1756586400,14,7251,2025,8,8.50909090909091,False,8.50909090909091
fc019bb2cd7180f8e405bd5054dd8312ce574e98,DFW Airport,1756578214,Grapevine,1756579279,2025-08-30,1756579279,1756597609,9,18330,2025,8,8.50909090909091,False,8.50909090909091
d216ee549637f72bd0a50b4f04f70bcdcc3b93b3,DFW Airport,1756587203,Denton,1756588958,2025-08-30,1756588958,1756601665,30,12707,2025,8,8.50909090909091,False,8.50909090909091
19fe571d8e2e85db6ffbc6020b05488aa3df8e1d,Dallas Love Field,1756596082,Denton,1756599571,2025-08-30,1756599571,1756615778,80,16207,2025,8,,,
d216ee549637f72bd0a50b4f04f70bcdcc3b93b3,DFW Airport,1756599406,Irving,1756603208,2025-08-30,1756603208,1756614264,34,11056,2025,8,8.50909090909091,False,8.50909090909091
19fe571d8e2e85db6ffbc6020b05488aa3df8e1d,Dallas Love Field,1756596082,Denton,1756616670,2025-08-31,1756616670,1756682307,98,65637,2025,8,,,
2ba9c9d67d85ad0c639ac9fbd0412f3b422a2c55,DFW Airport,1756557578,Fort Worth,1756618073,2025-08-31,1756618073,1756701200,76,83127,2025,8,8.50909090909091,False,8.50909090909091
bb0e2d11d0806dc9cbcba86fd09f4e3faaa03aa7,DFW Airport,1756564660,Grand Prairie,1756621572,2025-08-31,1756621572,1756682465,15,60893,2025,8,8.50909090909091,False,8.50909090909091
19bf71b8619e6835d13b42144b7a0521dcdfd8da,DFW Airport,1756576422,Flower Mound,1756627538,2025-08-31,1756627538,1756645565,23,18027,2025,8,8.50909090909091,False,8.50909090909091
2ba9c9d67d85ad0c639ac9fbd0412f3b422a2c55,DFW Airport,1756557578,Grapevine,1756629907,2025-08-31,1756629907,1756663681,63,33774,2025,8,8.50909090909091,False,8.50909090909091
bb0e2d11d0806dc9cbcba86fd09f4e3faaa03aa7,DFW Airport,1756564660,Fort Worth,1756633676,2025-08-31,1756633676,1756681786,2,48110,2025,8,8.50909090909091,False,8.50909090909091
bb0e2d11d0806dc9cbcba86fd09f4e3faaa03aa7,DFW Airport,1756564660,Grapevine,1756634236,2025-08-31,1756634236,1756681541,23,47305,2025,8,8.50909090909091,False,8.50909090909091
19fe571d8e2e85db6ffbc6020b05488aa3df8e1d,Dallas Love Field,1756596082,Corinth,1756653001,2025-08-31,1756653001,1756674941,14,21940,2025,8,,,
19fe571d8e2e85db6ffbc6020b05488aa3df8e1d,Dallas Love Field,1756596082,Lewisville,1756653307,2025-08-31,1756653307,1756674654,16,21347,2025,8,,,
19fe571d8e2e85db6ffbc6020b05488aa3df8e1d,Dallas Love Field,1756596082,Grand Prairie,1756654667,2025-08-31,1756654667,1756673519,10,18852,2025,8,,,
19fe571d8e2e85db6ffbc6020b05488aa3df8e1d,Dallas Love Field,1756596082,Arlington,1756654745,2025-08-31,1756654745,1756673130,80,18385,2025,8,,,
97f156b222a219655b323b98434f460080a19078,DFW Airport,1756598483,Arlington,1756658103,2025-08-31,1756658103,1756680925,34,22822,2025,8,8.50909090909091,False,8.50909090909091
e0a4d4baea17b03f606da5d7cf0fb35591ebe11f,DFW Airport,1756647387,Dallas,1756658887,2025-08-31,1756658887,1756701222,58,42335,2025,8,8.50909090909091,False,8.50909090909091
210c43a23ba7ce352199f0978dec794f416fce34,DFW Airport,1756664838,Dallas,1756666438,2025-08-31,1756666438,1756683208,19,16770,2025,8,8.50909090909091,False,8.50909090909091
01a9df4a8b67b992fa6922bc9f75cdc0a0063235,DFW Airport,1756670316,McKinney,1756670588,2025-08-31,1756670588,1756683716,19,13128,2025,8,8.50909090909091,False,8.50909090909091
01c09ad51390f06182d656f595eebb6031c16485,Dallas Love Field,1756669987,Garland,1756674253,2025-08-31,1756674253,1756683760,18,9507,2025,8,,,
24b80f9e4b72f49bdb6dd7510c46cd2ee195880e,Dallas Love Field,1756673395,Arlington,1756678806,2025-08-31,1756678806,1756697555,21,18749,2025,8,,,
e0a4d4baea17b03f606da5d7cf0fb35591ebe11f,DFW Airport,1756647387,Addison,1756679059,2025-08-31,1756679059,1756701370,24,22311,2025,8,8.50909090909091,False,8.50909090909091
24b80f9e4b72f49bdb6dd7510c46cd2ee195880e,Dallas Love Field,1756673395,Mansfield,1756679707,2025-08-31,1756679707,1756694796,33,15089,2025,8,,,
e0a4d4baea17b03f606da5d7cf0fb35591ebe11f,DFW Airport,1756687347,Addison,1756703041,2025-09-01,1756703041,1756731291,54,28250,2025,9,3.434152488972905,False,3.434152488972905
2ba9c9d67d85ad0c639ac9fbd0412f3b422a2c55,DFW Airport,1756632158,Fort Worth,1756704086,2025-09-01,1756704086,1756784711,65,80625,2025,8,8.50909090909091,False,8.50909090909091
24b80f9e4b72f49bdb6dd7510c46cd2ee195880e,Dallas Love Field,1756686494,Arlington,1756706152,2025-09-01,1756706152,1756758233,126,52081,2025,9,,,
24b80f9e4b72f49bdb6dd7510c46cd2ee195880e,Dallas Love Field,1756686494,Grapevine,1756734191,2025-09-01,1756734191,1756742933,62,8742,2025,9,,,
2ba9c9d67d85ad0c639ac9fbd0412f3b422a2c55,DFW Airport,1756734893,Grapevine,1756735487,2025-09-01,1756735487,1756750136,11,14649,2025,9,3.434152488972905,False,3.434152488972905
d14794df2b1f6e9287465ca6407dd73a53870ed5,Dallas Love Field,1756742123,Dallas,1756743398,2025-09-01,1756743398,1756752981,5,9583,2025,9,,,
2c2f88134b98a7396b5e326579a9b34da074a5ae,DFW Airport,1756752484,Grapevine,1756752510,2025-09-01,1756752510,1756760108,9,7598,2025,9,3.434152488972905,False,3.434152488972905
b6b914a3a851ea41b182a7ad6cc8b08047a71616,DFW Airport,1756774827,Grapevine,1756774836,2025-09-01,1756774836,1756786121,15,11285,2025,9,3.434152488972905,False,3.434152488972905
2ba9c9d67d85ad0c639ac9fbd0412f3b422a2c55,DFW Airport,1756734893,Fort Worth,1756789500,2025-09-02,1756789500,1756872515,77,83015,2025,9,3.434152488972905,False,3.434152488972905
b6b914a3a851ea41b182a7ad6cc8b08047a71616,DFW Airport,1756774827,Irving,1756789871,2025-09-02,1756789871,1756829037,37,39166,2025,9,3.434152488972905,False,3.434152488972905
2ba9c9d67d85ad0c639ac9fbd0412f3b422a2c55,DFW Airport,1756734893,Grapevine,1756809878,2025-09-02,1756809878,1756836889,14,27011,2025,9,3.434152488972905,False,3.434152488972905
2c563c50aad9ecd24c7a8ad51c88e88213f75ea8,DFW Airport,1756822477,Arlington,1756825693,2025-09-02,1756825693,1756869718,50,44025,2025,9,3.434152488972905,False,3.434152488972905
b6b914a3a851ea41b182a7ad6cc8b08047a71616,DFW Airport,1756774827,Grapevine,1756836893,2025-09-02,1756836893,1756859878,7,22985,2025,9,3.434152488972905,False,3.434152488972905
2c563c50aad9ecd24c7a8ad51c88e88213f75ea8,DFW Airport,1756822477,Grand Prairie,1756843300,2025-09-02,1756843300,1756861396,15,18096,2025,9,3.434152488972905,False,3.434152488972905
6aa6618ac52f6858b3d2636aa59705966322a205,DFW Airport,1756858641,Grapevine,1756858642,2025-09-02,1756858642,1756867907,28,9265,2025,9,3.434152488972905,False,3.434152488972905
6aa6618ac52f6858b3d2636aa59705966322a205,DFW Airport,1756858641,Euless,1756858671,2025-09-02,1756858671,1756874187,5,15516,2025,9,3.434152488972905,False,3.434152488972905
2ba9c9d67d85ad0c639ac9fbd0412f3b422a2c55,DFW Airport,1756823688,Fort Worth,1756875905,2025-09-03,1756875905,1756961485,24,85580,2025,9,3.434152488972905,False,3.434152488972905
2ba9c9d67d85ad0c639ac9fbd0412f3b422a2c55,DFW Airport,1756823688,Grapevine,1756889178,2025-09-03,1756889178,1756920573,39,31395,2025,9,3.434152488972905,False,3.434152488972905
6aa6618ac52f6858b3d2636aa59705966322a205,DFW Airport,1756858641,Euless,1756899214,2025-09-03,1756899214,1756947057,30,47843,2025,9,3.434152488972905,False,3.434152488972905
6aa6618ac52f6858b3d2636aa59705966322a205,DFW Airport,1756858641,Grapevine,1756925823,2025-09-03,1756925823,1756943457,10,17634,2025,9,3.434152488972905,False,3.434152488972905
dfdcb9db124c135d3d2af8ae71ce429e2cad0dc4,DFW Airport,1756927043,Grapevine,1756927045,2025-09-03,1756927045,1756937444,17,10399,2025,9,3.434152488972905,False,3.434152488972905
8e5c0a3355f2549aadfc0d28faae5850593f8c65,Dallas Love Field,1756933018,Farmers Branch,1756935635,2025-09-03,1756935635,1756958988,45,23353,2025,9,,,
d50e0c8895445ff880b2d71a409c08caf26adf4e,Dallas Love Field,1756932632,Allen,1756936263,2025-09-03,1756936263,1756955285,18,19022,2025,9,,,
01a9df4a8b67b992fa6922bc9f75cdc0a0063235,DFW Airport,1756937637,McKinney,1756941966,2025-09-03,1756941966,1756961509,38,19543,2025,9,3.434152488972905,False,3.434152488972905
d50e0c8895445ff880b2d71a409c08caf26adf4e,Dallas Love Field,1756944765,Allen,1756962408,2025-09-04,1756962408,1757015628,34,53220,2025,9,,,
2ba9c9d67d85ad0c639ac9fbd0412f3b422a2c55,DFW Airport,1756898792,Fort Worth,1756962617,2025-09-04,1756962617,1757046440,56,83823,2025,9,3.434152488972905,False,3.434152488972905
8e5c0a3355f2549aadfc0d28faae5850593f8c65,Dallas Love Field,1756933018,Farmers Branch,1756963328,2025-09-04,1756963328,1756994126,33,30798,2025,9,,,
01a9df4a8b67b992fa6922bc9f75cdc0a0063235,DFW Airport,1756947448,McKinney,1756969754,2025-09-04,1756969754,1757022248,64,52494,2025,9,3.434152488972905,False,3.434152488972905
2ba9c9d67d85ad0c639ac9fbd0412f3b422a2c55,DFW Airport,1756898792,Hurst,1756974794,2025-09-04,1756974794,1757030511,5,55717,2025,9,3.434152488972905,False,3.434152488972905
2ba9c9d67d85ad0c639ac9fbd0412f3b422a2c55,DFW Airport,1756898792,Grapevine,1756975215,2025-09-04,1756975215,1757008942,29,33727,2025,9,3.434152488972905,False,3.434152488972905
b6b914a3a851ea41b182a7ad6cc8b08047a71616,DFW Airport,1756986878,Carrollton,1756988766,2025-09-04,1756988766,1757015262,28,26496,2025,9,3.434152488972905,False,3.434152488972905
8e5c0a3355f2549aadfc0d28faae5850593f8c65,Dallas Love Field,1756933018,Dallas,1756996754,2025-09-04,1756996754,1757029489,36,32735,2025,9,,,
e7ed74a76fbd5bf07465c43a348f829e5cf986e6,DFW Airport,1757008273,Arlington,1757009462,2025-09-04,1757009462,1757023939,26,14477,2025,9,3.434152488972905,False,3.434152488972905
2ba9c9d67d85ad0c639ac9fbd0412f3b422a2c55,DFW Airport,1756994719,Keller,1757010363,2025-09-04,1757010363,1757023069,6,12706,2025,9,3.434152488972905,False,3.434152488972905
05e78a9b9783833acaab7657e07a317439ec2052,Dallas Love Field,1757014704,Dallas,1757016690,2025-09-04,1757016690,1757030613,27,13923,2025,9,,,
2ba9c9d67d85ad0c639ac9fbd0412f3b422a2c55,DFW Airport,1756994719,Haltom City,1757029200,2025-09-04,1757029200,1757037051,13,7851,2025,9,3.434152488972905,False,3.434152488972905
2ba9c9d67d85ad0c639ac9fbd0412f3b422a2c55,DFW Airport,1756994719,Fort Worth,1757049932,2025-09-05,1757049932,1757078233,38,28301,2025,9,3.434152488972905,False,3.434152488972905
4eba222062f8ed0c85726a3aafc7b14018da07e4,Dallas Love Field,1757037205,Dallas,1757050907,2025-09-05,1757050907,1757100563,24,49656,2025,9,,,
37d2bed998c3c6c5a4b4e185456a53ad5fa10821,DFW Airport,1757036273,Sachse,1757053480,2025-09-05,1757053480,1757094379,8,40899,2025,9,3.434152488972905,False,3.434152488972905
4090d590e0fcb61f2897c3059405f96aa1b799c5,DFW Airport,1757060419,Irving,1757063312,2025-09-05,1757063312,1757081828,6,18516,2025,9,3.434152488972905,False,3.434152488972905
4090d590e0fcb61f2897c3059405f96aa1b799c5,DFW Airport,1757060419,Dallas,1757065259,2025-09-05,1757065259,1757126508,34,61249,2025,9,3.434152488972905,False,3.434152488972905
37d2bed998c3c6c5a4b4e185456a53ad5fa10821,DFW Airport,1757036273,Garland,1757076098,2025-09-05,1757076098,1757088794,3,12696,2025,9,3.434152488972905,False,3.434152488972905
4090d590e0fcb61f2897c3059405f96aa1b799c5,DFW Airport,1757060419,Garland,1757085932,2025-09-05,1757085932,1757131600,25,45668,2025,9,3.434152488972905,False,3.434152488972905
d8acd869fea6ac5e77e24d017c9d314fac9bc2b1,Dallas Love Field,1757084846,Grapevine,1757087176,2025-09-05,1757087176,1757115860,4,28684,2025,9,,,
4090d590e0fcb61f2897c3059405f96aa1b799c5,DFW Airport,1757060419,Mesquite,1757087413,2025-09-05,1757087413,1757122018,18,34605,2025,9,3.434152488972905,False,3.434152488972905
d8acd869fea6ac5e77e24d017c9d314fac9bc2b1,Dallas Love Field,1757084846,Lewisville,1757089608,2025-09-05,1757089608,1757099189,6,9581,2025,9,,,
d8acd869fea6ac5e77e24d017c9d314fac9bc2b1,Dallas Love Field,1757084846,Colleyville,1757105792,2025-09-05,1757105792,1757128874,11,23082,2025,9,,,
b876ad878063b419810f61f110db1222b7ee5931,DFW Airport,1757104904,Irving,1757107939,2025-09-05,1757107939,1757134478,44,26539,2025,9,3.434152488972905,False,3.434152488972905
e51d396672b829c20b46069b1ad6c28037c6e1c6,DFW Airport,1757111340,Grapevine,1757111353,2025-09-05,1757111353,1757122855,10,11502,2025,9,3.434152488972905,False,3.434152488972905
507db235830d042480bfcd2f28ec0750f4cdf56e,DFW Airport,1757114829,Grapevine,1757114853,2025-09-05,1757114853,1757123189,72,8336,2025,9,3.434152488972905,False,3.434152488972905
4090d590e0fcb61f2897c3059405f96aa1b799c5,DFW Airport,1757117778,Dallas,1757135465,2025-09-06,1757135465,1757163667,16,28202,2025,9,3.434152488972905,False,3.434152488972905
b876ad878063b419810f61f110db1222b7ee5931,DFW Airport,1757117847,Irving,1757135667,2025-09-06,1757135667,1757191281,126,55614,2025,9,3.434152488972905,False,3.434152488972905
2ba9c9d67d85ad0c639ac9fbd0412f3b422a2c55,DFW Airport,1757153553,Grapevine,1757153562,2025-09-06,1757153562,1757179345,11,25783,2025,9,3.434152488972905,False,3.434152488972905
2ba9c9d67d85ad0c639ac9fbd0412f3b422a2c55,DFW Airport,1757153553,Fort Worth,1757160817,2025-09-06,1757160817,1757202714,32,41897,2025,9,3.434152488972905,False,3.434152488972905
2a96176f6227f0eadbbfb14a0063c1209bceb032,Dallas Love Field,1757165087,Dallas,1757166187,2025-09-06,1757166187,1757175996,16,9809,2025,9,,,
635fd3dd9829999f6933e66abca14ce743ec24fc,Dallas Love Field,1757164576,Dallas,1757166232,2025-09-06,1757166232,1757213488,25,47256,2025,9,,,
2a96176f6227f0eadbbfb14a0063c1209bceb032,Dallas Love Field,1757165087,The Colony,1757169315,2025-09-06,1757169315,1757196545,4,27230,2025,9,,,
b876ad878063b419810f61f110db1222b7ee5931,DFW Airport,1757117847,Carrollton,1757178772,2025-09-06,1757178772,1757190207,22,11435,2025,9,3.434152488972905,False,3.434152488972905
b876ad878063b419810f61f110db1222b7ee5931,DFW Airport,1757117847,Dallas,1757179118,2025-09-06,1757179118,1757189813,14,10695,2025,9,3.434152488972905,False,3.434152488972905
b876ad878063b419810f61f110db1222b7ee5931,DFW Airport,1757117847,Plano,1757179298,2025-09-06,1757179298,1757189634,6,10336,2025,9,3.434152488972905,False,3.434152488972905
b876ad878063b419810f61f110db1222b7ee5931,DFW Airport,1757104904,Frisco,1757179659,2025-09-06,1757179659,1757189273,14,9614,2025,9,3.434152488972905,False,3.434152488972905
2a96176f6227f0eadbbfb14a0063c1209bceb032,Dallas Love Field,1757165087,Arlington,1757180463,2025-09-06,1757180463,1757193897,12,13434,2025,9,,,
7e062ec41be25e261548dbc717289899353ec5e3,Dallas Love Field,1757124053,Grapevine,1757185534,2025-09-06,1757185534,1757197474,11,11940,2025,9,,,
8e5c0a3355f2549aadfc0d28faae5850593f8c65,Dallas Love Field,1757200562,Dallas,1757200672,2025-09-06,1757200672,1757208908,16,8236,2025,9,,,
4090d590e0fcb61f2897c3059405f96aa1b799c5,DFW Airport,1757233420,Grapevine,1757244943,2025-09-07,1757244943,1757260179,15,15236,2025,9,3.434152488972905,False,3.434152488972905
8b285cee4625e91b80b5d8b0b9503ece421b0389,DFW Airport,1757250826,Grapevine,1757250827,2025-09-07,1757250827,1757259714,11,8887,2025,9,3.434152488972905,False,3.434152488972905
9dfa8b215e7aeb3c40f03c75ee742d28b550ed6b,Dallas Love Field,1757251132,Dallas,1757252336,2025-09-07,1757252336,1757260639,8,8303,2025,9,,,
275bae7b6963a4d4d8295e22ddee7adaf5d7f5fd,DFW Airport,1757255701,Arlington,1757257596,2025-09-07,1757257596,1757285791,8,28195,2025,9,3.434152488972905,False,3.434152488972905
9dfa8b215e7aeb3c40f03c75ee742d28b550ed6b,Dallas Love Field,1757251132,Grapevine,1757264809,2025-09-07,1757264809,1757284164,11,19355,2025,9,,,
9dfa8b215e7aeb3c40f03c75ee742d28b550ed6b,DFW Airport,1757267970,Grapevine,1757269233,2025-09-07,1757269233,1757284164,8,14931,2025,9,3.434152488972905,False,3.434152488972905
741fa3d01dc5a35dd10967966b092d0b107cffa9,Dallas Love Field,1757273204,Dallas,1757273467,2025-09-07,1757273467,1757290555,31,17088,2025,9,,,
01c09ad51390f06182d656f595eebb6031c16485,Dallas Love Field,1757274773,Garland,1757279050,2025-09-07,1757279050,1757288562,11,9512,2025,9,,,
96b4a674f2b9a0dad77818199941a1fec52d8b75,DFW Airport,1757282301,Grapevine,1757286234,2025-09-07,1757286234,1757296159,10,9925,2025,9,3.434152488972905,False,3.434152488972905
e2a31227aafdddd72fed2a8a7cc959460d8e5b7c,Dallas Love Field,1757287073,Dallas,1757287592,2025-09-07,1757287592,1757295228,2,7636,2025,9,,,
741fa3d01dc5a35dd10967966b092d0b107cffa9,Dallas Love Field,1757289854,Grand Prairie,1757291780,2025-09-07,1757291780,1757307174,70,15394,2025,9,,,
26aeda5186a16a423ce3610c87c8c02b38ebbd16,DFW Airport,1757295117,Grapevine,1757297091,2025-09-07,1757297091,1757306412,3,9321,2025,9,3.434152488972905,False,3.434152488972905
741fa3d01dc5a35dd10967966b092d0b107cffa9,Dallas Love Field,1757289854,Grand Prairie,1757308347,2025-09-08,1757308347,1757333189,72,24842,2025,9,,,
26aeda5186a16a423ce3610c87c8c02b38ebbd16,DFW Airport,1757295117,Grapevine,1757314202,2025-09-08,1757314202,1757330228,5,16026,2025,9,3.434152488972905,False,3.434152488972905
df3709adb5e6d389a92b077af5a89fd1b8c515e6,DFW Airport,1757323394,Grapevine,1757324142,2025-09-08,1757324142,1757393128,27,68986,2025,9,3.434152488972905,False,3.434152488972905
741fa3d01dc5a35dd10967966b092d0b107cffa9,Dallas Love Field,1757289854,Dallas,1757333506,2025-09-08,1757333506,1757352998,136,19492,2025,9,,,
df3709adb5e6d389a92b077af5a89fd1b8c515e6,DFW Airport,1757323394,Fort Worth,1757337669,2025-09-08,1757337669,1757390745,90,53076,2025,9,3.434152488972905,False,3.434152488972905
df3709adb5e6d389a92b077af5a89fd1b8c515e6,DFW Airport,1757323394,Arlington,1757338398,2025-09-08,1757338398,1757390298,11,51900,2025,9,3.434152488972905,False,3.434152488972905
2ba9c9d67d85ad0c639ac9fbd0412f3b422a2c55,DFW Airport,1757342979,Grapevine,1757342990,2025-09-08,1757342990,1757354926,7,11936,2025,9,3.434152488972905,False,3.434152488972905
1718cbb5f5b0093d2705d4d221da55d0804661d5,Dallas Love Field,1757347350,Dallas,1757349805,2025-09-08,1757349805,1757362925,4,13120,2025,9,,,
023807d7e7cf3a8bcfb07d0495f9175426a88efd,DFW Airport,1757349746,Grapevine,1757350327,2025-09-08,1757350327,1757375508,16,25181,2025,9,3.434152488972905,False,3.434152488972905
023807d7e7cf3a8bcfb07d0495f9175426a88efd,DFW Airport,1757349746,Coppell,1757352255,2025-09-08,1757352255,1757367293,24,15038,2025,9,3.434152488972905,False,3.434152488972905
2c2f88134b98a7396b5e326579a9b34da074a5ae,DFW Airport,1757357276,Grapevine,1757357278,2025-09-08,1757357278,1757364943,19,7665,2025,9,3.434152488972905,False,3.434152488972905
1840184a223d809ff6b3e5d006f3d4590e22e772,DFW Airport,1757358336,Grapevine,1757360192,2025-09-08,1757360192,1757367572,12,7380,2025,9,3.434152488972905,False,3.434152488972905
2ba9c9d67d85ad0c639ac9fbd0412f3b422a2c55,DFW Airport,1757342979,Fort Worth,1757362564,2025-09-08,1757362564,1757380490,43,17926,2025,9,3.434152488972905,False,3.434152488972905
b6b914a3a851ea41b182a7ad6cc8b08047a71616,DFW Airport,1757379688,Grapevine,1757379717,2025-09-08,1757379717,1757390930,23,11213,2025,9,3.434152488972905,False,3.434152488972905
0adc940bcc7b62bc06d541cb8e9c46a86ba402be,Dallas Love Field,1757382661,Dallas,1757383853,2025-09-08,1757383853,1757392957,8,9104,2025,9,,,
df3709adb5e6d389a92b077af5a89fd1b8c515e6,DFW Airport,1757323394,Grapevine,1757394553,2025-09-09,1757394553,1757423086,23,28533,2025,9,3.434152488972905,False,3.434152488972905
b6b914a3a851ea41b182a7ad6cc8b08047a71616,DFW Airport,1757379688,Irving,1757394664,2025-09-09,1757394664,1757433838,58,39174,2025,9,3.434152488972905,False,3.434152488972905
14ba772d8eceb78a6b307796d30164e5f524bc4b,DFW Airport,1757390360,Arlington,1757394904,2025-09-09,1757394904,1757477254,69,82350,2025,9,3.434152488972905,False,3.434152488972905
0adc940bcc7b62bc06d541cb8e9c46a86ba402be,Dallas Love Field,1757382661,Dallas,1757395898,2025-09-09,1757395898,1757447000,25,51102,2025,9,,,
b1f6756e3ccc42c8718b94f52c70be9e069b7005,Dallas Love Field,1757382113,Fort Worth,1757396480,2025-09-09,1757396480,1757460733,52,64253,2025,9,,,
2ba9c9d67d85ad0c639ac9fbd0412f3b422a2c55,DFW Airport,1757342979,Fort Worth,1757401093,2025-09-09,1757401093,1757477821,65,76728,2025,9,3.434152488972905,False,3.434152488972905
2ba9c9d67d85ad0c639ac9fbd0412f3b422a2c55,DFW Airport,1757342979,Grapevine,1757414656,2025-09-09,1757414656,1757441679,14,27023,2025,9,3.434152488972905,False,3.434152488972905
df3709adb5e6d389a92b077af5a89fd1b8c515e6,DFW Airport,1757421247,Fort Worth,1757424084,2025-09-09,1757424084,1757433796,35,9712,2025,9,3.434152488972905,False,3.434152488972905
9b6f0269891dd13727b7ad79171243cb68900f06,Dallas Love Field,1757425032,Dallas,1757425037,2025-09-09,1757425037,1757434105,11,9068,2025,9,,,
ea146b9f6d123b2fba9035d662cfe51971655856,Dallas Love Field,1757428405,Lewisville,1757430068,2025-09-09,1757430068,1757471580,29,41512,2025,9,,,
2c563c50aad9ecd24c7a8ad51c88e88213f75ea8,DFW Airport,1757427257,Arlington,1757430428,2025-09-09,1757430428,1757474515,97,44087,2025,9,3.434152488972905,False,3.434152488972905
0adc940bcc7b62bc06d541cb8e9c46a86ba402be,Dallas Love Field,1757382661,Irving,1757436592,2025-09-09,1757436592,1757466611,7,30019,2025,9,,,
0dd9dbcd9f29ea078b3e23902dd2d72e8b47dd5b,DFW Airport,1757435401,DeSoto,1757439490,2025-09-09,1757439490,1757455451,4,15961,2025,9,3.434152488972905,False,3.434152488972905
f419c2e9b5e2477a065087ebf6df2eb7511a388f,DFW Airport,1757441071,Grapevine,1757441082,2025-09-09,1757441082,1757449379,47,8297,2025,9,3.434152488972905,False,3.434152488972905
3158f050e321c6fae04f3ffbdedaa3eb93ba8560,DFW Airport,1757438190,Dallas,1757441906,2025-09-09,1757441906,1757458062,14,16156,2025,9,3.434152488972905,False,3.434152488972905
ea146b9f6d123b2fba9035d662cfe51971655856,Dallas Love Field,1757428405,Coppell,1757444789,2025-09-09,1757444789,1757471565,14,26776,2025,9,,,
2c563c50aad9ecd24c7a8ad51c88e88213f75ea8,DFW Airport,1757427257,Grand Prairie,1757447139,2025-09-09,1757447139,1757466230,34,19091,2025,9,3.434152488972905,False,3.434152488972905
816a0022c46d7498c3dfc7e754103b276ffcc593,DFW Airport,1757453736,Grapevine,1757454587,2025-09-09,1757454587,1757479567,14,24980,2025,9,3.434152488972905,False,3.434152488972905
8492e9dbb14d9f10c0f9d0415ac263f26e5b89ff,DFW Airport,1757460166,Grapevine,1757460198,2025-09-09,1757460198,1757467850,46,7652,2025,9,3.434152488972905,False,3.434152488972905
9cf0de923ed32bccd21ab4fa3d66b6a28c148bc6,DFW Airport,1757465661,Grapevine,1757465665,2025-09-09,1757465665,1757474386,5,8721,2025,9,3.434152488972905,False,3.434152488972905
f46d20d00827ce174b2dcb07b82014a279fdb3ef,Dallas Love Field,1757469280,Denton,1757469757,2025-09-09,1757469757,1757478442,53,8685,2025,9,,,
cfd92d1a76062af4e0c926fb3c8f0d5b6daaa112,Dallas Love Field,1757479051,Dallas,1757480646,2025-09-10,1757480646,1757534383,29,53737,2025,9,,,
816a0022c46d7498c3dfc7e754103b276ffcc593,DFW Airport,1757453736,Grapevine,1757481347,2025-09-10,1757481347,1757559871,15,78524,2025,9,3.434152488972905,False,3.434152488972905
2ba9c9d67d85ad0c639ac9fbd0412f3b422a2c55,DFW Airport,1757414658,Fort Worth,1757481363,2025-09-10,1757481363,1757566285,34,84922,2025,9,3.434152488972905,False,3.434152488972905
cfd92d1a76062af4e0c926fb3c8f0d5b6daaa112,Dallas Love Field,1757479051,Carrollton,1757481889,2025-09-10,1757481889,1757532772,8,50883,2025,9,,,
f46d20d00827ce174b2dcb07b82014a279fdb3ef,Dallas Love Field,1757469280,Denton,1757482055,2025-09-10,1757482055,1757551280,82,69225,2025,9,,,
cfd92d1a76062af4e0c926fb3c8f0d5b6daaa112,Dallas Love Field,1757479051,Lewisville,1757482068,2025-09-10,1757482068,1757532620,6,50552,2025,9,,,
cfd92d1a76062af4e0c926fb3c8f0d5b6daaa112,Dallas Love Field,1757479051,The Colony,1757482327,2025-09-10,1757482327,1757532202,27,49875,2025,9,,,
9cf0de923ed32bccd21ab4fa3d66b6a28c148bc6,DFW Airport,1757465661,Grand Prairie,1757482818,2025-09-10,1757482818,1757564717,21,81899,2025,9,3.434152488972905,False,3.434152488972905
9b6f0269891dd13727b7ad79171243cb68900f06,Dallas Love Field,1757425032,Waxahachie,1757483074,2025-09-10,1757483074,1757510062,36,26988,2025,9,,,
816a0022c46d7498c3dfc7e754103b276ffcc593,DFW Airport,1757453736,North Richland Hills,1757486485,2025-09-10,1757486485,1757566137,15,79652,2025,9,3.434152488972905,False,3.434152488972905
0dd9dbcd9f29ea078b3e23902dd2d72e8b47dd5b,DFW Airport,1757435401,DeSoto,1757489437,2025-09-10,1757489437,1757505306,9,15869,2025,9,3.434152488972905,False,3.434152488972905
2ba9c9d67d85ad0c639ac9fbd0412f3b422a2c55,DFW Airport,1757414658,Grapevine,1757493970,2025-09-10,1757493970,1757525382,38,31412,2025,9,3.434152488972905,False,3.434152488972905
f46d20d00827ce174b2dcb07b82014a279fdb3ef,Dallas Love Field,1757469280,Corinth,1757501121,2025-09-10,1757501121,1757551373,7,50252,2025,9,,,
023807d7e7cf3a8bcfb07d0495f9175426a88efd,DFW Airport,1757508238,Grapevine,1757508289,2025-09-10,1757508289,1757564242,24,55953,2025,9,3.434152488972905,False,3.434152488972905
fef4a24edb6472d82c541cefd5d5544b6651453a,DFW Airport,1757509565,Grapevine,1757509796,2025-09-10,1757509796,1757531471,11,21675,2025,9,3.434152488972905,False,3.434152488972905
fac8c785970216655d5037775375fa8184217452,Dallas Love Field,1757521282,Dallas,1757521292,2025-09-10,1757521292,1757528564,10,7272,2025,9,,,
7817f2e00e84299ba50183cdf1ff45afe8df04b3,DFW Airport,1757518555,Grapevine,1757521752,2025-09-10,1757521752,1757538745,31,16993,2025,9,3.434152488972905,False,3.434152488972905
73642bede91f5b2c4e2abace0674249917c1d71f,DFW Airport,1757530134,Grapevine,1757530685,2025-09-10,1757530685,1757539775,7,9090,2025,9,3.434152488972905,False,3.434152488972905
6aa6618ac52f6858b3d2636aa59705966322a205,DFW Airport,1757530752,Euless,1757530777,2025-09-10,1757530777,1757547949,7,17172,2025,9,3.434152488972905,False,3.434152488972905
76959c5b2338e4db109e10a4f9dae6a57b96c294,DFW Airport,1757531444,Grapevine,1757531639,2025-09-10,1757531639,1757546547,17,14908,2025,9,3.434152488972905,False,3.434152488972905
dfdcb9db124c135d3d2af8ae71ce429e2cad0dc4,DFW Airport,1757531820,Grapevine,1757531839,2025-09-10,1757531839,1757542224,14,10385,2025,9,3.434152488972905,False,3.434152488972905
7817f2e00e84299ba50183cdf1ff45afe8df04b3,DFW Airport,1757518555,Fort Worth,1757534956,2025-09-10,1757534956,1757543489,5,8533,2025,9,3.434152488972905,False,3.434152488972905
4487c79d62ed156e947e983132413573d07d845d,DFW Airport,1757535293,Grand Prairie,1757536870,2025-09-10,1757536870,1757548329,25,11459,2025,9,3.434152488972905,False,3.434152488972905
65c6801ffad9627204a075ab6b8af797ac82345d,Dallas Love Field,1757541729,Euless,1757547525,2025-09-10,1757547525,1757566752,229,19227,2025,9,,,
3f1b6075d7236824ab1226cf36752ba308c4822b,DFW Airport,1757553497,Grapevine,1757554225,2025-09-10,1757554225,1757562680,6,8455,2025,9,3.434152488972905,False,3.434152488972905
2ba9c9d67d85ad0c639ac9fbd0412f3b422a2c55,DFW Airport,1757498692,Watauga,1757556178,2025-09-10,1757556178,1757564117,4,7939,2025,9,3.434152488972905,False,3.434152488972905
65c6801ffad9627204a075ab6b8af797ac82345d,Dallas Love Field,1757548942,Euless,1757567225,2025-09-11,1757567225,1757628131,379,60906,2025,9,,,
9cf0de923ed32bccd21ab4fa3d66b6a28c148bc6,DFW Airport,1757557662,Grand Prairie,1757567611,2025-09-11,1757567611,1757578268,6,10657,2025,9,3.434152488972905,False,3.434152488972905
816a0022c46d7498c3dfc7e754103b276ffcc593,DFW Airport,1757545354,North Richland Hills,1757578711,2025-09-11,1757578711,1757586645,3,7934,2025,9,3.434152488972905,False,3.434152488972905
2ba9c9d67d85ad0c639ac9fbd0412f3b422a2c55,DFW Airport,1757498692,Grapevine,1757580006,2025-09-11,1757580006,1757613738,14,33732,2025,9,3.434152488972905,False,3.434152488972905
2ba9c9d67d85ad0c639ac9fbd0412f3b422a2c55,DFW Airport,1757498692,Fort Worth,1757581052,2025-09-11,1757581052,1757633632,46,52580,2025,9,3.434152488972905,False,3.434152488972905
fac8c785970216655d5037775375fa8184217452,Dallas Love Field,1757521282,Irving,1757582702,2025-09-11,1757582702,1757608748,13,26046,2025,9,,,
2ba9c9d67d85ad0c639ac9fbd0412f3b422a2c55,DFW Airport,1757582834,Watauga,1757591699,2025-09-11,1757591699,1757619069,16,27370,2025,9,3.434152488972905,False,3.434152488972905
816a0022c46d7498c3dfc7e754103b276ffcc593,DFW Airport,1757545354,Grapevine,1757593871,2025-09-11,1757593871,1757623110,19,29239,2025,9,3.434152488972905,False,3.434152488972905
3f1b6075d7236824ab1226cf36752ba308c4822b,DFW Airport,1757553497,Grapevine,1757594896,2025-09-11,1757594896,1757612121,2,17225,2025,9,3.434152488972905,False,3.434152488972905
ba16af66fc629876567f176844856d1d1bfec18d,DFW Airport,1757601809,Grapevine,1757601865,2025-09-11,1757601865,1757609694,12,7829,2025,9,3.434152488972905,False,3.434152488972905
f60c2078cc2b0dff472ac388b7c3c5bf1a4a044d,DFW Airport,1757594393,Lake Worth,1757605688,2025-09-11,1757605688,1757623431,5,17743,2025,9,3.434152488972905,False,3.434152488972905
2ba9c9d67d85ad0c639ac9fbd0412f3b422a2c55,DFW Airport,1757582834,Keller,1757605709,2025-09-11,1757605709,1757627863,7,22154,2025,9,3.434152488972905,False,3.434152488972905
6a456fbbf4842af539cfa898ff922462cf054752,DFW Airport,1757610879,Denton,1757614086,2025-09-11,1757614086,1757629752,43,15666,2025,9,3.434152488972905,False,3.434152488972905
e7ed74a76fbd5bf07465c43a348f829e5cf986e6,DFW Airport,1757613066,Arlington,1757614252,2025-09-11,1757614252,1757628746,15,14494,2025,9,3.434152488972905,False,3.434152488972905
05e78a9b9783833acaab7657e07a317439ec2052,Dallas Love Field,1757613166,Dallas,1757626629,2025-09-11,1757626629,1757634528,12,7899,2025,9,,,
2b8de84e8750aa9f0370e76e412d14e869d9e884,DFW Airport,1757621012,Irving,1757626640,2025-09-11,1757626640,1757651810,30,25170,2025,9,3.434152488972905,False,3.434152488972905
2b8de84e8750aa9f0370e76e412d14e869d9e884,DFW Airport,1757621012,Dallas,1757633492,2025-09-11,1757633492,1757651998,20,18506,2025,9,3.434152488972905,False,3.434152488972905
504aa4d04812a2e6501afe06b040c379d3ddf487,DFW Airport,1757633233,Lewisville,1757634139,2025-09-11,1757634139,1757651833,19,17694,2025,9,3.434152488972905,False,3.434152488972905
00588043027addfd2f6921b614ec37d9f004c55e,Dallas Love Field,1757642523,Grand Prairie,1757645952,2025-09-11,1757645952,1757653180,34,7228,2025,9,,,
2b8de84e8750aa9f0370e76e412d14e869d9e884,DFW Airport,1757650350,Denton,1757653447,2025-09-12,1757653447,1757705192,46,51745,2025,9,3.434152488972905,False,3.434152488972905
504aa4d04812a2e6501afe06b040c379d3ddf487,DFW Airport,1757633233,Lewisville,1757653482,2025-09-12,1757653482,1757716692,52,63210,2025,9,3.434152488972905,False,3.434152488972905
00588043027addfd2f6921b614ec37d9f004c55e,Dallas Love Field,1757642523,Grand Prairie,1757653541,2025-09-12,1757653541,1757690181,19,36640,2025,9,,,
00588043027addfd2f6921b614ec37d9f004c55e,Dallas Love Field,1757642523,Arlington,1757654108,2025-09-12,1757654108,1757728898,463,74790,2025,9,,,
b1d3896e936af919851b1206dce417fb0f23e044,DFW Airport,1757603701,Grapevine,1757657630,2025-09-12,1757657630,1757695360,2,37730,2025,9,3.434152488972905,False,3.434152488972905
6a456fbbf4842af539cfa898ff922462cf054752,DFW Airport,1757610879,Alvord,1757673006,2025-09-12,1757673006,1757738669,7,65663,2025,9,3.434152488972905,False,3.434152488972905
6a456fbbf4842af539cfa898ff922462cf054752,DFW Airport,1757610879,Decatur,1757673631,2025-09-12,1757673631,1757738215,16,64584,2025,9,3.434152488972905,False,3.434152488972905
06797cfc6b09f68c6f784521308f01ba17ccf6dc,DFW Airport,1757676905,Grapevine,1757676906,2025-09-12,1757676906,1757690599,7,13693,2025,9,3.434152488972905,False,3.434152488972905
4ad8b5fd96aedc728c459e428b5b8fa482a24ec9,Dallas Love Field,1757642571,Arlington,1757685832,2025-09-12,1757685832,1757719418,163,33586,2025,9,,,
4ad8b5fd96aedc728c459e428b5b8fa482a24ec9,Dallas Love Field,1757642571,Fort Worth,1757688094,2025-09-12,1757688094,1757715555,41,27461,2025,9,,,
dfa969c73baddd30e24c9e77815ca70b946a7da2,DFW Airport,1757694547,Grapevine,1757694563,2025-09-12,1757694563,1757702448,10,7885,2025,9,3.434152488972905,False,3.434152488972905
504aa4d04812a2e6501afe06b040c379d3ddf487,DFW Airport,1757637119,Carrollton,1757699311,2025-09-12,1757699311,1757719630,26,20319,2025,9,3.434152488972905,False,3.434152488972905
46f924f48c2c882fd942b14a872adea83279c1e6,DFW Airport,1757701859,Dallas,1757706815,2025-09-12,1757706815,1757729282,56,22467,2025,9,3.434152488972905,False,3.434152488972905
c597cd166c10e9d2ebd669987d8eb1ea34e2bbb7,DFW Airport,1757716579,Colleyville,1757718066,2025-09-12,1757718066,1757731508,6,13442,2025,9,3.434152488972905,False,3.434152488972905
c597cd166c10e9d2ebd669987d8eb1ea34e2bbb7,DFW Airport,1757716579,Bedford,1757723784,2025-09-12,1757723784,1757731504,5,7720,2025,9,3.434152488972905,False,3.434152488972905
d19d3cf3fdcfd10d4924431fa7bfeb3379dc86dd,DFW Airport,1757724763,Grapevine,1757725594,2025-09-12,1757725594,1757738460,19,12866,2025,9,3.434152488972905,False,3.434152488972905
47b5e4208ea6e0062eda403b2f2345f3b2c60cb7,Dallas Love Field,1757727085,Dallas,1757727161,2025-09-12,1757727161,1757735133,16,7972,2025,9,,,
4f8896b4566b128e69eccd82e94b9e33e2c9e615,Dallas Love Field,1757727064,Dallas,1757727560,2025-09-12,1757727560,1757737991,18,10431,2025,9,,,
816a0022c46d7498c3dfc7e754103b276ffcc593,DFW Airport,1757733349,North Richland Hills,1757742471,2025-09-13,1757742471,1757762026,19,19555,2025,9,3.434152488972905,False,3.434152488972905
4ad8b5fd96aedc728c459e428b5b8fa482a24ec9,Dallas Love Field,1757759818,Dallas,1757759842,2025-09-13,1757759842,1757768632,43,8790,2025,9,,,
00588043027addfd2f6921b614ec37d9f004c55e,Dallas Love Field,1757760813,Dallas,1757760824,2025-09-13,1757760824,1757769357,29,8533,2025,9,,,
635fd3dd9829999f6933e66abca14ce743ec24fc,Dallas Love Field,1757769372,Dallas,1757769381,2025-09-13,1757769381,1757818887,72,49506,2025,9,,,
43ae30a43b24b92079268a196889aa10849fc2e4,DFW Airport,1757725809,Irving,1757773834,2025-09-13,1757773834,1757798048,3,24214,2025,9,3.434152488972905,False,3.434152488972905
48dbc39bf806ecf81f7946bd88b0671bfcebd80a,DFW Airport,1757772632,Dallas,1757774536,2025-09-13,1757774536,1757806968,51,32432,2025,9,3.434152488972905,False,3.434152488972905
43c93c60819ad7ae7eaf3a2a7adafc53e8e7a9de,DFW Airport,1757776414,Grapevine,1757776562,2025-09-13,1757776562,1757792515,34,15953,2025,9,3.434152488972905,False,3.434152488972905
d77b850d4942a7ae2901ad53f2b9c43c8e0a0d06,DFW Airport,1757777031,Grapevine,1757777032,2025-09-13,1757777032,1757802959,16,25927,2025,9,3.434152488972905,False,3.434152488972905
828023863ff17c2cf705b90fada847c8de9fd14a,DFW Airport,1757773658,Grapevine,1757779625,2025-09-13,1757779625,1757795744,7,16119,2025,9,3.434152488972905,False,3.434152488972905
18be9e448638882b03249c1aad6969d5a262ade0,DFW Airport,1757782189,Grapevine,1757788256,2025-09-13,1757788256,1757816734,34,28478,2025,9,3.434152488972905,False,3.434152488972905
18be9e448638882b03249c1aad6969d5a262ade0,DFW Airport,1757782189,Irving,1757789954,2025-09-13,1757789954,1757803856,3,13902,2025,9,3.434152488972905,False,3.434152488972905
68677adb083f25de746d2ee90c77cd20757edf20,DFW Airport,1757794563,Grapevine,1757794570,2025-09-13,1757794570,1757806755,42,12185,2025,9,3.434152488972905,False,3.434152488972905
053032079fb9a0e69d26da8adb5d3333d5ba69d2,Dallas Love Field,1757798561,Dallas,1757800266,2025-09-13,1757800266,1757810253,5,9987,2025,9,,,
18be9e448638882b03249c1aad6969d5a262ade0,DFW Airport,1757782189,Fort Worth,1757817192,2025-09-13,1757817192,1757825530,13,8338,2025,9,3.434152488972905,False,3.434152488972905
18be9e448638882b03249c1aad6969d5a262ade0,DFW Airport,1757782189,Fort Worth,1757826618,2025-09-14,1757826618,1757905845,20,79227,2025,9,3.434152488972905,False,3.434152488972905
18a60aeca33fd62c91158373e27d9f4f0b5c1ac3,Dallas Love Field,1757828168,Dallas,1757830678,2025-09-14,1757830678,1757860643,7,29965,2025,9,,,
4d40a1dd9d714d2663459b5efd96dc66c3090240,DFW Airport,1757797328,Dallas,1757842057,2025-09-14,1757842057,1757865098,10,23041,2025,9,3.434152488972905,False,3.434152488972905
5d5994b251cfd5110fbcaedfa056489c229dc06a,Dallas Love Field,1757849698,Dallas,1757854912,2025-09-14,1757854912,1757864734,3,9822,2025,9,,,
013305cee421720fbea58ca6fe75051008c21d7f,DFW Airport,1757855021,Grapevine,1757855029,2025-09-14,1757855029,1757865072,8,10043,2025,9,3.434152488972905,False,3.434152488972905
18be9e448638882b03249c1aad6969d5a262ade0,DFW Airport,1757872135,Grapevine,1757872474,2025-09-14,1757872474,1757893476,7,21002,2025,9,3.434152488972905,False,3.434152488972905
d1c2d80482fa4c570ea5da37bcbb094c1a77f53f,Dallas Love Field,1757871206,Arlington,1757876920,2025-09-14,1757876920,1757910449,19,33529,2025,9,,,
1e6fe340aaee39f8b85bd7214e724df6d08f022b,Dallas Love Field,1757882311,Dallas,1757882354,2025-09-14,1757882354,1757894118,11,11764,2025,9,,,
4ab883f83b367245bcb53fd9eac6bfe9234388d3,DFW Airport,1757896240,Grapevine,1757896266,2025-09-14,1757896266,1757911847,11,15581,2025,9,3.434152488972905,False,3.434152488972905
529e819f6ba8ff45e8302a51bc2e29fa2f6f5724,DFW Airport,1757901242,Grapevine,1757902507,2025-09-14,1757902507,1757911967,8,9460,2025,9,3.434152488972905,False,3.434152488972905
d1c2d80482fa4c570ea5da37bcbb094c1a77f53f,Dallas Love Field,1757897022,Arlington,1757912731,2025-09-15,1757912731,1757949052,24,36321,2025,9,,,
4233e38b5ef14537caf049e123783d691180b1bb,DFW Airport,1757903898,North Richland Hills,1757914690,2025-09-15,1757914690,1757989303,62,74613,2025,9,3.434152488972905,False,3.434152488972905
18be9e448638882b03249c1aad6969d5a262ade0,DFW Airport,1757904617,Fort Worth,1757915078,2025-09-15,1757915078,1757924616,12,9538,2025,9,3.434152488972905,False,3.434152488972905
df3709adb5e6d389a92b077af5a89fd1b8c515e6,DFW Airport,1757911204,Grapevine,1757915289,2025-09-15,1757915289,1757997053,20,81764,2025,9,3.434152488972905,False,3.434152488972905
b70be8e0d61981647f4556cb401964f200007441,DFW Airport,1757932769,Grapevine,1757932936,2025-09-15,1757932936,1757940468,11,7532,2025,9,3.434152488972905,False,3.434152488972905
a276fd68ca10416b95223d59eda47a876314beff,DFW Airport,1757935893,Grapevine,1757936938,2025-09-15,1757936938,1757945550,6,8612,2025,9,3.434152488972905,False,3.434152488972905
df3709adb5e6d389a92b077af5a89fd1b8c515e6,DFW Airport,1757911204,Fort Worth,1757942619,2025-09-15,1757942619,1757995526,56,52907,2025,9,3.434152488972905,False,3.434152488972905
df3709adb5e6d389a92b077af5a89fd1b8c515e6,DFW Airport,1757911204,Arlington,1757943780,2025-09-15,1757943780,1757995133,3,51353,2025,9,3.434152488972905,False,3.434152488972905
03fb0bd0753b02ca521c12bee6448827e6e7135b,DFW Airport,1757944097,Grapevine,1757944098,2025-09-15,1757944098,1757970115,17,26017,2025,9,3.434152488972905,False,3.434152488972905
4233e38b5ef14537caf049e123783d691180b1bb,DFW Airport,1757903898,Fort Worth,1757947847,2025-09-15,1757947847,1757955318,14,7471,2025,9,3.434152488972905,False,3.434152488972905
2c2f88134b98a7396b5e326579a9b34da074a5ae,DFW Airport,1757950153,Grapevine,1757950154,2025-09-15,1757950154,1757969728,27,19574,2025,9,3.434152488972905,False,3.434152488972905
94bb0cd844f90e7c407331908a03eefb56079ca7,DFW Airport,1757953064,Grapevine,1757953080,2025-09-15,1757953080,1757962005,6,8925,2025,9,3.434152488972905,False,3.434152488972905
1718cbb5f5b0093d2705d4d221da55d0804661d5,Dallas Love Field,1757954637,Dallas,1757956399,2025-09-15,1757956399,1757967718,5,11319,2025,9,,,
b265c8f32e3c62879a48329c29fdb9b6f33fa8a9,DFW Airport,1757963828,Grapevine,1757963840,2025-09-15,1757963840,1757972455,4,8615,2025,9,3.434152488972905,False,3.434152488972905
03fb0bd0753b02ca521c12bee6448827e6e7135b,DFW Airport,1757944097,Fort Worth,1757975621,2025-09-15,1757975621,1757998008,30,22387,2025,9,3.434152488972905,False,3.434152488972905
0520fd2b8ed63c5ac3b5424d653ec2b6c2e57996,DFW Airport,1757967311,Weatherford,1757978255,2025-09-15,1757978255,1757987470,12,9215,2025,9,3.434152488972905,False,3.434152488972905
b6b914a3a851ea41b182a7ad6cc8b08047a71616,DFW Airport,1757984461,Grapevine,1757984467,2025-09-15,1757984467,1757995737,37,11270,2025,9,3.434152488972905,False,3.434152488972905
03fb0bd0753b02ca521c12bee6448827e6e7135b,DFW Airport,1757982444,Fort Worth,1757999219,2025-09-16,1757999219,1758031409,7,32190,2025,9,3.434152488972905,False,3.434152488972905
b6b914a3a851ea41b182a7ad6cc8b08047a71616,DFW Airport,1757984461,Irving,1757999437,2025-09-16,1757999437,1758038625,54,39188,2025,9,3.434152488972905,False,3.434152488972905
14ba772d8eceb78a6b307796d30164e5f524bc4b,DFW Airport,1757992281,Arlington,1757999712,2025-09-16,1757999712,1758082047,26,82335,2025,9,3.434152488972905,False,3.434152488972905
cfd92d1a76062af4e0c926fb3c8f0d5b6daaa112,Dallas Love Field,1757989940,The Colony,1758000970,2025-09-16,1758000970,1758050267,38,49297,2025,9,,,
2ba9c9d67d85ad0c639ac9fbd0412f3b422a2c55,DFW Airport,1758026593,Grapevine,1758026606,2025-09-16,1758026606,1758046467,5,19861,2025,9,3.434152488972905,False,3.434152488972905
df3709adb5e6d389a92b077af5a89fd1b8c515e6,DFW Airport,1758018113,Fort Worth,1758028863,2025-09-16,1758028863,1758038183,30,9320,2025,9,3.434152488972905,False,3.434152488972905
9b6f0269891dd13727b7ad79171243cb68900f06,Dallas Love Field,1758029821,Dallas,1758029828,2025-09-16,1758029828,1758038907,22,9079,2025,9,,,
8349a20e587e7edc031baf083ea80020dc8a3f59,DFW Airport,1758034407,Grapevine,1758034464,2025-09-16,1758034464,1758043407,6,8943,2025,9,3.434152488972905,False,3.434152488972905
2ba9c9d67d85ad0c639ac9fbd0412f3b422a2c55,DFW Airport,1758026593,Fort Worth,1758034596,2025-09-16,1758034596,1758082567,35,47971,2025,9,3.434152488972905,False,3.434152488972905
2c563c50aad9ecd24c7a8ad51c88e88213f75ea8,DFW Airport,1758031291,Arlington,1758035162,2025-09-16,1758035162,1758079255,60,44093,2025,9,3.434152488972905,False,3.434152488972905
53440e42e9ebfd5043798bfbda82d982136e257d,DFW Airport,1758037158,Grapevine,1758042083,2025-09-16,1758042083,1758056949,8,14866,2025,9,3.434152488972905,False,3.434152488972905
1990a44a41a66dd95af00cd31a8faa1f46a35ce1,Dallas Love Field,1758045326,Dallas,1758045684,2025-09-16,1758045684,1758074175,16,28491,2025,9,,,
cfd92d1a76062af4e0c926fb3c8f0d5b6daaa112,Dallas Love Field,1757989940,Dallas,1758051124,2025-09-16,1758051124,1758080151,28,29027,2025,9,,,
2c563c50aad9ecd24c7a8ad51c88e88213f75ea8,DFW Airport,1758031291,Grand Prairie,1758053167,2025-09-16,1758053167,1758070715,43,17548,2025,9,3.434152488972905,False,3.434152488972905
cfd92d1a76062af4e0c926fb3c8f0d5b6daaa112,Dallas Love Field,1758075504,Dallas,1758085385,2025-09-17,1758085385,1758139128,27,53743,2025,9,,,
2ba9c9d67d85ad0c639ac9fbd0412f3b422a2c55,DFW Airport,1758026593,Fort Worth,1758086146,2025-09-17,1758086146,1758171089,33,84943,2025,9,3.434152488972905,False,3.434152488972905
cfd92d1a76062af4e0c926fb3c8f0d5b6daaa112,Dallas Love Field,1758075504,Carrollton,1758086790,2025-09-17,1758086790,1758137575,8,50785,2025,9,,,
cfd92d1a76062af4e0c926fb3c8f0d5b6daaa112,Dallas Love Field,1758075504,Lewisville,1758086851,2025-09-17,1758086851,1758137088,7,50237,2025,9,,,
cfd92d1a76062af4e0c926fb3c8f0d5b6daaa112,Dallas Love Field,1758075504,The Colony,1758087174,2025-09-17,1758087174,1758136970,37,49796,2025,9,,,
2ba9c9d67d85ad0c639ac9fbd0412f3b422a2c55,DFW Airport,1758026593,Grapevine,1758110977,2025-09-17,1758110977,1758130157,15,19180,2025,9,3.434152488972905,False,3.434152488972905
7817f2e00e84299ba50183cdf1ff45afe8df04b3,DFW Airport,1758113136,Grapevine,1758113141,2025-09-17,1758113141,1758140902,12,27761,2025,9,3.434152488972905,False,3.434152488972905
023807d7e7cf3a8bcfb07d0495f9175426a88efd,DFW Airport,1758113163,Grapevine,1758113211,2025-09-17,1758113211,1758169079,49,55868,2025,9,3.434152488972905,False,3.434152488972905
60b969703c4b07640bcc5f5e7e2bda7c14b31714,DFW Airport,1758116890,Grapevine,1758116895,2025-09-17,1758116895,1758126546,8,9651,2025,9,3.434152488972905,False,3.434152488972905
6aa6618ac52f6858b3d2636aa59705966322a205,DFW Airport,1758068306,Euless,1758126660,2025-09-17,1758126660,1758152746,26,26086,2025,9,3.434152488972905,False,3.434152488972905
18be9e448638882b03249c1aad6969d5a262ade0,DFW Airport,1758127822,Grapevine,1758127853,2025-09-17,1758127853,1758167195,62,39342,2025,9,3.434152488972905,False,3.434152488972905
dd772df14a24b904de17ee07a77c7a03464e243d,DFW Airport,1758129067,Grapevine,1758129205,2025-09-17,1758129205,1758142203,2,12998,2025,9,3.434152488972905,False,3.434152488972905
73642bede91f5b2c4e2abace0674249917c1d71f,DFW Airport,1758134866,Grapevine,1758134891,2025-09-17,1758134891,1758144568,22,9677,2025,9,3.434152488972905,False,3.434152488972905
8e57aeb77fbc35ce3b1ae5e1361c7b15da9dace7,Dallas Love Field,1758133077,Corinth,1758137320,2025-09-17,1758137320,1758146106,11,8786,2025,9,,,
816a0022c46d7498c3dfc7e754103b276ffcc593,DFW Airport,1758139484,Grapevine,1758143224,2025-09-17,1758143224,1758157896,9,14672,2025,9,3.434152488972905,False,3.434152488972905
70920262f413ad52f69a1aecd659ed09f64be5a1,Dallas Love Field,1758144216,Dallas,1758144475,2025-09-17,1758144475,1758153561,26,9086,2025,9,,,
c1362783701841e1e024770f4bca0e9729a46db2,DFW Airport,1758149349,Grapevine,1758150000,2025-09-17,1758150000,1758169856,12,19856,2025,9,3.434152488972905,False,3.434152488972905
0c3e8b476270f8938e46be5523079f51a0b56641,DFW Airport,1758153936,Grapevine,1758153938,2025-09-17,1758153938,1758161481,12,7543,2025,9,3.434152488972905,False,3.434152488972905
f4b8ea4c5128c9b406ccaf8c657469533243fa9e,DFW Airport,1758148750,Irving,1758155240,2025-09-17,1758155240,1758170955,27,15715,2025,9,3.434152488972905,False,3.434152488972905
2ba9c9d67d85ad0c639ac9fbd0412f3b422a2c55,DFW Airport,1758111616,Watauga,1758160952,2025-09-17,1758160952,1758168958,21,8006,2025,9,3.434152488972905,False,3.434152488972905
55342ada138a1c34e5625034d1873898cf72da7e,DFW Airport,1758169588,Grapevine,1758172388,2025-09-18,1758172388,1758195595,21,23207,2025,9,3.434152488972905,False,3.434152488972905
ba8651cd0dd29016e1c46bb7b945fe911f645533,DFW Airport,1758160544,Dallas,1758173312,2025-09-18,1758173312,1758241425,36,68113,2025,9,3.434152488972905,False,3.434152488972905
18be9e448638882b03249c1aad6969d5a262ade0,DFW Airport,1758127822,Fort Worth,1758175445,2025-09-18,1758175445,1758237948,84,62503,2025,9,3.434152488972905,False,3.434152488972905
f4b8ea4c5128c9b406ccaf8c657469533243fa9e,DFW Airport,1758155240,Irving,1758178092,2025-09-18,1758178092,1758204414,20,26322,2025,9,3.434152488972905,False,3.434152488972905
63c5328cb964447666f2b8a0a011a26a107528eb,Dallas Love Field,1758172815,Corinth,1758184143,2025-09-18,1758184143,1758220396,12,36253,2025,9,,,
2ba9c9d67d85ad0c639ac9fbd0412f3b422a2c55,DFW Airport,1758111616,Fort Worth,1758185838,2025-09-18,1758185838,1758197270,10,11432,2025,9,3.434152488972905,False,3.434152488972905
649998d4dad2c886c5e04c3b9898bb785487e823,DFW Airport,1758176660,Grapevine,1758186882,2025-09-18,1758186882,1758200919,7,14037,2025,9,3.434152488972905,False,3.434152488972905
f9be3a23b900cbe23b12d42a10eb499787621c3c,DFW Airport,1758192997,Grapevine,1758193065,2025-09-18,1758193065,1758202963,8,9898,2025,9,3.434152488972905,False,3.434152488972905
679a1c13f2de30384689280505161196bb8dc4f5,Dallas Love Field,1758193626,Dallas,1758193673,2025-09-18,1758193673,1758215029,44,21356,2025,9,,,
ba8651cd0dd29016e1c46bb7b945fe911f645533,DFW Airport,1758160544,Grapevine,1758194671,2025-09-18,1758194671,1758234475,21,39804,2025,9,3.434152488972905,False,3.434152488972905
a565b3ce9d8a0d1a08ea8339dec2d38d2dc08aa5,DFW Airport,1758149467,Flower Mound,1758196466,2025-09-18,1758196466,1758222402,33,25936,2025,9,3.434152488972905,False,3.434152488972905
c1362783701841e1e024770f4bca0e9729a46db2,DFW Airport,1758166405,Grapevine,1758197366,2025-09-18,1758197366,1758207086,14,9720,2025,9,3.434152488972905,False,3.434152488972905
816a0022c46d7498c3dfc7e754103b276ffcc593,DFW Airport,1758139484,Grapevine,1758198760,2025-09-18,1758198760,1758227794,10,29034,2025,9,3.434152488972905,False,3.434152488972905
a565b3ce9d8a0d1a08ea8339dec2d38d2dc08aa5,DFW Airport,1758196466,Lancaster,1758199320,2025-09-18,1758199320,1758231516,38,32196,2025,9,3.434152488972905,False,3.434152488972905
39d4de8142bc70d7a8a80bc2ffbc4628d7a0ed9c,Dallas Love Field,1758201340,Benbrook,1758210541,2025-09-18,1758210541,1758219295,27,8754,2025,9,,,
e7ed74a76fbd5bf07465c43a348f829e5cf986e6,DFW Airport,1758217900,Arlington,1758218994,2025-09-18,1758218994,1758233519,17,14525,2025,9,3.434152488972905,False,3.434152488972905
e7ed74a76fbd5bf07465c43a348f829e5cf986e6,DFW Airport,1758217900,Grand Prairie,1758219041,2025-09-18,1758219041,1758233787,2,14746,2025,9,3.434152488972905,False,3.434152488972905
f60c2078cc2b0dff472ac388b7c3c5bf1a4a044d,DFW Airport,1758199177,Lake Worth,1758220195,2025-09-18,1758220195,1758229736,19,9541,2025,9,3.434152488972905,False,3.434152488972905
665c9f90ec738fd779208d4a6dd5ff4f0a4895e5,Dallas Love Field,1758222661,Dallas,1758222713,2025-09-18,1758222713,1758232531,14,9818,2025,9,,,
18be9e448638882b03249c1aad6969d5a262ade0,DFW Airport,1758159537,Arlington,1758224472,2025-09-18,1758224472,1758239062,23,14590,2025,9,3.434152488972905,False,3.434152488972905
64f59e5674b208a49278d3c1c45745fe091eb17a,Dallas Love Field,1758226047,Dallas,1758226382,2025-09-18,1758226382,1758247720,117,21338,2025,9,,,
2b8de84e8750aa9f0370e76e412d14e869d9e884,DFW Airport,1758230562,Irving,1758231429,2025-09-18,1758231429,1758256619,79,25190,2025,9,3.434152488972905,False,3.434152488972905
48e6a09c62c1b19312b779420f7d24e147535fc6,Dallas Love Field,1758231551,Dallas,1758231813,2025-09-18,1758231813,1758241534,4,9721,2025,9,,,
2b8de84e8750aa9f0370e76e412d14e869d9e884,DFW Airport,1758230562,Dallas,1758238274,2025-09-18,1758238274,1758256794,32,18520,2025,9,3.434152488972905,False,3.434152488972905
504aa4d04812a2e6501afe06b040c379d3ddf487,DFW Airport,1758238035,Lewisville,1758239046,2025-09-18,1758239046,1758256617,31,17571,2025,9,3.434152488972905,False,3.434152488972905
e09e671e0bd7b48bdb7a4c93f3ce039eefbad5a8,DFW Airport,1758236441,Grapevine,1758241298,2025-09-18,1758241298,1758251987,5,10689,2025,9,3.434152488972905,False,3.434152488972905
f02d6b5e6a0c3621cce5eda389824ef613e6c591,DFW Airport,1758237306,Dallas,1758241497,2025-09-18,1758241497,1758253759,18,12262,2025,9,3.434152488972905,False,3.434152488972905
8e6a96150f3d8da4a5f86c982fd3c02d1ddee670,DFW Airport,1758243036,Grapevine,1758243441,2025-09-18,1758243441,1758255613,11,12172,2025,9,3.434152488972905,False,3.434152488972905
7670cb00552e3d0eda69840fae6bf5603e4349ba,Dallas Love Field,1758247904,Dallas,1758258188,2025-09-19,1758258188,1758322061,19,63873,2025,9,,,
504aa4d04812a2e6501afe06b040c379d3ddf487,DFW Airport,1758238035,Lewisville,1758259388,2025-09-19,1758259388,1758321539,80,62151,2025,9,3.434152488972905,False,3.434152488972905
f02d6b5e6a0c3621cce5eda389824ef613e6c591,DFW Airport,1758237306,Dallas,1758260154,2025-09-19,1758260154,1758322606,42,62452,2025,9,3.434152488972905,False,3.434152488972905
2b8de84e8750aa9f0370e76e412d14e869d9e884,DFW Airport,1758255133,Denton,1758267725,2025-09-19,1758267725,1758314445,90,46720,2025,9,3.434152488972905,False,3.434152488972905
3df3e800366b86f00b5649159e2e5c166679287c,DFW Airport,1758283052,Grapevine,1758283061,2025-09-19,1758283061,1758297718,34,14657,2025,9,3.434152488972905,False,3.434152488972905
72da84cda95c2c745b341b9ab3885b83e49f04e4,DFW Airport,1758283393,Grapevine,1758292429,2025-09-19,1758292429,1758299924,7,7495,2025,9,3.434152488972905,False,3.434152488972905
66b82550796b472d2caa907ce431fd2c1eda75cc,DFW Airport,1758285644,Grapevine,1758292560,2025-09-19,1758292560,1758302621,9,10061,2025,9,3.434152488972905,False,3.434152488972905
c5538f375cdd97d666d4a3e085406294453fedcb,DFW Airport,1758292760,Grapevine,1758292766,2025-09-19,1758292766,1758300314,4,7548,2025,9,3.434152488972905,False,3.434152488972905
7115ae4a0b6e5cc4b3b2ce135c51086ccd40c06d,DFW Airport,1758250106,Fort Worth,1758296008,2025-09-19,1758296008,1758303551,14,7543,2025,9,3.434152488972905,False,3.434152488972905
504aa4d04812a2e6501afe06b040c379d3ddf487,DFW Airport,1758238035,Carrollton,1758304094,2025-09-19,1758304094,1758324421,46,20327,2025,9,3.434152488972905,False,3.434152488972905
b3c2550fd1022959607cb7c2ff4d1d22c0140e93,Dallas Love Field,1758309008,Dallas,1758309024,2025-09-19,1758309024,1758320082,15,11058,2025,9,,,
72da84cda95c2c745b341b9ab3885b83e49f04e4,DFW Airport,1758283393,Fort Worth,1758311273,2025-09-19,1758311273,1758319863,2,8590,2025,9,3.434152488972905,False,3.434152488972905
46f924f48c2c882fd942b14a872adea83279c1e6,DFW Airport,1758308961,Dallas,1758311612,2025-09-19,1758311612,1758334121,36,22509,2025,9,3.434152488972905,False,3.434152488972905
0c28836b91f54b0b2c4e5a0884bcbc58f679eba0,DFW Airport,1758314061,Grapevine,1758316778,2025-09-19,1758316778,1758341726,17,24948,2025,9,3.434152488972905,False,3.434152488972905
52c48454c54f0397d24999be567543996a0a2bb2,DFW Airport,1758315010,Dallas,1758318313,2025-09-19,1758318313,1758341376,16,23063,2025,9,3.434152488972905,False,3.434152488972905
b3c2550fd1022959607cb7c2ff4d1d22c0140e93,Dallas Love Field,1758309008,Plano,1758321826,2025-09-19,1758321826,1758342523,21,20697,2025,9,,,
1958221df6fad7e433e230d81c7b2b74b75fc9b9,DFW Airport,1758321850,Grapevine,1758321851,2025-09-19,1758321851,1758340248,11,18397,2025,9,3.434152488972905,False,3.434152488972905
c597cd166c10e9d2ebd669987d8eb1ea34e2bbb7,DFW Airport,1758321362,Colleyville,1758322910,2025-09-19,1758322910,1758336351,4,13441,2025,9,3.434152488972905,False,3.434152488972905
3004bf66b010628e3e061f3edfdde1b0845cbe51,DFW Airport,1758324930,Grapevine,1758325232,2025-09-19,1758325232,1758343531,17,18299,2025,9,3.434152488972905,False,3.434152488972905
c80287525f2bcf5b6f644b7d0b6801fb25fda9cd,Dallas Love Field,1758324173,Dallas,1758325973,2025-09-19,1758325973,1758343702,27,17729,2025,9,,,
4f8896b4566b128e69eccd82e94b9e33e2c9e615,Dallas Love Field,1758331860,Dallas,1758332346,2025-09-19,1758332346,1758342837,29,10491,2025,9,,,
e856beb9eb9be8f7b13e294007a06c3f7b64c4f9,DFW Airport,1758328616,Greenville,1758335289,2025-09-19,1758335289,1758343875,10,8586,2025,9,3.434152488972905,False,3.434152488972905
e856beb9eb9be8f7b13e294007a06c3f7b64c4f9,DFW Airport,1758328616,Greenville,1758344417,2025-09-20,1758344417,1758411863,57,67446,2025,9,3.434152488972905,False,3.434152488972905
0c28836b91f54b0b2c4e5a0884bcbc58f679eba0,DFW Airport,1758314061,Grapevine,1758345157,2025-09-20,1758345157,1758386953,17,41796,2025,9,3.434152488972905,False,3.434152488972905
52c48454c54f0397d24999be567543996a0a2bb2,DFW Airport,1758331816,Dallas,1758346001,2025-09-20,1758346001,1758373399,32,27398,2025,9,3.434152488972905,False,3.434152488972905
b3c2550fd1022959607cb7c2ff4d1d22c0140e93,Dallas Love Field,1758327826,Plano,1758348250,2025-09-20,1758348250,1758391007,56,42757,2025,9,,,
c80287525f2bcf5b6f644b7d0b6801fb25fda9cd,Dallas Love Field,1758324173,Dallas,1758349944,2025-09-20,1758349944,1758381776,10,31832,2025,9,,,
a27854c9b0c81a0339da71d42b2717c8bcebc23a,DFW Airport,1758328514,Lewisville,1758354909,2025-09-20,1758354909,1758402982,4,48073,2025,9,3.434152488972905,False,3.434152488972905
828023863ff17c2cf705b90fada847c8de9fd14a,DFW Airport,1758378452,Grapevine,1758378455,2025-09-20,1758378455,1758388283,4,9828,2025,9,3.434152488972905,False,3.434152488972905
48dbc39bf806ecf81f7946bd88b0671bfcebd80a,DFW Airport,1758377437,Dallas,1758379323,2025-09-20,1758379323,1758411754,43,32431,2025,9,3.434152488972905,False,3.434152488972905
565372557fa0d0925cd97150ba0232140ea347c8,DFW Airport,1758378537,Dallas,1758381873,2025-09-20,1758381873,1758417346,102,35473,2025,9,3.434152488972905,False,3.434152488972905
c7d7d713729b5774b632d7cb52b7d5155147c474,DFW Airport,1758382937,Grapevine,1758383390,2025-09-20,1758383390,1758390598,9,7208,2025,9,3.434152488972905,False,3.434152488972905
30fc607768b43ae2e048da3c6bfd496878ec6ec2,DFW Airport,1758304629,Grapevine,1758385785,2025-09-20,1758385785,1758394948,3,9163,2025,9,3.434152488972905,False,3.434152488972905
18be9e448638882b03249c1aad6969d5a262ade0,DFW Airport,1758386336,Grapevine,1758386346,2025-09-20,1758386346,1758420773,59,34427,2025,9,3.434152488972905,False,3.434152488972905
8a558d357884c8e5b54c4428f2d9f0a8388bf671,Dallas Love Field,1758390614,Dallas,1758391613,2025-09-20,1758391613,1758423332,10,31719,2025,9,,,
18be9e448638882b03249c1aad6969d5a262ade0,DFW Airport,1758386336,Irving,1758394743,2025-09-20,1758394743,1758408645,7,13902,2025,9,3.434152488972905,False,3.434152488972905
bd38c30152993ec521902c92e5e0a0f03104104a,Dallas Love Field,1758399309,Dallas,1758399357,2025-09-20,1758399357,1758407515,7,8158,2025,9,,,
ddb70927a0db9f7d9d5b4bbd342cea8d1e954d11,Dallas Love Field,1758403719,Dallas,1758404160,2025-09-20,1758404160,1758422800,41,18640,2025,9,,,
053032079fb9a0e69d26da8adb5d3333d5ba69d2,Dallas Love Field,1758403368,Dallas,1758405056,2025-09-20,1758405056,1758415050,7,9994,2025,9,,,
ddb70927a0db9f7d9d5b4bbd342cea8d1e954d11,Dallas Love Field,1758403719,Fort Worth,1758409290,2025-09-20,1758409290,1758420421,9,11131,2025,9,,,
7cc98946102d7b5accf689c706d283aef7aed2f7,Dallas Love Field,1758414019,Dallas,1758414055,2025-09-20,1758414055,1758421905,48,7850,2025,9,,,
ff49eba06259662670bb7c83f750fc708dae95b6,DFW Airport,1758400657,Fort Worth,1758414745,2025-09-20,1758414745,1758424245,11,9500,2025,9,3.434152488972905,False,3.434152488972905
18be9e448638882b03249c1aad6969d5a262ade0,DFW Airport,1758386336,Fort Worth,1758431349,2025-09-21,1758431349,1758471224,14,39875,2025,9,3.434152488972905,False,3.434152488972905
8ba3b052d15fd5f9f54d373a68296f403cda3fe4,DFW Airport,1758420295,Arlington,1758431745,2025-09-21,1758431745,1758452349,10,20604,2025,9,3.434152488972905,False,3.434152488972905
8a558d357884c8e5b54c4428f2d9f0a8388bf671,Dallas Love Field,1758390614,Dallas,1758432208,2025-09-21,1758432208,1758461791,19,29583,2025,9,,,
4d40a1dd9d714d2663459b5efd96dc66c3090240,DFW Airport,1758402105,Dallas,1758435452,2025-09-21,1758435452,1758482559,94,47107,2025,9,3.434152488972905,False,3.434152488972905
8ba3b052d15fd5f9f54d373a68296f403cda3fe4,DFW Airport,1758420295,Dallas,1758454759,2025-09-21,1758454759,1758494561,14,39802,2025,9,3.434152488972905,False,3.434152488972905
8ba3b052d15fd5f9f54d373a68296f403cda3fe4,DFW Airport,1758420295,Grapevine,1758455229,2025-09-21,1758455229,1758483878,11,28649,2025,9,3.434152488972905,False,3.434152488972905
ddb70927a0db9f7d9d5b4bbd342cea8d1e954d11,Dallas Love Field,1758403719,Dallas,1758459034,2025-09-21,1758459034,1758485995,38,26961,2025,9,,,
8be4d9032cb67f365c0b94e280a697d85e5abc77,Dallas Love Field,1758465874,Dallas,1758466021,2025-09-21,1758466021,1758488103,98,22082,2025,9,,,
8ee774063c0bdf8782c29f25fb6af41e185e275e,DFW Airport,1758466521,Grapevine,1758467355,2025-09-21,1758467355,1758474889,8,7534,2025,9,3.434152488972905,False,3.434152488972905
8be4d9032cb67f365c0b94e280a697d85e5abc77,Dallas Love Field,1758465874,Plano,1758468451,2025-09-21,1758468451,1758477913,36,9462,2025,9,,,
01fd2835e08ad9d1ea1a8d4c3baca0ab1e1d9df4,DFW Airport,1758470784,Grapevine,1758470903,2025-09-21,1758470903,1758483823,12,12920,2025,9,3.434152488972905,False,3.434152488972905
0e79a63f56abeb963f99f9a0357cd19e1608dc81,DFW Airport,1758470948,Grapevine,1758470949,2025-09-21,1758470949,1758483409,28,12460,2025,9,3.434152488972905,False,3.434152488972905
5e95e0dd7d4b99fa1a0c45ef2d1a4bd3dd42decf,DFW Airport,1758472089,Grapevine,1758472111,2025-09-21,1758472111,1758479750,11,7639,2025,9,3.434152488972905,False,3.434152488972905
18be9e448638882b03249c1aad6969d5a262ade0,DFW Airport,1758478041,Grapevine,1758480813,2025-09-21,1758480813,1758498285,8,17472,2025,9,3.434152488972905,False,3.434152488972905
d1c2d80482fa4c570ea5da37bcbb094c1a77f53f,Dallas Love Field,1758476008,Arlington,1758481690,2025-09-21,1758481690,1758515240,29,33550,2025,9,,,
494a2f44ce4e620d51ef39e26a441c6948b1891c,Dallas Love Field,1758480828,Duncanville,1758489355,2025-09-21,1758489355,1758498460,27,9105,2025,9,,,
4ab883f83b367245bcb53fd9eac6bfe9234388d3,DFW Airport,1758500847,Grapevine,1758501005,2025-09-21,1758501005,1758516635,8,15630,2025,9,3.434152488972905,False,3.434152488972905
9ed3593ce42d332cde3883483fed7faf18c5e248,DFW Airport,1758502611,Garland,1758502641,2025-09-21,1758502641,1758515520,11,12879,2025,9,3.434152488972905,False,3.434152488972905
494a2f44ce4e620d51ef39e26a441c6948b1891c,Dallas Love Field,1758500108,Anna,1758517232,2025-09-22,1758517232,1758557922,46,40690,2025,9,,,
d1c2d80482fa4c570ea5da37bcbb094c1a77f53f,Dallas Love Field,1758476008,Arlington,1758517521,2025-09-22,1758517521,1758553847,48,36326,2025,9,,,
b7488efe2a9517703df55efa5df452e2e92c2abd,DFW Airport,1758522205,Euless,1758526196,2025-09-22,1758526196,1758539745,7,13549,2025,9,3.434152488972905,False,3.434152488972905
8ba3b052d15fd5f9f54d373a68296f403cda3fe4,DFW Airport,1758526538,Dallas,1758526542,2025-09-22,1758526542,1758557143,8,30601,2025,9,3.434152488972905,False,3.434152488972905
45e58f95e09e22b267c814ade66be55cf543c4fe,Dallas Love Field,1758519059,Corinth,1758529851,2025-09-22,1758529851,1758577169,24,47318,2025,9,,,
b7488efe2a9517703df55efa5df452e2e92c2abd,DFW Airport,1758522205,Grapevine,1758532909,2025-09-22,1758532909,1758545384,5,12475,2025,9,3.434152488972905,False,3.434152488972905
03fb0bd0753b02ca521c12bee6448827e6e7135b,DFW Airport,1758548894,Grapevine,1758548903,2025-09-22,1758548903,1758574270,11,25367,2025,9,3.434152488972905,False,3.434152488972905
45e58f95e09e22b267c814ade66be55cf543c4fe,Dallas Love Field,1758519059,Denton,1758549843,2025-09-22,1758549843,1758570152,15,20309,2025,9,,,
e5ce555b9c234c5fe669ac62153b18d985417feb,Dallas Love Field,1758551584,Dallas,1758551716,2025-09-22,1758551716,1758561169,4,9453,2025,9,,,
af24f7d1a52454f4a71203c43ed9d11b5a512634,DFW Airport,1758556017,Grapevine,1758557037,2025-09-22,1758557037,1758590049,38,33012,2025,9,3.434152488972905,False,3.434152488972905
494a2f44ce4e620d51ef39e26a441c6948b1891c,Dallas Love Field,1758480828,Allen,1758559356,2025-09-22,1758559356,1758567046,12,7690,2025,9,,,
6105e53b5085abe26bcddc7a71154bcc966e8d30,Dallas Love Field,1758557615,Rowlett,1758562541,2025-09-22,1758562541,1758600319,7,37778,2025,9,,,
7ce380a3f5f5eb24c9098cea0f1d3573f26f63dd,Dallas Love Field,1758568613,Dallas,1758568644,2025-09-22,1758568644,1758584504,5,15860,2025,9,,,
c2dfe0db8d99b5160c2fcdd675a41516c0d131b8,Dallas Love Field,1758571731,Dallas,1758571768,2025-09-22,1758571768,1758584013,3,12245,2025,9,,,
301183eae555dbfb9f02ad9a85073891207e50f8,DFW Airport,1758573239,Grapevine,1758573550,2025-09-22,1758573550,1758584803,33,11253,2025,9,3.434152488972905,False,3.434152488972905
0bc744b7a5f817b19e26f4011db53bb577465488,DFW Airport,1758577067,Dallas,1758578608,2025-09-22,1758578608,1758591208,26,12600,2025,9,3.434152488972905,False,3.434152488972905
03fb0bd0753b02ca521c12bee6448827e6e7135b,DFW Airport,1758548894,Fort Worth,1758580398,2025-09-22,1758580398,1758602804,9,22406,2025,9,3.434152488972905,False,3.434152488972905
d0f6584c466f418f7bce9e919d1527a4c2dac4db,Dallas Love Field,1758583549,Dallas,1758584198,2025-09-22,1758584198,1758598155,6,13957,2025,9,,,
81b3fb7d8c355021d5ed9b4f0e491fe31c8cd14a,DFW Airport,1758630741,Grapevine,1758633175,2025-09-23,1758633175,1758687222,48,54047,2025,9,3.434152488972905,False,3.434152488972905
cbdf2eeac88945259823f323619017cc7f68e087,DFW Airport,1758587436,Grapevine,1758633424,2025-09-23,1758633424,1758647897,6,14473,2025,9,3.434152488972905,False,3.434152488972905
2c563c50aad9ecd24c7a8ad51c88e88213f75ea8,DFW Airport,1758636166,Arlington,1758644491,2025-09-23,1758644491,1758684047,45,39556,2025,9,3.434152488972905,False,3.434152488972905
81b3fb7d8c355021d5ed9b4f0e491fe31c8cd14a,DFW Airport,1758630741,Irving,1758648501,2025-09-23,1758648501,1758667840,3,19339,2025,9,3.434152488972905,False,3.434152488972905
1990a44a41a66dd95af00cd31a8faa1f46a35ce1,Dallas Love Field,1758650106,Dallas,1758650111,2025-09-23,1758650111,1758678982,32,28871,2025,9,,,
f161c166288b07c0bd18451aa7dd167032501302,Dallas Love Field,1758650382,Dallas,1758650401,2025-09-23,1758650401,1758664137,28,13736,2025,9,,,
2c563c50aad9ecd24c7a8ad51c88e88213f75ea8,DFW Airport,1758636166,Grand Prairie,1758659589,2025-09-23,1758659589,1758675472,17,15883,2025,9,3.434152488972905,False,3.434152488972905
18bc3572bf51db45d096916ceec5808b7fedcc40,DFW Airport,1758668061,Irving,1758669625,2025-09-23,1758669625,1758681158,10,11533,2025,9,3.434152488972905,False,3.434152488972905
919953f2879a7d372ea802649c6a2d937b3d273b,DFW Airport,1758672200,Dallas,1758675849,2025-09-23,1758675849,1758688301,4,12452,2025,9,3.434152488972905,False,3.434152488972905
d4614baff93d5b2ee0406015a115390806135f91,Dallas Love Field,1758677525,Richardson,1758680906,2025-09-23,1758680906,1758688617,22,7711,2025,9,,,
81b3fb7d8c355021d5ed9b4f0e491fe31c8cd14a,DFW Airport,1758630741,North Richland Hills,1758690239,2025-09-24,1758690239,1758775532,6,85293,2025,9,3.434152488972905,False,3.434152488972905
d4614baff93d5b2ee0406015a115390806135f91,Dallas Love Field,1758677525,Richardson,1758690968,2025-09-24,1758690968,1758757687,63,66719,2025,9,,,
5578c34fbb663f5ce43acf95ab6d28f22adc1aa9,DFW Airport,1758663164,Carrollton,1758694371,2025-09-24,1758694371,1758745663,92,51292,2025,9,3.434152488972905,False,3.434152488972905
81b3fb7d8c355021d5ed9b4f0e491fe31c8cd14a,DFW Airport,1758630741,Euless,1758713591,2025-09-24,1758713591,1758774345,3,60754,2025,9,3.434152488972905,False,3.434152488972905
81b3fb7d8c355021d5ed9b4f0e491fe31c8cd14a,DFW Airport,1758630741,Grapevine,1758714809,2025-09-24,1758714809,1758773655,91,58846,2025,9,3.434152488972905,False,3.434152488972905
8ebf3f4598f275004cdd78a381d60d28b112a3d7,DFW Airport,1758721044,Grapevine,1758723140,2025-09-24,1758723140,1758775286,31,52146,2025,9,3.434152488972905,False,3.434152488972905
d4614baff93d5b2ee0406015a115390806135f91,Dallas Love Field,1758677525,Dallas,1758723639,2025-09-24,1758723639,1758740744,20,17105,2025,9,,,
21d6deadb307a190870b8588de6ff8ebaa90476a,DFW Airport,1758729689,Grapevine,1758729735,2025-09-24,1758729735,1758739058,74,9323,2025,9,3.434152488972905,False,3.434152488972905
5dce9421d11b8c20014debe2524f86d986fe4b80,DFW Airport,1758718693,Fort Worth,1758733360,2025-09-24,1758733360,1758745159,13,11799,2025,9,3.434152488972905,False,3.434152488972905
5dce9421d11b8c20014debe2524f86d986fe4b80,DFW Airport,1758718693,Arlington,1758733406,2025-09-24,1758733406,1758753790,12,20384,2025,9,3.434152488972905,False,3.434152488972905
2ba9c9d67d85ad0c639ac9fbd0412f3b422a2c55,DFW Airport,1758716458,Fort Worth,1758735549,2025-09-24,1758735549,1758775911,10,40362,2025,9,3.434152488972905,False,3.434152488972905
65c6801ffad9627204a075ab6b8af797ac82345d,Dallas Love Field,1758735854,Dallas,1758735860,2025-09-24,1758735860,1758745306,154,9446,2025,9,,,
dbe91b2bc3e80ae31e9a18c5ef5161cceff8df03,DFW Airport,1758737287,Grapevine,1758737288,2025-09-24,1758737288,1758769818,6,32530,2025,9,3.434152488972905,False,3.434152488972905
73642bede91f5b2c4e2abace0674249917c1d71f,DFW Airport,1758739663,Grapevine,1758739665,2025-09-24,1758739665,1758747385,7,7720,2025,9,3.434152488972905,False,3.434152488972905
81b3fb7d8c355021d5ed9b4f0e491fe31c8cd14a,DFW Airport,1758722372,Irving,1758743401,2025-09-24,1758743401,1758753042,2,9641,2025,9,3.434152488972905,False,3.434152488972905
c1362783701841e1e024770f4bca0e9729a46db2,DFW Airport,1758667887,Grapevine,1758748957,2025-09-24,1758748957,1758774646,22,25689,2025,9,3.434152488972905,False,3.434152488972905
a175f9c3535544ebe254f493f3b0c9f60142f035,DFW Airport,1758751380,Grapevine,1758751430,2025-09-24,1758751430,1758761026,8,9596,2025,9,3.434152488972905,False,3.434152488972905
cbdf2eeac88945259823f323619017cc7f68e087,DFW Airport,1758757903,Grapevine,1758758790,2025-09-24,1758758790,1758776114,15,17324,2025,9,3.434152488972905,False,3.434152488972905
14ba772d8eceb78a6b307796d30164e5f524bc4b,DFW Airport,1758759286,Grapevine,1758759372,2025-09-24,1758759372,1758776029,17,16657,2025,9,3.434152488972905,False,3.434152488972905
3f1b6075d7236824ab1226cf36752ba308c4822b,DFW Airport,1758763092,Grapevine,1758763093,2025-09-24,1758763093,1758772265,3,9172,2025,9,3.434152488972905,False,3.434152488972905
18be9e448638882b03249c1aad6969d5a262ade0,DFW Airport,1758764310,Grapevine,1758764314,2025-09-24,1758764314,1758772002,19,7688,2025,9,3.434152488972905,False,3.434152488972905
81b3fb7d8c355021d5ed9b4f0e491fe31c8cd14a,DFW Airport,1758759166,North Richland Hills,1758776578,2025-09-25,1758776578,1758856961,43,80383,2025,9,3.434152488972905,False,3.434152488972905
8ebf3f4598f275004cdd78a381d60d28b112a3d7,DFW Airport,1758721044,Grapevine,1758777603,2025-09-25,1758777603,1758802041,40,24438,2025,9,3.434152488972905,False,3.434152488972905
ba8651cd0dd29016e1c46bb7b945fe911f645533,DFW Airport,1758765328,Dallas,1758778099,2025-09-25,1758778099,1758846225,28,68126,2025,9,3.434152488972905,False,3.434152488972905
18be9e448638882b03249c1aad6969d5a262ade0,DFW Airport,1758764310,Fort Worth,1758785820,2025-09-25,1758785820,1758842729,18,56909,2025,9,3.434152488972905,False,3.434152488972905
f9be3a23b900cbe23b12d42a10eb499787621c3c,DFW Airport,1758798096,Grapevine,1758798103,2025-09-25,1758798103,1758807746,9,9643,2025,9,3.434152488972905,False,3.434152488972905
ba8651cd0dd29016e1c46bb7b945fe911f645533,DFW Airport,1758765328,Grapevine,1758799465,2025-09-25,1758799465,1758822921,8,23456,2025,9,3.434152488972905,False,3.434152488972905
81b3fb7d8c355021d5ed9b4f0e491fe31c8cd14a,DFW Airport,1758759166,Euless,1758802591,2025-09-25,1758802591,1758834616,7,32025,2025,9,3.434152488972905,False,3.434152488972905
81b3fb7d8c355021d5ed9b4f0e491fe31c8cd14a,DFW Airport,1758722372,Fort Worth,1758803044,2025-09-25,1758803044,1758847414,3,44370,2025,9,3.434152488972905,False,3.434152488972905
81b3fb7d8c355021d5ed9b4f0e491fe31c8cd14a,DFW Airport,1758722372,Grapevine,1758804996,2025-09-25,1758804996,1758829665,28,24669,2025,9,3.434152488972905,False,3.434152488972905
816a0022c46d7498c3dfc7e754103b276ffcc593,DFW Airport,1758810835,Grapevine,1758810877,2025-09-25,1758810877,1758832602,5,21725,2025,9,3.434152488972905,False,3.434152488972905
39d4de8142bc70d7a8a80bc2ffbc4628d7a0ed9c,Dallas Love Field,1758808330,Benbrook,1758815346,2025-09-25,1758815346,1758824038,10,8692,2025,9,,,
72da84cda95c2c745b341b9ab3885b83e49f04e4,DFW Airport,1758818020,Fort Worth,1758823614,2025-09-25,1758823614,1758857949,13,34335,2025,9,3.434152488972905,False,3.434152488972905
e7ed74a76fbd5bf07465c43a348f829e5cf986e6,DFW Airport,1758822681,Arlington,1758823737,2025-09-25,1758823737,1758838261,18,14524,2025,9,3.434152488972905,False,3.434152488972905
ab44f7b59a62f44afff3df349398428987a7336e,DFW Airport,1758824354,Dallas,1758826980,2025-09-25,1758826980,1758841627,44,14647,2025,9,3.434152488972905,False,3.434152488972905
18a5f0a84e0fbb3a9dc119e8994a7defb61ef76b,Dallas Love Field,1758829346,Dallas,1758830273,2025-09-25,1758830273,1758838465,10,8192,2025,9,,,
18be9e448638882b03249c1aad6969d5a262ade0,DFW Airport,1758764310,Arlington,1758834634,2025-09-25,1758834634,1758843868,7,9234,2025,9,3.434152488972905,False,3.434152488972905
ab44f7b59a62f44afff3df349398428987a7336e,DFW Airport,1758824354,Midlothian,1758842384,2025-09-25,1758842384,1758862681,90,20297,2025,9,3.434152488972905,False,3.434152488972905
bf024f40b8d6a0efa57b771a5dd12f45f829ff6c,DFW Airport,1758852599,Grapevine,1758852644,2025-09-25,1758852644,1758860605,6,7961,2025,9,3.434152488972905,False,3.434152488972905
f436019cd1020a5073633ecfd099a8edd6646d2e,Dallas Love Field,1758852419,Lewisville,1758853922,2025-09-25,1758853922,1758862139,21,8217,2025,9,,,
72da84cda95c2c745b341b9ab3885b83e49f04e4,DFW Airport,1758818020,Fort Worth,1758862802,2025-09-26,1758862802,1758921823,15,59021,2025,9,3.434152488972905,False,3.434152488972905
ab44f7b59a62f44afff3df349398428987a7336e,DFW Airport,1758824354,Midlothian,1758863044,2025-09-26,1758863044,1758892236,142,29192,2025,9,3.434152488972905,False,3.434152488972905
6b1930be458aabcd4cba502ef56646c1d014e6ba,Dallas Love Field,1758852188,McKinney,1758863309,2025-09-26,1758863309,1758893467,2,30158,2025,9,,,
72da84cda95c2c745b341b9ab3885b83e49f04e4,DFW Airport,1758818020,Hurst,1758879807,2025-09-26,1758879807,1758910478,3,30671,2025,9,3.434152488972905,False,3.434152488972905
3df3e800366b86f00b5649159e2e5c166679287c,DFW Airport,1758886136,Grapevine,1758886147,2025-09-26,1758886147,1758902275,5,16128,2025,9,3.434152488972905,False,3.434152488972905
72da84cda95c2c745b341b9ab3885b83e49f04e4,DFW Airport,1758818020,Grapevine,1758886381,2025-09-26,1758886381,1758901509,41,15128,2025,9,3.434152488972905,False,3.434152488972905
9c94878fdb0bd8457277771ed32203c6bac4dae6,Dallas Love Field,1758890228,Dallas,1758890279,2025-09-26,1758890279,1758911328,7,21049,2025,9,,,
ab44f7b59a62f44afff3df349398428987a7336e,DFW Airport,1758824354,Dallas,1758892865,2025-09-26,1758892865,1758911745,145,18880,2025,9,3.434152488972905,False,3.434152488972905
1d76031adfd9bcdae1ad8cf26cb05cfd9f5b4442,DFW Airport,1758893437,Grapevine,1758893479,2025-09-26,1758893479,1758909899,16,16420,2025,9,3.434152488972905,False,3.434152488972905
d93a5ce24186175e0fb72810ae02baf7b05f97f8,DFW Airport,1758861994,Grapevine,1758893665,2025-09-26,1758893665,1758902102,3,8437,2025,9,3.434152488972905,False,3.434152488972905
66b82550796b472d2caa907ce431fd2c1eda75cc,DFW Airport,1758895412,Grapevine,1758895416,2025-09-26,1758895416,1758907404,12,11988,2025,9,3.434152488972905,False,3.434152488972905
05e965944b41b8d314f914ee6ef2e0f5ff72c2ca,DFW Airport,1758898898,Grapevine,1758899580,2025-09-26,1758899580,1758917681,16,18101,2025,9,3.434152488972905,False,3.434152488972905
bf024f40b8d6a0efa57b771a5dd12f45f829ff6c,DFW Airport,1758852599,Grapevine,1758901060,2025-09-26,1758901060,1758922111,5,21051,2025,9,3.434152488972905,False,3.434152488972905
e3168cc632e9f6b1943e1864fc646667a4ba2647,DFW Airport,1758903064,Grapevine,1758903367,2025-09-26,1758903367,1758914025,11,10658,2025,9,3.434152488972905,False,3.434152488972905
6b1930be458aabcd4cba502ef56646c1d014e6ba,Dallas Love Field,1758852188,Frisco,1758904108,2025-09-26,1758904108,1758917526,2,13418,2025,9,,,
d356d025e9050db537489086e3e72a3e1d9274d2,DFW Airport,1758908083,Grapevine,1758908646,2025-09-26,1758908646,1758918370,10,9724,2025,9,3.434152488972905,False,3.434152488972905
c597cd166c10e9d2ebd669987d8eb1ea34e2bbb7,DFW Airport,1758926196,Bedford,1758928765,2025-09-26,1758928765,1758941076,4,12311,2025,9,3.434152488972905,False,3.434152488972905
1a35416e42d24a2e8fdd43c9b276cdb4f3f3010a,DFW Airport,1758940255,Coppell,1758952152,2025-09-27,1758952152,1759016999,19,64847,2025,9,3.434152488972905,False,3.434152488972905
ad86ecf2d6302fc9fa56841d1367ee4a3c28ce71,DFW Airport,1758975530,Grapevine,1758975877,2025-09-27,1758975877,1759002009,10,26132,2025,9,3.434152488972905,False,3.434152488972905
ad86ecf2d6302fc9fa56841d1367ee4a3c28ce71,DFW Airport,1758975530,Frisco,1758976681,2025-09-27,1758976681,1758994792,33,18111,2025,9,3.434152488972905,False,3.434152488972905
8e3a0e5efed2a5b5ee22f1d66bf0c70d55afdf09,Dallas Love Field,1758935445,Fort Worth,1758976861,2025-09-27,1758976861,1759010766,18,33905,2025,9,,,
48dbc39bf806ecf81f7946bd88b0671bfcebd80a,DFW Airport,1758982229,Dallas,1758984105,2025-09-27,1758984105,1759016553,38,32448,2025,9,3.434152488972905,False,3.434152488972905
053032079fb9a0e69d26da8adb5d3333d5ba69d2,Dallas Love Field,1758936941,Dallas,1758995609,2025-09-27,1758995609,1759022170,3,26561,2025,9,,,
c529e58eca5841c913f50bc74618d57eeb6f26cf,DFW Airport,1758998761,Grapevine,1758998772,2025-09-27,1758998772,1759026138,17,27366,2025,9,3.434152488972905,False,3.434152488972905
4d40a1dd9d714d2663459b5efd96dc66c3090240,DFW Airport,1759006804,Arlington,1759006981,2025-09-27,1759006981,1759018516,28,11535,2025,9,3.434152488972905,False,3.434152488972905
4d40a1dd9d714d2663459b5efd96dc66c3090240,DFW Airport,1759006804,Fort Worth,1759008421,2025-09-27,1759008421,1759019420,16,10999,2025,9,3.434152488972905,False,3.434152488972905
ff49eba06259662670bb7c83f750fc708dae95b6,DFW Airport,1759005527,Fort Worth,1759019520,2025-09-27,1759019520,1759029022,11,9502,2025,9,3.434152488972905,False,3.434152488972905
4d40a1dd9d714d2663459b5efd96dc66c3090240,DFW Airport,1759018516,Burleson,1759019731,2025-09-27,1759019731,1759035111,42,15380,2025,9,3.434152488972905,False,3.434152488972905
dddf590575fa84eeabb5e2625f411433e59645e7,DFW Airport,1759018862,Grapevine,1759020214,2025-09-27,1759020214,1759030540,5,10326,2025,9,3.434152488972905,False,3.434152488972905
25db6955f916b0ca2435a3ca01163803e7815213,DFW Airport,1759029109,Dallas,1759036162,2025-09-28,1759036162,1759089457,4,53295,2025,9,3.434152488972905,False,3.434152488972905
4b259377c4f66df50f3dc7b5a2f08deb5159a597,DFW Airport,1759029917,Frisco,1759036242,2025-09-28,1759036242,1759113482,37,77240,2025,9,3.434152488972905,False,3.434152488972905
4d40a1dd9d714d2663459b5efd96dc66c3090240,DFW Airport,1759006804,Dallas,1759040253,2025-09-28,1759040253,1759087368,62,47115,2025,9,3.434152488972905,False,3.434152488972905
b7488efe2a9517703df55efa5df452e2e92c2abd,DFW Airport,1759023364,Euless,1759042211,2025-09-28,1759042211,1759052324,10,10113,2025,9,3.434152488972905,False,3.434152488972905
4d40a1dd9d714d2663459b5efd96dc66c3090240,DFW Airport,1759018516,Burleson,1759042292,2025-09-28,1759042292,1759092821,54,50529,2025,9,3.434152488972905,False,3.434152488972905
25db6955f916b0ca2435a3ca01163803e7815213,DFW Airport,1759029109,Plano,1759063046,2025-09-28,1759063046,1759102943,5,39897,2025,9,3.434152488972905,False,3.434152488972905
c29bf250906ccaf86497753f0649c3847ec2cff8,DFW Airport,1759063605,Irving,1759064657,2025-09-28,1759064657,1759121052,86,56395,2025,9,3.434152488972905,False,3.434152488972905
40c6ed0c5f6ee20b24fa7a90e5dd4355f5a66939,DFW Airport,1759070396,Grapevine,1759070459,2025-09-28,1759070459,1759085281,19,14822,2025,9,3.434152488972905,False,3.434152488972905
92aebaed9e1bc9c69b210b458b28963109e4eeab,Dallas Love Field,1759076544,Lewisville,1759081741,2025-09-28,1759081741,1759121012,20,39271,2025,9,,,
f81a35932736dec2ea0774c1f9396a140e40e156,DFW Airport,1759087283,Plano,1759090101,2025-09-28,1759090101,1759097995,7,7894,2025,9,3.434152488972905,False,3.434152488972905
f81a35932736dec2ea0774c1f9396a140e40e156,DFW Airport,1759087283,Dallas,1759098615,2025-09-28,1759098615,1759112785,13,14170,2025,9,3.434152488972905,False,3.434152488972905
f7a8b7dce73c33d911373e54bc9dd4e3f1822126,DFW Airport,1759103447,Grapevine,1759103496,2025-09-28,1759103496,1759115046,24,11550,2025,9,3.434152488972905,False,3.434152488972905
59bd039c56cddf96ad6559be94ac539982ad8ea5,Dallas Love Field,1759097458,Mesquite,1759103662,2025-09-28,1759103662,1759121646,20,17984,2025,9,,,
5da0fa84ca614b2451c446ba0b37476f7103e633,DFW Airport,1759106915,Grapevine,1759106927,2025-09-28,1759106927,1759120062,21,13135,2025,9,3.434152488972905,False,3.434152488972905
ca19ff50fff3358e80509c892ed0afdd280d117d,DFW Airport,1759106527,Grapevine,1759112010,2025-09-28,1759112010,1759119613,3,7603,2025,9,3.434152488972905,False,3.434152488972905
f81a35932736dec2ea0774c1f9396a140e40e156,DFW Airport,1759110880,Dallas,1759122047,2025-09-29,1759122047,1759160931,10,38884,2025,9,3.434152488972905,False,3.434152488972905
c29bf250906ccaf86497753f0649c3847ec2cff8,DFW Airport,1759063605,Irving,1759122142,2025-09-29,1759122142,1759146460,52,24318,2025,9,3.434152488972905,False,3.434152488972905
59bd039c56cddf96ad6559be94ac539982ad8ea5,Dallas Love Field,1759107210,Mesquite,1759130307,2025-09-29,1759130307,1759178667,30,48360,2025,9,,,
5083849ba0da725baf9ce7efb6daa653fe773abb,DFW Airport,1759136913,Grapevine,1759138252,2025-09-29,1759138252,1759161800,23,23548,2025,9,3.434152488972905,False,3.434152488972905
5083849ba0da725baf9ce7efb6daa653fe773abb,DFW Airport,1759136913,Irving,1759142248,2025-09-29,1759142248,1759149465,2,7217,2025,9,3.434152488972905,False,3.434152488972905
59bd039c56cddf96ad6559be94ac539982ad8ea5,Dallas Love Field,1759097458,Dallas,1759146778,2025-09-29,1759146778,1759166865,14,20087,2025,9,,,
c66290bfe98a8cb00a67bddd09ca1db575ac0077,Dallas Love Field,1759152850,Dallas,1759152858,2025-09-29,1759152858,1759188803,3,35945,2025,9,,,
03fb0bd0753b02ca521c12bee6448827e6e7135b,DFW Airport,1759153580,Grapevine,1759153581,2025-09-29,1759153581,1759167750,9,14169,2025,9,3.434152488972905,False,3.434152488972905
6ee23d6f1680d2d76b10637832ab2cda7d655614,Dallas Love Field,1759171999,Dallas,1759172921,2025-09-29,1759172921,1759191026,26,18105,2025,9,,,
c2dfe0db8d99b5160c2fcdd675a41516c0d131b8,Dallas Love Field,1759176553,Dallas,1759176565,2025-09-29,1759176565,1759188802,5,12237,2025,9,,,
6ee23d6f1680d2d76b10637832ab2cda7d655614,Dallas Love Field,1759171999,Garland,1759181259,2025-09-29,1759181259,1759208177,110,26918,2025,9,,,
ab44f7b59a62f44afff3df349398428987a7336e,DFW Airport,1759181101,Grapevine,1759181787,2025-09-29,1759181787,1759188999,34,7212,2025,9,3.434152488972905,False,3.434152488972905
60eea8ce110630a0eea2283fe9da645e1cd9c7be,Dallas Love Field,1759184511,Dallas,1759184751,2025-09-29,1759184751,1759203107,56,18356,2025,9,,,
1990a44a41a66dd95af00cd31a8faa1f46a35ce1,Dallas Love Field,1759192002,Dallas,1759192035,2025-09-29,1759192035,1759202356,13,10321,2025,9,,,
dfe46f53604ebd919389b0f27d845a10b5680273,DFW Airport,1759195525,Watauga,1759211182,2025-09-30,1759211182,1759281489,148,70307,2025,9,3.434152488972905,False,3.434152488972905
6ee23d6f1680d2d76b10637832ab2cda7d655614,Dallas Love Field,1759171999,Garland,1759211241,2025-09-30,1759211241,1759241092,94,29851,2025,9,,,
77da0b415b5af36b0b7aa51c4f56a0080c6bde79,DFW Airport,1759232191,Grapevine,1759232195,2025-09-30,1759232195,1759281402,8,49207,2025,9,3.434152488972905,False,3.434152488972905
81b3fb7d8c355021d5ed9b4f0e491fe31c8cd14a,DFW Airport,1759232761,Grapevine,1759232811,2025-09-30,1759232811,1759289362,42,56551,2025,9,3.434152488972905,False,3.434152488972905
2ba9c9d67d85ad0c639ac9fbd0412f3b422a2c55,DFW Airport,1759236189,Grapevine,1759236239,2025-09-30,1759236239,1759256079,3,19840,2025,9,3.434152488972905,False,3.434152488972905
f27e46e248c8062c50662146e0279a1a1a86e2e9,DFW Airport,1759250915,Dallas,1759254284,2025-09-30,1759254284,1759292586,44,38302,2025,9,3.434152488972905,False,3.434152488972905
ea816f8d6280b0de2fdb6dff3bef4669cf2eb917,DFW Airport,1759259560,Grapevine,1759260331,2025-09-30,1759260331,1759271882,34,11551,2025,9,3.434152488972905,False,3.434152488972905
2ba9c9d67d85ad0c639ac9fbd0412f3b422a2c55,DFW Airport,1759236189,Fort Worth,1759268799,2025-09-30,1759268799,1759289247,13,20448,2025,9,3.434152488972905,False,3.434152488972905
919953f2879a7d372ea802649c6a2d937b3d273b,DFW Airport,1759277034,Dallas,1759280588,2025-09-30,1759280588,1759293107,8,12519,2025,10,3.653071253071253,False,3.653071253071253
f27e46e248c8062c50662146e0279a1a1a86e2e9,DFW Airport,1759250915,Dallas,1759295728,2025-10-01,1759295728,1759312212,25,16484,2025,9,3.434152488972905,False,3.434152488972905
2ba9c9d67d85ad0c639ac9fbd0412f3b422a2c55,DFW Airport,1759279274,Fort Worth,1759296871,2025-10-01,1759296871,1759307001,40,10130,2025,10,3.653071253071253,False,3.653071253071253
f27e46e248c8062c50662146e0279a1a1a86e2e9,DFW Airport,1759250915,Grapevine,1759312962,2025-10-01,1759312962,1759323307,19,10345,2025,9,3.434152488972905,False,3.434152488972905
81b3fb7d8c355021d5ed9b4f0e491fe31c8cd14a,DFW Airport,1759289353,Grapevine,1759319652,2025-10-01,1759319652,1759368544,35,48892,2025,10,3.653071253071253,False,3.653071253071253
843240db5ef368d835e0c60ad9e4c19bef1615d4,DFW Airport,1759325368,Grapevine,1759325892,2025-10-01,1759325892,1759334159,10,8267,2025,10,3.653071253071253,False,3.653071253071253
60b969703c4b07640bcc5f5e7e2bda7c14b31714,DFW Airport,1759326425,Grapevine,1759326502,2025-10-01,1759326502,1759335152,14,8650,2025,10,3.653071253071253,False,3.653071253071253
1d0d6d1a7f9c88c6934d3bfef6a8bf0c71eaf221,DFW Airport,1759330070,Grapevine,1759331899,2025-10-01,1759331899,1759343052,9,11153,2025,10,3.653071253071253,False,3.653071253071253
6aa6618ac52f6858b3d2636aa59705966322a205,DFW Airport,1759277775,Euless,1759336149,2025-10-01,1759336149,1759362343,16,26194,2025,10,3.653071253071253,False,3.653071253071253
5dce9421d11b8c20014debe2524f86d986fe4b80,DFW Airport,1759323364,Fort Worth,1759338122,2025-10-01,1759338122,1759349990,37,11868,2025,10,3.653071253071253,False,3.653071253071253
5dce9421d11b8c20014debe2524f86d986fe4b80,DFW Airport,1759323364,Arlington,1759338189,2025-10-01,1759338189,1759358632,28,20443,2025,10,3.653071253071253,False,3.653071253071253
73642bede91f5b2c4e2abace0674249917c1d71f,DFW Airport,1759344453,Grapevine,1759344457,2025-10-01,1759344457,1759352189,6,7732,2025,10,3.653071253071253,False,3.653071253071253
afdec237cbead05f320e0e85dc27e4637adf26b2,Dallas Love Field,1759335618,Dallas,1759351184,2025-10-01,1759351184,1759367731,6,16547,2025,10,,,
68eefd8535ac353ffc5df8976d771767dd7d8ac2,Dallas Love Field,1759280064,Dallas,1759357734,2025-10-01,1759357734,1759366638,11,8904,2025,10,,,
cbdf2eeac88945259823f323619017cc7f68e087,DFW Airport,1759362696,Grapevine,1759362703,2025-10-01,1759362703,1759380904,24,18201,2025,10,3.653071253071253,False,3.653071253071253
14ba772d8eceb78a6b307796d30164e5f524bc4b,DFW Airport,1759363768,Grapevine,1759363769,2025-10-01,1759363769,1759380825,30,17056,2025,10,3.653071253071253,False,3.653071253071253
ba16af66fc629876567f176844856d1d1bfec18d,DFW Airport,1759371177,Lewisville,1759382711,2025-10-02,1759382711,1759448907,34,66196,2025,10,3.653071253071253,False,3.653071253071253
ba8651cd0dd29016e1c46bb7b945fe911f645533,DFW Airport,1759370157,Dallas,1759403016,2025-10-02,1759403016,1759451032,19,48016,2025,10,3.653071253071253,False,3.653071253071253
ba8651cd0dd29016e1c46bb7b945fe911f645533,DFW Airport,1759370157,Grapevine,1759404180,2025-10-02,1759404180,1759427757,8,23577,2025,10,3.653071253071253,False,3.653071253071253
40c077de79ad005a1c8543b97a37a60674217371,Dallas Love Field,1759411413,Dallas,1759412619,2025-10-02,1759412619,1759435770,8,23151,2025,10,,,
d9a64674e59619d4a13658a9933a6a6b7d0ed917,Dallas Love Field,1759414373,Dallas,1759414433,2025-10-02,1759414433,1759422113,3,7680,2025,10,,,
c0d76ea1e94c09f281fc3a9f04ca8c935d82caab,DFW Airport,1759416551,Grapevine,1759418164,2025-10-02,1759418164,1759436935,13,18771,2025,10,3.653071253071253,False,3.653071253071253
99351b320826f8b86ea8aba4796d1f8bf2df3add,Dallas Love Field,1759430756,Dallas,1759432678,2025-10-02,1759432678,1759441057,8,8379,2025,10,,,
bf024f40b8d6a0efa57b771a5dd12f45f829ff6c,DFW Airport,1759446387,Grapevine,1759446453,2025-10-02,1759446453,1759461430,7,14977,2025,10,3.653071253071253,False,3.653071253071253
1f6e3330e912ef83f1d3b0c848c4e786577b7d65,Dallas Love Field,1759451180,Dallas,1759451802,2025-10-02,1759451802,1759461560,7,9758,2025,10,,,
47395efc15f6af945fbbf8098c5db01a9d0f8aaf,DFW Airport,1759430232,Coppell,1759451957,2025-10-02,1759451957,1759462128,56,10171,2025,10,3.653071253071253,False,3.653071253071253
6b1930be458aabcd4cba502ef56646c1d014e6ba,Dallas Love Field,1759456929,McKinney,1759468092,2025-10-03,1759468092,1759498202,3,30110,2025,10,,,
47395efc15f6af945fbbf8098c5db01a9d0f8aaf,DFW Airport,1759451645,Coppell,1759472953,2025-10-03,1759472953,1759517815,102,44862,2025,10,3.653071253071253,False,3.653071253071253
1ba7cd23b3802d3dd91612c53b3633780dda3594,DFW Airport,1759496112,Grapevine,1759496556,2025-10-03,1759496556,1759504689,11,8133,2025,10,3.653071253071253,False,3.653071253071253
66b82550796b472d2caa907ce431fd2c1eda75cc,DFW Airport,1759500206,Grapevine,1759500211,2025-10-03,1759500211,1759512190,13,11979,2025,10,3.653071253071253,False,3.653071253071253
6b1930be458aabcd4cba502ef56646c1d014e6ba,Dallas Love Field,1759456929,Frisco,1759508898,2025-10-03,1759508898,1759522319,4,13421,2025,10,,,
53eafe184a34fa3dccac1b10f34be3523a29835f,DFW Airport,1759510942,Grapevine,1759510943,2025-10-03,1759510943,1759547625,15,36682,2025,10,3.653071253071253,False,3.653071253071253
05e965944b41b8d314f914ee6ef2e0f5ff72c2ca,DFW Airport,1759511199,Grapevine,1759511207,2025-10-03,1759511207,1759522483,25,11276,2025,10,3.653071253071253,False,3.653071253071253
9ac4c338b6b96dc28280791c9926bff233a41a0d,Dallas Love Field,1759522352,Dallas,1759522410,2025-10-03,1759522410,1759551758,83,29348,2025,10,,,
e5fc8c7ea469cc0038c138114cb90f57a2045bb8,Dallas Love Field,1759542834,Dallas,1759543581,2025-10-03,1759543581,1759551656,22,8075,2025,10,,,
816a0022c46d7498c3dfc7e754103b276ffcc593,DFW Airport,1759548256,Grapevine,1759554638,2025-10-04,1759554638,1759621401,9,66763,2025,10,3.653071253071253,False,3.653071253071253
e5fc8c7ea469cc0038c138114cb90f57a2045bb8,Dallas Love Field,1759542834,Dallas,1759555989,2025-10-04,1759555989,1759624264,30,68275,2025,10,,,
9ac4c338b6b96dc28280791c9926bff233a41a0d,Dallas Love Field,1759536757,Dallas,1759556405,2025-10-04,1759556405,1759605517,58,49112,2025,10,,,
816a0022c46d7498c3dfc7e754103b276ffcc593,DFW Airport,1759548256,Euless,1759558355,2025-10-04,1759558355,1759618663,3,60308,2025,10,3.653071253071253,False,3.653071253071253
816a0022c46d7498c3dfc7e754103b276ffcc593,DFW Airport,1759548256,North Richland Hills,1759559075,2025-10-04,1759559075,1759587103,10,28028,2025,10,3.653071253071253,False,3.653071253071253
7336807ad68d3fe1c444a50b765dbec7b6199818,DFW Airport,1759536864,Arlington,1759559888,2025-10-04,1759559888,1759594684,14,34796,2025,10,3.653071253071253,False,3.653071253071253
ad86ecf2d6302fc9fa56841d1367ee4a3c28ce71,DFW Airport,1759581868,Grapevine,1759581873,2025-10-04,1759581873,1759606704,7,24831,2025,10,3.653071253071253,False,3.653071253071253
ad86ecf2d6302fc9fa56841d1367ee4a3c28ce71,DFW Airport,1759581868,Frisco,1759583515,2025-10-04,1759583515,1759599539,43,16024,2025,10,3.653071253071253,False,3.653071253071253
f1b2cb9fc3af50f5051c2e14f21c9f95740e5f57,DFW Airport,1759587432,Grapevine,1759588468,2025-10-04,1759588468,1759629947,22,41479,2025,10,3.653071253071253,False,3.653071253071253
48dbc39bf806ecf81f7946bd88b0671bfcebd80a,DFW Airport,1759587017,Dallas,1759588862,2025-10-04,1759588862,1759621356,23,32494,2025,10,3.653071253071253,False,3.653071253071253
1d0d6d1a7f9c88c6934d3bfef6a8bf0c71eaf221,DFW Airport,1759599789,Grapevine,1759605542,2025-10-04,1759605542,1759623215,12,17673,2025,10,3.653071253071253,False,3.653071253071253
c243230e12e27ac3ace72e708089b98e3926d0ed,DFW Airport,1759618975,Grapevine,1759618977,2025-10-04,1759618977,1759630539,24,11562,2025,10,3.653071253071253,False,3.653071253071253
663b55304c4e0fa05878b1d237d588bef86e2a7a,DFW Airport,1759620295,Euless,1759622375,2025-10-04,1759622375,1759631381,10,9006,2025,10,3.653071253071253,False,3.653071253071253
1d0d6d1a7f9c88c6934d3bfef6a8bf0c71eaf221,DFW Airport,1759599789,Arlington,1759624869,2025-10-04,1759624869,1759640223,10,15354,2025,10,3.653071253071253,False,3.653071253071253
663b55304c4e0fa05878b1d237d588bef86e2a7a,DFW Airport,1759624576,Irving,1759626822,2025-10-04,1759626822,1759640274,28,13452,2025,10,3.653071253071253,False,3.653071253071253
4b259377c4f66df50f3dc7b5a2f08deb5159a597,DFW Airport,1759634725,Frisco,1759641032,2025-10-05,1759641032,1759711165,55,70133,2025,10,3.653071253071253,False,3.653071253071253
663b55304c4e0fa05878b1d237d588bef86e2a7a,DFW Airport,1759620295,Irving,1759641410,2025-10-05,1759641410,1759674318,38,32908,2025,10,3.653071253071253,False,3.653071253071253
1d0d6d1a7f9c88c6934d3bfef6a8bf0c71eaf221,DFW Airport,1759599789,Arlington,1759655473,2025-10-05,1759655473,1759725326,15,69853,2025,10,3.653071253071253,False,3.653071253071253
1d0d6d1a7f9c88c6934d3bfef6a8bf0c71eaf221,DFW Airport,1759599789,Grapevine,1759662784,2025-10-05,1759662784,1759693901,10,31117,2025,10,3.653071253071253,False,3.653071253071253
663b55304c4e0fa05878b1d237d588bef86e2a7a,DFW Airport,1759624576,Grand Prairie,1759674841,2025-10-05,1759674841,1759703783,8,28942,2025,10,3.653071253071253,False,3.653071253071253
663b55304c4e0fa05878b1d237d588bef86e2a7a,DFW Airport,1759620295,Arlington,1759675024,2025-10-05,1759675024,1759703422,40,28398,2025,10,3.653071253071253,False,3.653071253071253
5c70884b0153d6ea25b9798bdda23b2498e3eb1c,DFW Airport,1759678349,Grapevine,1759678440,2025-10-05,1759678440,1759721065,49,42625,2025,10,3.653071253071253,False,3.653071253071253
db1bbbe2f45e678f205e3cced710222a90b6e966,DFW Airport,1759680674,Grapevine,1759680745,2025-10-05,1759680745,1759688838,20,8093,2025,10,3.653071253071253,False,3.653071253071253
c5a3c6b874ab8f48e96eea409c76acaf0894f9a2,DFW Airport,1759683831,Grapevine,1759683832,2025-10-05,1759683832,1759719431,14,35599,2025,10,3.653071253071253,False,3.653071253071253
5ace41afaf5ffc50c1e72a2f3db419aa243dd4c3,DFW Airport,1759685507,Grapevine,1759685823,2025-10-05,1759685823,1759701777,11,15954,2025,10,3.653071253071253,False,3.653071253071253
5c70884b0153d6ea25b9798bdda23b2498e3eb1c,DFW Airport,1759678349,Irving,1759689092,2025-10-05,1759689092,1759713572,9,24480,2025,10,3.653071253071253,False,3.653071253071253
514a5e17672d24e2075b037cabd1fd8997c24faa,DFW Airport,1759689875,Mansfield,1759692363,2025-10-05,1759692363,1759710970,37,18607,2025,10,3.653071253071253,False,3.653071253071253
514a5e17672d24e2075b037cabd1fd8997c24faa,DFW Airport,1759689875,Midlothian,1759693121,2025-10-05,1759693121,1759726211,24,33090,2025,10,3.653071253071253,False,3.653071253071253
9ae502b5832fabea5b922b450a6e95127d6b5d79,DFW Airport,1759711867,Grapevine,1759711894,2025-10-05,1759711894,1759722115,12,10221,2025,10,3.653071253071253,False,3.653071253071253
c79f3e373fcbe60bdeba46ba438cde8f4b424def,DFW Airport,1759710592,Irving,1759712203,2025-10-05,1759712203,1759725404,7,13201,2025,10,3.653071253071253,False,3.653071253071253
c79f3e373fcbe60bdeba46ba438cde8f4b424def,DFW Airport,1759710592,Grapevine,1759714916,2025-10-05,1759714916,1759726618,10,11702,2025,10,3.653071253071253,False,3.653071253071253
c53cc881bcaa35c143ece32ae9b2e61d545c8653,Dallas Love Field,1759716932,Dallas,1759716979,2025-10-05,1759716979,1759724496,46,7517,2025,10,,,
816a0022c46d7498c3dfc7e754103b276ffcc593,DFW Airport,1759720113,North Richland Hills,1759727158,2025-10-06,1759727158,1759797557,9,70399,2025,10,3.653071253071253,False,3.653071253071253
1d0d6d1a7f9c88c6934d3bfef6a8bf0c71eaf221,DFW Airport,1759679116,Arlington,1759729008,2025-10-06,1759729008,1759748018,11,19010,2025,10,3.653071253071253,False,3.653071253071253
1d0d6d1a7f9c88c6934d3bfef6a8bf0c71eaf221,DFW Airport,1759679116,Grapevine,1759748964,2025-10-06,1759748964,1759772104,21,23140,2025,10,3.653071253071253,False,3.653071253071253
fc7ee8f217659916818fd93f9b98125308fda849,DFW Airport,1759750612,Grapevine,1759753028,2025-10-06,1759753028,1759773850,4,20822,2025,10,3.653071253071253,False,3.653071253071253
5cf2b182ae9c5585b59e53f23f6583c96161d863,Dallas Love Field,1759754483,Dallas,1759754549,2025-10-06,1759754549,1759791812,7,37263,2025,10,,,
95c50606ed3b3bf48c6ece3af485ce1127e9bcfc,DFW Airport,1759754324,Grapevine,1759754857,2025-10-06,1759754857,1759779862,8,25005,2025,10,3.653071253071253,False,3.653071253071253
59a4bb6ce721bf96bf93c74f10d5c603cfa4aac1,DFW Airport,1759763069,Grapevine,1759763462,2025-10-06,1759763462,1759798367,10,34905,2025,10,3.653071253071253,False,3.653071253071253
faa4e64863c8569c247a4c0f317c3ac4ed3aaa82,Dallas Love Field,1759763624,Dallas,1759765342,2025-10-06,1759765342,1759809884,134,44542,2025,10,,,
a377253921f096e64a2a0eb815a0453622612479,Dallas Love Field,1759767026,Dallas,1759767030,2025-10-06,1759767030,1759811125,3,44095,2025,10,,,
5b685c591792d893ada72da91dbef927d3188ebd,DFW Airport,1759773935,Grapevine,1759773937,2025-10-06,1759773937,1759781156,18,7219,2025,10,3.653071253071253,False,3.653071253071253
44e75c2fdab8c20c5d2800242130e350f98d73b1,DFW Airport,1759772571,Grapevine,1759774271,2025-10-06,1759774271,1759784884,6,10613,2025,10,3.653071253071253,False,3.653071253071253
21c33588332cc5611f56ffbee80df25e3b9767d7,DFW Airport,1759778415,Grapevine,1759778593,2025-10-06,1759778593,1759791901,7,13308,2025,10,3.653071253071253,False,3.653071253071253
ec6b19fb880206443db786021cb09a768c1764f3,DFW Airport,1759779673,Frisco,1759781970,2025-10-06,1759781970,1759795691,6,13721,2025,10,3.653071253071253,False,3.653071253071253
466051a68bd2ce0134fd4c8b777a35822e1c12d4,DFW Airport,1759783428,Grapevine,1759784018,2025-10-06,1759784018,1759796269,71,12251,2025,10,3.653071253071253,False,3.653071253071253
5cf2b182ae9c5585b59e53f23f6583c96161d863,Dallas Love Field,1759754483,Dallas,1759833574,2025-10-07,1759833574,1759878174,7,44600,2025,10,,,
77da0b415b5af36b0b7aa51c4f56a0080c6bde79,DFW Airport,1759836990,Grapevine,1759837011,2025-10-07,1759837011,1759886199,8,49188,2025,10,3.653071253071253,False,3.653071253071253
7d3d7085f1cc021b0816c57b94407ae279607f7b,Dallas Love Field,1759847574,Dallas,1759849988,2025-10-07,1759849988,1759896620,72,46632,2025,10,,,
8975b91b5221eaa50e6d845f47156c381dfed746,Dallas Love Field,1759856817,Dallas,1759857777,2025-10-07,1759857777,1759868690,11,10913,2025,10,,,
f27e46e248c8062c50662146e0279a1a1a86e2e9,DFW Airport,1759858001,Dallas,1759859074,2025-10-07,1759859074,1759881537,44,22463,2025,10,3.653071253071253,False,3.653071253071253
8a742d7a263fde866ee872060ab5d0744362e1d6,Dallas Love Field,1759861958,Dallas,1759861967,2025-10-07,1759861967,1759873909,17,11942,2025,10,,,
f2b9a525d31b6771ca9157e176c96c95cd191e17,DFW Airport,1759875447,Grapevine,1759875802,2025-10-07,1759875802,1759886197,18,10395,2025,10,3.653071253071253,False,3.653071253071253
7d3d7085f1cc021b0816c57b94407ae279607f7b,Dallas Love Field,1759883079,Dallas,1759899737,2025-10-08,1759899737,1759932887,12,33150,2025,10,,,
816a0022c46d7498c3dfc7e754103b276ffcc593,DFW Airport,1759878153,Grapevine,1759900050,2025-10-08,1759900050,1759979471,35,79421,2025,10,3.653071253071253,False,3.653071253071253
816a0022c46d7498c3dfc7e754103b276ffcc593,DFW Airport,1759878153,North Richland Hills,1759906608,2025-10-08,1759906608,1759982122,12,75514,2025,10,3.653071253071253,False,3.653071253071253
4487c79d62ed156e947e983132413573d07d845d,DFW Airport,1759929783,Grapevine,1759930984,2025-10-08,1759930984,1759964721,9,33737,2025,10,3.653071253071253,False,3.653071253071253
bb4793c1889677bccec481f16323d80cd8f176f1,Dallas Love Field,1759932522,Dallas,1759933618,2025-10-08,1759933618,1759941208,3,7590,2025,10,,,
6aa6618ac52f6858b3d2636aa59705966322a205,DFW Airport,1759882610,Euless,1759941011,2025-10-08,1759941011,1759967158,16,26147,2025,10,3.653071253071253,False,3.653071253071253
4487c79d62ed156e947e983132413573d07d845d,DFW Airport,1759929783,Euless,1759951349,2025-10-08,1759951349,1759964827,2,13478,2025,10,3.653071253071253,False,3.653071253071253
4487c79d62ed156e947e983132413573d07d845d,DFW Airport,1759929783,Grand Prairie,1759951650,2025-10-08,1759951650,1759983026,45,31376,2025,10,3.653071253071253,False,3.653071253071253
2908ef303324a3780d25e6bf1cebb9bee49f0bb6,DFW Airport,1759948298,Melissa,1759952947,2025-10-08,1759952947,1759965497,21,12550,2025,10,3.653071253071253,False,3.653071253071253
addffd48de24efa127fa2e69b823a0251ef13e1a,DFW Airport,1759947303,Irving,1759957352,2025-10-08,1759957352,1759965729,6,8377,2025,10,3.653071253071253,False,3.653071253071253
fd55c014c26cf576878619bea14b2cfad748761f,DFW Airport,1759956381,Fort Worth,1759958351,2025-10-08,1759958351,1759985127,39,26776,2025,10,3.653071253071253,False,3.653071253071253
605cd712109f77422bd86f728eaabe945bbe7b01,DFW Airport,1759958479,Grapevine,1759958480,2025-10-08,1759958480,1759965834,5,7354,2025,10,3.653071253071253,False,3.653071253071253
14ba772d8eceb78a6b307796d30164e5f524bc4b,DFW Airport,1759968488,Grapevine,1759968538,2025-10-08,1759968538,1759984798,17,16260,2025,10,3.653071253071253,False,3.653071253071253
50ab665f81f3bc0ff05c951edd3bb78130b832be,DFW Airport,1759923378,Irving,1759993967,2025-10-09,1759993967,1760009410,9,15443,2025,10,3.653071253071253,False,3.653071253071253
4487c79d62ed156e947e983132413573d07d845d,DFW Airport,1759929783,Grand Prairie,1760003103,2025-10-09,1760003103,1760053954,17,50851,2025,10,3.653071253071253,False,3.653071253071253
ba8651cd0dd29016e1c46bb7b945fe911f645533,DFW Airport,1759974879,Dallas,1760007794,2025-10-09,1760007794,1760055826,7,48032,2025,10,3.653071253071253,False,3.653071253071253
ba8651cd0dd29016e1c46bb7b945fe911f645533,DFW Airport,1759974879,Grapevine,1760009478,2025-10-09,1760009478,1760032492,5,23014,2025,10,3.653071253071253,False,3.653071253071253
4487c79d62ed156e947e983132413573d07d845d,DFW Airport,1759929783,Grapevine,1760011385,2025-10-09,1760011385,1760038653,4,27268,2025,10,3.653071253071253,False,3.653071253071253
816a0022c46d7498c3dfc7e754103b276ffcc593,DFW Airport,1760010656,Grapevine,1760011512,2025-10-09,1760011512,1760020267,17,8755,2025,10,3.653071253071253,False,3.653071253071253
dfe3e6d660fc6f74df3d1cf07a33478e4cb5d523,Dallas Love Field,1759972905,Prosper,1760012309,2025-10-09,1760012309,1760031901,14,19592,2025,10,,,
d9a64674e59619d4a13658a9933a6a6b7d0ed917,Dallas Love Field,1760015583,Dallas,1760015634,2025-10-09,1760015634,1760026845,17,11211,2025,10,,,
9e29ae59167bb8cfb9098c31baf924de0f83b325,DFW Airport,1760016407,Grapevine,1760016667,2025-10-09,1760016667,1760038460,5,21793,2025,10,3.653071253071253,False,3.653071253071253
3d812f3f88256d799a05226c2f7eee1032885cf7,DFW Airport,1759973837,Farmers Branch,1760017305,2025-10-09,1760017305,1760047355,11,30050,2025,10,3.653071253071253,False,3.653071253071253
3d812f3f88256d799a05226c2f7eee1032885cf7,DFW Airport,1759973837,Dallas,1760019865,2025-10-09,1760019865,1760055132,5,35267,2025,10,3.653071253071253,False,3.653071253071253
282c431b519471ac476a339d897dd8f6ebc5e720,DFW Airport,1760029925,Grand Prairie,1760030833,2025-10-09,1760030833,1760053957,9,23124,2025,10,3.653071253071253,False,3.653071253071253
4b259377c4f66df50f3dc7b5a2f08deb5159a597,DFW Airport,1760033743,Grapevine,1760033779,2025-10-09,1760033779,1760053476,4,19697,2025,10,3.653071253071253,False,3.653071253071253
9894629a8873d141d83ba693367891ecbf979949,DFW Airport,1760034037,Grapevine,1760034452,2025-10-09,1760034452,1760061878,13,27426,2025,10,3.653071253071253,False,3.653071253071253
9e29ae59167bb8cfb9098c31baf924de0f83b325,DFW Airport,1760016407,Fort Worth,1760034519,2025-10-09,1760034519,1760059289,25,24770,2025,10,3.653071253071253,False,3.653071253071253
583436337a79f7d22292e32065baef9d2066af83,DFW Airport,1760039422,Grapevine,1760039439,2025-10-09,1760039439,1760049894,10,10455,2025,10,3.653071253071253,False,3.653071253071253
0376d2a0d3b2bc9e7056de48e124a4210cece678,DFW Airport,1760036447,Fort Worth,1760043073,2025-10-09,1760043073,1760072048,55,28975,2025,10,3.653071253071253,False,3.653071253071253
4b259377c4f66df50f3dc7b5a2f08deb5159a597,DFW Airport,1760033743,Grand Prairie,1760043993,2025-10-09,1760043993,1760058767,10,14774,2025,10,3.653071253071253,False,3.653071253071253
fe18021029f99f1739e88f5b5b4d8930e2b13aec,DFW Airport,1760052068,Grapevine,1760053322,2025-10-09,1760053322,1760063511,32,10189,2025,10,3.653071253071253,False,3.653071253071253
2ba0c4742953c3f1498c091dadaeb00822b389d2,DFW Airport,1760055721,Grapevine,1760056360,2025-10-09,1760056360,1760065617,15,9257,2025,10,3.653071253071253,False,3.653071253071253
9894629a8873d141d83ba693367891ecbf979949,DFW Airport,1760061878,Irving,1760062006,2025-10-09,1760062006,1760069496,8,7490,2025,10,3.653071253071253,False,3.653071253071253
0376d2a0d3b2bc9e7056de48e124a4210cece678,DFW Airport,1760036447,Fort Worth,1760072844,2025-10-10,1760072844,1760112953,54,40109,2025,10,3.653071253071253,False,3.653071253071253
9e29ae59167bb8cfb9098c31baf924de0f83b325,DFW Airport,1760055850,Bartonville,1760076675,2025-10-10,1760076675,1760090082,6,13407,2025,10,3.653071253071253,False,3.653071253071253
9894629a8873d141d83ba693367891ecbf979949,DFW Airport,1760034037,Irving,1760078197,2025-10-10,1760078197,1760114792,22,36595,2025,10,3.653071253071253,False,3.653071253071253
5cf2b182ae9c5585b59e53f23f6583c96161d863,Dallas Love Field,1760094382,Irving,1760096935,2025-10-10,1760096935,1760107883,11,10948,2025,10,,,
493a67c61609c045501c96e55740a62bdb696f35,DFW Airport,1760100581,Fort Worth,1760104265,2025-10-10,1760104265,1760155502,29,51237,2025,10,3.653071253071253,False,3.653071253071253
66b82550796b472d2caa907ce431fd2c1eda75cc,DFW Airport,1760104996,Grapevine,1760104997,2025-10-10,1760104997,1760117028,9,12031,2025,10,3.653071253071253,False,3.653071253071253
824b18c8f9500f54b4a04db9a257ea64c7c09e07,Dallas Love Field,1760105031,Dallas,1760105070,2025-10-10,1760105070,1760142374,21,37304,2025,10,,,
71cf639a6b1e7f7fd2008d3b103eeddddff46c7b,DFW Airport,1760106446,Grapevine,1760107325,2025-10-10,1760107325,1760123915,5,16590,2025,10,3.653071253071253,False,3.653071253071253
05e965944b41b8d314f914ee6ef2e0f5ff72c2ca,DFW Airport,1760109258,Grapevine,1760109267,2025-10-10,1760109267,1760124622,19,15355,2025,10,3.653071253071253,False,3.653071253071253
2616c7e80b0b82f34e54d456ec4174cea920c29e,Dallas Love Field,1760111492,Dallas,1760113698,2025-10-10,1760113698,1760137474,28,23776,2025,10,,,
b1822258a3dedd15c33c4474cf2d2d4159ebb609,DFW Airport,1760053084,Grapevine,1760116857,2025-10-10,1760116857,1760144398,46,27541,2025,10,3.653071253071253,False,3.653071253071253
864d388fc2b769ecf5ab1f19b90f52d30f9acfa2,DFW Airport,1760116234,Grapevine,1760117882,2025-10-10,1760117882,1760143263,11,25381,2025,10,3.653071253071253,False,3.653071253071253
19eed34561cdaafee4ea3e85e4d7b044ded9cd4a,Dallas Love Field,1760071239,Bedford,1760118723,2025-10-10,1760118723,1760140077,15,21354,2025,10,,,
f1f57043b30915dd8b0c99a7db53c67101bbc1fb,Dallas Love Field,1760121182,Dallas,1760121496,2025-10-10,1760121496,1760155416,19,33920,2025,10,,,
4fe4f2bc7a4aa6742c77a0d32cdc4dd8c92de132,DFW Airport,1760105974,Grapevine,1760122352,2025-10-10,1760122352,1760132290,2,9938,2025,10,3.653071253071253,False,3.653071253071253
18be9e448638882b03249c1aad6969d5a262ade0,DFW Airport,1760121203,Grapevine,1760125091,2025-10-10,1760125091,1760150781,5,25690,2025,10,3.653071253071253,False,3.653071253071253
ab782427d46d0b450cae5970d9fdac16327397a9,DFW Airport,1760126693,Arlington,1760130314,2025-10-10,1760130314,1760138031,29,7717,2025,10,3.653071253071253,False,3.653071253071253
f1f57043b30915dd8b0c99a7db53c67101bbc1fb,Dallas Love Field,1760121182,Farmers Branch,1760131133,2025-10-10,1760131133,1760152339,11,21206,2025,10,,,
74a8fff59515d2057cdee0a9ea1dae9f93bcabf8,DFW Airport,1760125786,Irving,1760134692,2025-10-10,1760134692,1760155854,51,21162,2025,10,3.653071253071253,False,3.653071253071253
71cf639a6b1e7f7fd2008d3b103eeddddff46c7b,DFW Airport,1760106446,Irving,1760140304,2025-10-10,1760140304,1760156866,9,16562,2025,10,3.653071253071253,False,3.653071253071253
6b69a2e1a9baf737759e445573957139efbee1a3,DFW Airport,1760143933,Grapevine,1760143934,2025-10-10,1760143934,1760152242,3,8308,2025,10,3.653071253071253,False,3.653071253071253
824b18c8f9500f54b4a04db9a257ea64c7c09e07,Dallas Love Field,1760105031,Denton,1760144565,2025-10-10,1760144565,1760152315,6,7750,2025,10,,,
f1f57043b30915dd8b0c99a7db53c67101bbc1fb,Dallas Love Field,1760143968,Addison,1760144669,2025-10-10,1760144669,1760152367,12,7698,2025,10,,,
18be9e448638882b03249c1aad6969d5a262ade0,DFW Airport,1760121203,Fort Worth,1760160665,2025-10-11,1760160665,1760190523,22,29858,2025,10,3.653071253071253,False,3.653071253071253
74a8fff59515d2057cdee0a9ea1dae9f93bcabf8,DFW Airport,1760144485,Irving,1760160882,2025-10-11,1760160882,1760178900,26,18018,2025,10,3.653071253071253,False,3.653071253071253
f1f57043b30915dd8b0c99a7db53c67101bbc1fb,Dallas Love Field,1760143968,Dallas,1760165624,2025-10-11,1760165624,1760200190,8,34566,2025,10,,,
824b18c8f9500f54b4a04db9a257ea64c7c09e07,Dallas Love Field,1760142168,Denton,1760166684,2025-10-11,1760166684,1760175027,10,8343,2025,10,,,
f5179fc5db7f3a031a08526db059ecc8ecd59245,Dallas Love Field,1760145027,Dallas,1760185623,2025-10-11,1760185623,1760215667,19,30044,2025,10,,,
f5179fc5db7f3a031a08526db059ecc8ecd59245,Dallas Love Field,1760145027,Irving,1760187908,2025-10-11,1760187908,1760214187,12,26279,2025,10,,,
68677adb083f25de746d2ee90c77cd20757edf20,DFW Airport,1760188706,Grapevine,1760188707,2025-10-11,1760188707,1760213775,5,25068,2025,10,3.653071253071253,False,3.653071253071253
25775a486fa1b8e04ecae97924615b7703de7ddb,DFW Airport,1760189619,Grapevine,1760190469,2025-10-11,1760190469,1760214598,3,24129,2025,10,3.653071253071253,False,3.653071253071253
4fe4f2bc7a4aa6742c77a0d32cdc4dd8c92de132,DFW Airport,1760176012,Grapevine,1760190878,2025-10-11,1760190878,1760200162,22,9284,2025,10,3.653071253071253,False,3.653071253071253
901b58e5546f8793e7079cf36d3bd36f59137be0,DFW Airport,1760198206,Euless,1760198899,2025-10-11,1760198899,1760226259,17,27360,2025,10,3.653071253071253,False,3.653071253071253
f6ea0bc9cfafafcb807244dab6c9b5b1bb6a7eee,Dallas Love Field,1760216081,Dallas,1760216115,2025-10-11,1760216115,1760226411,7,10296,2025,10,,,
115ce7e60fccc3ae2ec4d1fdc513c0e84e3a1ba1,DFW Airport,1760207828,Fort Worth,1760217848,2025-10-11,1760217848,1760238076,7,20228,2025,10,3.653071253071253,False,3.653071253071253
f9db856521f3562107ba0e6dbf4488b756e094c3,Dallas Love Field,1760212918,Arlington,1760218002,2025-10-11,1760218002,1760241522,51,23520,2025,10,,,
4f94dbce0de5b8ea15faf2b5b8effb1bd950b118,Dallas Love Field,1760215967,Grapevine,1760218207,2025-10-11,1760218207,1760244072,13,25865,2025,10,,,
663b55304c4e0fa05878b1d237d588bef86e2a7a,DFW Airport,1760224969,Euless,1760227153,2025-10-11,1760227153,1760235892,6,8739,2025,10,3.653071253071253,False,3.653071253071253
663b55304c4e0fa05878b1d237d588bef86e2a7a,DFW Airport,1760231652,Irving,1760232844,2025-10-11,1760232844,1760245071,24,12227,2025,10,3.653071253071253,False,3.653071253071253
ff0c9198d648d6d76d2f7243f394b99af416acc3,DFW Airport,1760233760,Grapevine,1760245773,2025-10-12,1760245773,1760307863,25,62090,2025,10,3.653071253071253,False,3.653071253071253
663b55304c4e0fa05878b1d237d588bef86e2a7a,DFW Airport,1760224969,Irving,1760246190,2025-10-12,1760246190,1760276397,44,30207,2025,10,3.653071253071253,False,3.653071253071253
115ce7e60fccc3ae2ec4d1fdc513c0e84e3a1ba1,DFW Airport,1760207828,Fort Worth,1760249091,2025-10-12,1760249091,1760262157,8,13066,2025,10,3.653071253071253,False,3.653071253071253
4f94dbce0de5b8ea15faf2b5b8effb1bd950b118,Dallas Love Field,1760215967,Grapevine,1760250046,2025-10-12,1760250046,1760285078,38,35032,2025,10,,,
901b58e5546f8793e7079cf36d3bd36f59137be0,DFW Airport,1760198206,Euless,1760252528,2025-10-12,1760252528,1760272041,28,19513,2025,10,3.653071253071253,False,3.653071253071253
f9db856521f3562107ba0e6dbf4488b756e094c3,Dallas Love Field,1760228539,Fort Worth,1760253865,2025-10-12,1760253865,1760277160,26,23295,2025,10,,,
663b55304c4e0fa05878b1d237d588bef86e2a7a,DFW Airport,1760224969,Arlington,1760279821,2025-10-12,1760279821,1760306980,48,27159,2025,10,3.653071253071253,False,3.653071253071253
f9db856521f3562107ba0e6dbf4488b756e094c3,Dallas Love Field,1760212918,Arlington,1760283716,2025-10-12,1760283716,1760297455,22,13739,2025,10,,,
0173084f55681c0bdc020f62d6d3d2d43cc5ff8b,Dallas Love Field,1760286405,Dallas,1760286590,2025-10-12,1760286590,1760326424,74,39834,2025,10,,,
4f94dbce0de5b8ea15faf2b5b8effb1bd950b118,Dallas Love Field,1760215967,Arlington,1760287138,2025-10-12,1760287138,1760296212,12,9074,2025,10,,,
ff0c9198d648d6d76d2f7243f394b99af416acc3,DFW Airport,1760233760,Arlington,1760287770,2025-10-12,1760287770,1760305255,9,17485,2025,10,3.653071253071253,False,3.653071253071253
514a5e17672d24e2075b037cabd1fd8997c24faa,DFW Airport,1760294659,Mansfield,1760297159,2025-10-12,1760297159,1760315814,45,18655,2025,10,3.653071253071253,False,3.653071253071253
514a5e17672d24e2075b037cabd1fd8997c24faa,DFW Airport,1760294659,Midlothian,1760297910,2025-10-12,1760297910,1760331056,61,33146,2025,10,3.653071253071253,False,3.653071253071253
74d3ae2f9cde9d8ae10f703995988981c45996f6,DFW Airport,1760300184,Grapevine,1760300582,2025-10-12,1760300582,1760314499,7,13917,2025,10,3.653071253071253,False,3.653071253071253
b659e273347be6eddb72a79af87049ffc63fa94d,DFW Airport,1760305328,Grapevine,1760305350,2025-10-12,1760305350,1760316343,8,10993,2025,10,3.653071253071253,False,3.653071253071253
b659e273347be6eddb72a79af87049ffc63fa94d,DFW Airport,1760305328,Fort Worth,1760306896,2025-10-12,1760306896,1760327332,65,20436,2025,10,3.653071253071253,False,3.653071253071253
52397e47478391634d0002987227eba867c2e795,DFW Airport,1760305312,Arlington,1760307435,2025-10-12,1760307435,1760322427,6,14992,2025,10,3.653071253071253,False,3.653071253071253
0173084f55681c0bdc020f62d6d3d2d43cc5ff8b,Dallas Love Field,1760286405,Carrollton,1760312509,2025-10-12,1760312509,1760324631,7,12122,2025,10,,,
0173084f55681c0bdc020f62d6d3d2d43cc5ff8b,Dallas Love Field,1760286405,Lewisville,1760312841,2025-10-12,1760312841,1760324499,10,11658,2025,10,,,
0173084f55681c0bdc020f62d6d3d2d43cc5ff8b,Dallas Love Field,1760286405,Corinth,1760313370,2025-10-12,1760313370,1760323932,6,10562,2025,10,,,
0173084f55681c0bdc020f62d6d3d2d43cc5ff8b,Dallas Love Field,1760286405,Denton,1760313629,2025-10-12,1760313629,1760323733,70,10104,2025,10,,,
2c8b481ac0cc116e451f31b4df26ddd265db298e,DFW Airport,1760308823,Granbury,1760314261,2025-10-12,1760314261,1760322412,54,8151,2025,10,3.653071253071253,False,3.653071253071253
1a35416e42d24a2e8fdd43c9b276cdb4f3f3010a,DFW Airport,1760328107,Azle,1760331955,2025-10-13,1760331955,1760406851,15,74896,2025,10,3.653071253071253,False,3.653071253071253
2c8b481ac0cc116e451f31b4df26ddd265db298e,DFW Airport,1760308823,Pecan Plantation,1760333787,2025-10-13,1760333787,1760378926,26,45139,2025,10,3.653071253071253,False,3.653071253071253
52397e47478391634d0002987227eba867c2e795,DFW Airport,1760322427,Arlington,1760337415,2025-10-13,1760337415,1760388784,28,51369,2025,10,3.653071253071253,False,3.653071253071253
b659e273347be6eddb72a79af87049ffc63fa94d,DFW Airport,1760314756,Fort Worth,1760345102,2025-10-13,1760345102,1760395436,83,50334,2025,10,3.653071253071253,False,3.653071253071253
95c50606ed3b3bf48c6ece3af485ce1127e9bcfc,DFW Airport,1760353922,Grapevine,1760353972,2025-10-13,1760353972,1760384699,22,30727,2025,10,3.653071253071253,False,3.653071253071253
59a4bb6ce721bf96bf93c74f10d5c603cfa4aac1,DFW Airport,1760367740,Grapevine,1760367742,2025-10-13,1760367742,1760403160,22,35418,2025,10,3.653071253071253,False,3.653071253071253
0173084f55681c0bdc020f62d6d3d2d43cc5ff8b,Dallas Love Field,1760286405,Dallas,1760369457,2025-10-13,1760369457,1760384906,39,15449,2025,10,,,
c8674d185c1e354375282598c9df3ae0f22c2962,Dallas Love Field,1760378983,Dallas,1760379070,2025-10-13,1760379070,1760391198,11,12128,2025,10,,,
44e75c2fdab8c20c5d2800242130e350f98d73b1,DFW Airport,1760380241,Grapevine,1760380696,2025-10-13,1760380696,1760389735,8,9039,2025,10,3.653071253071253,False,3.653071253071253
c8674d185c1e354375282598c9df3ae0f22c2962,Dallas Love Field,1760378983,Carrollton,1760383757,2025-10-13,1760383757,1760411727,16,27970,2025,10,,,
ec6b19fb880206443db786021cb09a768c1764f3,DFW Airport,1760384466,Frisco,1760386802,2025-10-13,1760386802,1760400501,3,13699,2025,10,3.653071253071253,False,3.653071253071253
faa4e64863c8569c247a4c0f317c3ac4ed3aaa82,Dallas Love Field,1760390165,Dallas,1760390211,2025-10-13,1760390211,1760414667,113,24456,2025,10,,,
c8674d185c1e354375282598c9df3ae0f22c2962,Dallas Love Field,1760378983,Lewisville,1760392019,2025-10-13,1760392019,1760416961,25,24942,2025,10,,,
4e156fbd3815e8e2852f79b1a14e653bbae2ef37,DFW Airport,1760392294,Grapevine,1760392388,2025-10-13,1760392388,1760409332,15,16944,2025,10,3.653071253071253,False,3.653071253071253
cc2eded6010e2f1b85fa47665b0a018d5685c4e9,DFW Airport,1760398271,Grapevine,1760398274,2025-10-13,1760398274,1760407811,6,9537,2025,10,3.653071253071253,False,3.653071253071253
bf5082f4971aeb1924e0bd5ec4774d792549e15e,DFW Airport,1760391747,Euless,1760399670,2025-10-13,1760399670,1760412465,8,12795,2025,10,3.653071253071253,False,3.653071253071253
d04714d24e5e2a87df4a14dc92e190e08df89969,DFW Airport,1760400948,Grapevine,1760400970,2025-10-13,1760400970,1760408282,41,7312,2025,10,3.653071253071253,False,3.653071253071253
c8674d185c1e354375282598c9df3ae0f22c2962,Dallas Love Field,1760378983,Lewisville,1760418090,2025-10-14,1760418090,1760457823,24,39733,2025,10,,,
bf5082f4971aeb1924e0bd5ec4774d792549e15e,DFW Airport,1760391747,Euless,1760419035,2025-10-14,1760419035,1760501053,12,82018,2025,10,3.653071253071253,False,3.653071253071253
4e00e7ed5b53ea4cdbec40fd978dd4e01d0e9deb,DFW Airport,1760408416,Grapevine,1760422098,2025-10-14,1760422098,1760448096,3,25998,2025,10,3.653071253071253,False,3.653071253071253
4e156fbd3815e8e2852f79b1a14e653bbae2ef37,DFW Airport,1760392294,Grapevine,1760428433,2025-10-14,1760428433,1760474424,131,45991,2025,10,3.653071253071253,False,3.653071253071253
1b487a46280d4e98631e2138df1c4dfdb774dd4a,Dallas Love Field,1760404333,McKinney,1760437880,2025-10-14,1760437880,1760471781,5,33901,2025,10,,,
1b487a46280d4e98631e2138df1c4dfdb774dd4a,Dallas Love Field,1760404333,Lewisville,1760438400,2025-10-14,1760438400,1760470977,50,32577,2025,10,,,
35f02ad66c5ed414175e3a8ce0f83469008d7ebe,DFW Airport,1760447660,Grapevine,1760447668,2025-10-14,1760447668,1760475466,10,27798,2025,10,3.653071253071253,False,3.653071253071253
bf5082f4971aeb1924e0bd5ec4774d792549e15e,DFW Airport,1760391747,Grapevine,1760451125,2025-10-14,1760451125,1760471157,29,20032,2025,10,3.653071253071253,False,3.653071253071253
2ffdad8936c73c4c9311aa2823f72a6df9a08c1a,Dallas Love Field,1760452837,Dallas,1760453142,2025-10-14,1760453142,1760499512,38,46370,2025,10,,,
4e156fbd3815e8e2852f79b1a14e653bbae2ef37,DFW Airport,1760392294,Fort Worth,1760453164,2025-10-14,1760453164,1760475171,13,22007,2025,10,3.653071253071253,False,3.653071253071253
bbfa58865eba22d5db4f188714c3cd4011c9c23d,Dallas Love Field,1760452906,Richardson,1760454441,2025-10-14,1760454441,1760485862,24,31421,2025,10,,,
bbfa58865eba22d5db4f188714c3cd4011c9c23d,Dallas Love Field,1760452906,Plano,1760454815,2025-10-14,1760454815,1760478818,14,24003,2025,10,,,
9117c32f723ffaca704e1aaa6fea8a4d2f27caee,DFW Airport,1760412724,Garland,1760455241,2025-10-14,1760455241,1760467185,5,11944,2025,10,3.653071253071253,False,3.653071253071253
4e156fbd3815e8e2852f79b1a14e653bbae2ef37,DFW Airport,1760392294,Euless,1760455978,2025-10-14,1760455978,1760499323,168,43345,2025,10,3.653071253071253,False,3.653071253071253
4e156fbd3815e8e2852f79b1a14e653bbae2ef37,DFW Airport,1760392294,Bedford,1760458199,2025-10-14,1760458199,1760480645,11,22446,2025,10,3.653071253071253,False,3.653071253071253
4eddc94a3e07b7bcbfed589c5702b760a84e8e9f,DFW Airport,1760471744,Grapevine,1760472829,2025-10-14,1760472829,1760483980,2,11151,2025,10,3.653071253071253,False,3.653071253071253
d1250ccfe1ec7ede1f59146c0d3b8857e953b8fb,Dallas Love Field,1760475843,Dallas,1760475968,2025-10-14,1760475968,1760497368,18,21400,2025,10,,,
816a0022c46d7498c3dfc7e754103b276ffcc593,DFW Airport,1760475714,Grapevine,1760477553,2025-10-14,1760477553,1760486018,5,8465,2025,10,3.653071253071253,False,3.653071253071253
b73b59ba9fdd05dba997aed4df49e6e366ece0d3,DFW Airport,1760481029,Grapevine,1760481058,2025-10-14,1760481058,1760493371,6,12313,2025,10,3.653071253071253,False,3.653071253071253
bf5082f4971aeb1924e0bd5ec4774d792549e15e,DFW Airport,1760460759,Euless,1760505484,2025-10-15,1760505484,1760589837,27,84353,2025,10,3.653071253071253,False,3.653071253071253
2ffdad8936c73c4c9311aa2823f72a6df9a08c1a,Dallas Love Field,1760452837,Dallas,1760508005,2025-10-15,1760508005,1760524308,14,16303,2025,10,,,
bbfa58865eba22d5db4f188714c3cd4011c9c23d,Dallas Love Field,1760452906,Plano,1760518329,2025-10-15,1760518329,1760533846,7,15517,2025,10,,,
4e156fbd3815e8e2852f79b1a14e653bbae2ef37,DFW Airport,1760458239,Euless,1760527382,2025-10-15,1760527382,1760554241,49,26859,2025,10,3.653071253071253,False,3.653071253071253
21e1003dbcbe1a862f83aabc814da051219ac065,DFW Airport,1760532447,Grapevine,1760532464,2025-10-15,1760532464,1760567999,8,35535,2025,10,3.653071253071253,False,3.653071253071253
4e156fbd3815e8e2852f79b1a14e653bbae2ef37,DFW Airport,1760486420,North Richland Hills,1760533535,2025-10-15,1760533535,1760555424,21,21889,2025,10,3.653071253071253,False,3.653071253071253
4e156fbd3815e8e2852f79b1a14e653bbae2ef37,DFW Airport,1760486420,Haltom City,1760533998,2025-10-15,1760533998,1760557293,46,23295,2025,10,3.653071253071253,False,3.653071253071253
60b969703c4b07640bcc5f5e7e2bda7c14b31714,DFW Airport,1760536089,Grapevine,1760536093,2025-10-15,1760536093,1760544671,6,8578,2025,10,3.653071253071253,False,3.653071253071253
4e156fbd3815e8e2852f79b1a14e653bbae2ef37,DFW Airport,1760486420,Fort Worth,1760536465,2025-10-15,1760536465,1760559033,21,22568,2025,10,3.653071253071253,False,3.653071253071253
21e1003dbcbe1a862f83aabc814da051219ac065,DFW Airport,1760532447,Euless,1760538445,2025-10-15,1760538445,1760564448,17,26003,2025,10,3.653071253071253,False,3.653071253071253
bf5082f4971aeb1924e0bd5ec4774d792549e15e,DFW Airport,1760460759,Grapevine,1760539358,2025-10-15,1760539358,1760578847,21,39489,2025,10,3.653071253071253,False,3.653071253071253
07f1ea7d012fe78d783ba2c7b2e269869b4f9adf,DFW Airport,1760564958,Grapevine,1760564973,2025-10-15,1760564973,1760576535,4,11562,2025,10,3.653071253071253,False,3.653071253071253
c7f2c6c7009d203ab04af32f51d4138421e58c3e,Dallas Love Field,1760564870,Dallas,1760565214,2025-10-15,1760565214,1760575582,23,10368,2025,10,,,
bf5082f4971aeb1924e0bd5ec4774d792549e15e,DFW Airport,1760552021,Euless,1760593121,2025-10-16,1760593121,1760652710,8,59589,2025,10,3.653071253071253,False,3.653071253071253
bf5082f4971aeb1924e0bd5ec4774d792549e15e,DFW Airport,1760552021,Grapevine,1760618125,2025-10-16,1760618125,1760642892,9,24767,2025,10,3.653071253071253,False,3.653071253071253
4e156fbd3815e8e2852f79b1a14e653bbae2ef37,DFW Airport,1760632106,Grapevine,1760632131,2025-10-16,1760632131,1760674827,14,42696,2025,10,3.653071253071253,False,3.653071253071253
4e156fbd3815e8e2852f79b1a14e653bbae2ef37,DFW Airport,1760632106,Euless,1760636427,2025-10-16,1760636427,1760672091,20,35664,2025,10,3.653071253071253,False,3.653071253071253
4b259377c4f66df50f3dc7b5a2f08deb5159a597,DFW Airport,1760638532,Grapevine,1760638540,2025-10-16,1760638540,1760658263,9,19723,2025,10,3.653071253071253,False,3.653071253071253
9c7611f88a05f452514ef342181d75eb9f83c4be,Dallas Love Field,1760639804,Euless,1760641530,2025-10-16,1760641530,1760670266,10,28736,2025,10,,,
9c7611f88a05f452514ef342181d75eb9f83c4be,Dallas Love Field,1760639804,Grapevine,1760644219,2025-10-16,1760644219,1760670603,11,26384,2025,10,,,
cc49f4c1c320b07407d0c8f8453165b61d73ca48,DFW Airport,1760645453,Dallas,1760647440,2025-10-16,1760647440,1760676851,34,29411,2025,10,3.653071253071253,False,3.653071253071253
7c39dd57f14a69b12386911c28acaadef713b942,DFW Airport,1760647545,Grapevine,1760647653,2025-10-16,1760647653,1760661140,7,13487,2025,10,3.653071253071253,False,3.653071253071253
4487c79d62ed156e947e983132413573d07d845d,DFW Airport,1760648117,Grand Prairie,1760648212,2025-10-16,1760648212,1760658750,20,10538,2025,10,3.653071253071253,False,3.653071253071253
4b259377c4f66df50f3dc7b5a2f08deb5159a597,DFW Airport,1760638532,Grand Prairie,1760648778,2025-10-16,1760648778,1760663546,12,14768,2025,10,3.653071253071253,False,3.653071253071253
9c7611f88a05f452514ef342181d75eb9f83c4be,Dallas Love Field,1760639804,Arlington,1760661256,2025-10-16,1760661256,1760669369,9,8113,2025,10,,,
19e89f1bf23c2aee4b7e544196c3bafa3da1b3d9,DFW Airport,1760662694,Grapevine,1760662726,2025-10-16,1760662726,1760671765,36,9039,2025,10,3.653071253071253,False,3.653071253071253
9c7611f88a05f452514ef342181d75eb9f83c4be,Dallas Love Field,1760661256,Grapevine,1760677200,2025-10-17,1760677200,1760734399,30,57199,2025,10,,,
9c7611f88a05f452514ef342181d75eb9f83c4be,DFW Airport,1760670545,Grapevine,1760677200,2025-10-17,1760677200,1760734399,16,57199,2025,10,3.653071253071253,False,3.653071253071253
cc49f4c1c320b07407d0c8f8453165b61d73ca48,DFW Airport,1760645453,Dallas,1760679335,2025-10-17,1760679335,1760730242,62,50907,2025,10,3.653071253071253,False,3.653071253071253
bf404f49f3805a1edbff9fc0c45d3ea2af2354e6,DFW Airport,1760669737,Grapevine,1760679408,2025-10-17,1760679408,1760708298,18,28890,2025,10,3.653071253071253,False,3.653071253071253
4e156fbd3815e8e2852f79b1a14e653bbae2ef37,DFW Airport,1760632106,Grapevine,1760684261,2025-10-17,1760684261,1760725881,54,41620,2025,10,3.653071253071253,False,3.653071253071253
644350b064fb69970600e4c19215aebd4be4b4d3,Dallas Love Field,1760667312,Lucas,1760689121,2025-10-17,1760689121,1760731306,18,42185,2025,10,,,
644350b064fb69970600e4c19215aebd4be4b4d3,Dallas Love Field,1760667312,Plano,1760706003,2025-10-17,1760706003,1760730486,3,24483,2025,10,,,
4e156fbd3815e8e2852f79b1a14e653bbae2ef37,DFW Airport,1760632106,Hurst,1760710609,2025-10-17,1760710609,1760732995,9,22386,2025,10,3.653071253071253,False,3.653071253071253
4e156fbd3815e8e2852f79b1a14e653bbae2ef37,DFW Airport,1760632106,Bedford,1760711822,2025-10-17,1760711822,1760733458,33,21636,2025,10,3.653071253071253,False,3.653071253071253
644350b064fb69970600e4c19215aebd4be4b4d3,Dallas Love Field,1760667312,Dallas,1760712355,2025-10-17,1760712355,1760752854,10,40499,2025,10,,,
4e156fbd3815e8e2852f79b1a14e653bbae2ef37,DFW Airport,1760706952,Euless,1760713444,2025-10-17,1760713444,1760746857,43,33413,2025,10,3.653071253071253,False,3.653071253071253
644350b064fb69970600e4c19215aebd4be4b4d3,Dallas Love Field,1760667312,Grand Prairie,1760718436,2025-10-17,1760718436,1760749036,6,30600,2025,10,,,
2a5cf22c32f1e2dd81ba97ca19cbda9529c3e11e,Dallas Love Field,1760704220,Fort Worth,1760720987,2025-10-17,1760720987,1760740355,13,19368,2025,10,,,
864d388fc2b769ecf5ab1f19b90f52d30f9acfa2,DFW Airport,1760721045,Grapevine,1760722657,2025-10-17,1760722657,1760745341,14,22684,2025,10,3.653071253071253,False,3.653071253071253
5b86dd082589ef6fb5d8607fa338775615689d3e,Dallas Love Field,1760725770,Dallas,1760725786,2025-10-17,1760725786,1760754233,47,28447,2025,10,,,
5b86dd082589ef6fb5d8607fa338775615689d3e,Dallas Love Field,1760725770,Irving,1760727666,2025-10-17,1760727666,1760762196,126,34530,2025,10,,,
7aaf6423b7e803286e12f23ba36d98559dd4c304,Dallas Love Field,1760729233,Dallas,1760729781,2025-10-17,1760729781,1760739180,18,9399,2025,10,,,
92da253a54372ccf887d705473a691c287f408c7,DFW Airport,1760730417,Grapevine,1760731010,2025-10-17,1760731010,1760742876,3,11866,2025,10,3.653071253071253,False,3.653071253071253
c529e58eca5841c913f50bc74618d57eeb6f26cf,DFW Airport,1760736824,Grapevine,1760736826,2025-10-17,1760736826,1760750376,13,13550,2025,10,3.653071253071253,False,3.653071253071253
18be9e448638882b03249c1aad6969d5a262ade0,DFW Airport,1760732366,Grapevine,1760738616,2025-10-17,1760738616,1760755616,6,17000,2025,10,3.653071253071253,False,3.653071253071253
6e8917b173bb71d3111aa78fa50a11ba3c801cbb,Dallas Love Field,1760738687,Dallas,1760739693,2025-10-17,1760739693,1760762619,50,22926,2025,10,,,
7aaf6423b7e803286e12f23ba36d98559dd4c304,Dallas Love Field,1760729233,Grapevine,1760740701,2025-10-17,1760740701,1760752105,7,11404,2025,10,,,
625dc7abb8131d2815f078a28627a837277fdabb,DFW Airport,1760752230,Dallas,1760753682,2025-10-17,1760753682,1760761139,4,7457,2025,10,3.653071253071253,False,3.653071253071253
0ae2214225a6acb90d6f9f3644614d1e16b1a9b9,DFW Airport,1760751336,Dallas,1760753748,2025-10-17,1760753748,1760762391,11,8643,2025,10,3.653071253071253,False,3.653071253071253
0ae2214225a6acb90d6f9f3644614d1e16b1a9b9,DFW Airport,1760751336,Fort Worth,1760763876,2025-10-18,1760763876,1760803833,27,39957,2025,10,3.653071253071253,False,3.653071253071253
5b86dd082589ef6fb5d8607fa338775615689d3e,Dallas Love Field,1760725770,Irving,1760764709,2025-10-18,1760764709,1760789909,40,25200,2025,10,,,
4e156fbd3815e8e2852f79b1a14e653bbae2ef37,DFW Airport,1760706952,Grapevine,1760765350,2025-10-18,1760765350,1760812595,85,47245,2025,10,3.653071253071253,False,3.653071253071253
d385e2f90ce770aea8945f2453c3201e58a23b33,DFW Airport,1760757383,Plano,1760765386,2025-10-18,1760765386,1760794668,19,29282,2025,10,3.653071253071253,False,3.653071253071253
18be9e448638882b03249c1aad6969d5a262ade0,DFW Airport,1760732366,Fort Worth,1760765407,2025-10-18,1760765407,1760795308,64,29901,2025,10,3.653071253071253,False,3.653071253071253
fe27cb8550a4ba238510c5996e9d3321e099a603,DFW Airport,1760758769,Grapevine,1760765961,2025-10-18,1760765961,1760841626,10,75665,2025,10,3.653071253071253,False,3.653071253071253
fe27cb8550a4ba238510c5996e9d3321e099a603,DFW Airport,1760758769,Irving,1760766360,2025-10-18,1760766360,1760842160,27,75800,2025,10,3.653071253071253,False,3.653071253071253
2908ef303324a3780d25e6bf1cebb9bee49f0bb6,Dallas Love Field,1760753518,Melissa,1760766530,2025-10-18,1760766530,1760836116,23,69586,2025,10,,,
fe27cb8550a4ba238510c5996e9d3321e099a603,DFW Airport,1760758769,Dallas,1760766969,2025-10-18,1760766969,1760848303,76,81334,2025,10,3.653071253071253,False,3.653071253071253
7aaf6423b7e803286e12f23ba36d98559dd4c304,Dallas Love Field,1760729233,Grapevine,1760767323,2025-10-18,1760767323,1760808419,24,41096,2025,10,,,
884e132eb18d2617cb2f9eb2bf314424fff329bb,DFW Airport,1760768855,Grapevine,1760768901,2025-10-18,1760768901,1760789372,20,20471,2025,10,3.653071253071253,False,3.653071253071253
6e8917b173bb71d3111aa78fa50a11ba3c801cbb,Dallas Love Field,1760746626,Dallas,1760774629,2025-10-18,1760774629,1760814333,22,39704,2025,10,,,
1cd3a6e1035699d3cb01a258a59bad25713b3e35,DFW Airport,1760771597,Grapevine,1760776089,2025-10-18,1760776089,1760787546,5,11457,2025,10,3.653071253071253,False,3.653071253071253
a7699b89158e4469c54718d67fdf453f511fc870,DFW Airport,1760780465,Grapevine,1760780466,2025-10-18,1760780466,1760794953,106,14487,2025,10,3.653071253071253,False,3.653071253071253
de2af2f4a1cb890e83ecf529f5c83a97ea03ec63,DFW Airport,1760786641,Grapevine,1760786645,2025-10-18,1760786645,1760795526,14,8881,2025,10,3.653071253071253,False,3.653071253071253
25775a486fa1b8e04ecae97924615b7703de7ddb,DFW Airport,1760794391,Grapevine,1760794402,2025-10-18,1760794402,1760819388,7,24986,2025,10,3.653071253071253,False,3.653071253071253
d385e2f90ce770aea8945f2453c3201e58a23b33,DFW Airport,1760757383,Frisco,1760794770,2025-10-18,1760794770,1760830765,9,35995,2025,10,3.653071253071253,False,3.653071253071253
4e156fbd3815e8e2852f79b1a14e653bbae2ef37,DFW Airport,1760786967,Euless,1760795821,2025-10-18,1760795821,1760830555,36,34734,2025,10,3.653071253071253,False,3.653071253071253
68677adb083f25de746d2ee90c77cd20757edf20,DFW Airport,1760793497,Grapevine,1760802133,2025-10-18,1760802133,1760818568,9,16435,2025,10,3.653071253071253,False,3.653071253071253
0ae2214225a6acb90d6f9f3644614d1e16b1a9b9,DFW Airport,1760751336,Dallas,1760804806,2025-10-18,1760804806,1760826226,9,21420,2025,10,3.653071253071253,False,3.653071253071253
1069fdc1d85e6011b24c4bb66d346f45b1aa0059,Dallas Love Field,1760811560,Dallas,1760811601,2025-10-18,1760811601,1760822494,39,10893,2025,10,,,
6e8917b173bb71d3111aa78fa50a11ba3c801cbb,Dallas Love Field,1760738687,Frisco,1760815122,2025-10-18,1760815122,1760823061,10,7939,2025,10,,,
f6ea0bc9cfafafcb807244dab6c9b5b1bb6a7eee,Dallas Love Field,1760820857,Dallas,1760820867,2025-10-18,1760820867,1760831207,13,10340,2025,10,,,
f9db856521f3562107ba0e6dbf4488b756e094c3,Dallas Love Field,1760817693,Arlington,1760822791,2025-10-18,1760822791,1760846312,84,23521,2025,10,,,
053032079fb9a0e69d26da8adb5d3333d5ba69d2,Dallas Love Field,1760823017,Dallas,1760823084,2025-10-18,1760823084,1760841531,20,18447,2025,10,,,
b2a16a0d371c75b386603422685f282f3978d31c,Dallas Love Field,1760820990,Arlington,1760827446,2025-10-18,1760827446,1760849886,52,22440,2025,10,,,
b2a16a0d371c75b386603422685f282f3978d31c,Dallas Love Field,1760820990,Arlington,1760850550,2025-10-19,1760850550,1760859398,18,8848,2025,10,,,
ff0c9198d648d6d76d2f7243f394b99af416acc3,DFW Airport,1760838565,Grapevine,1760850558,2025-10-19,1760850558,1760912159,40,61601,2025,10,3.653071253071253,False,3.653071253071253
4e156fbd3815e8e2852f79b1a14e653bbae2ef37,DFW Airport,1760786967,Grapevine,1760851364,2025-10-19,1760851364,1760900218,47,48854,2025,10,3.653071253071253,False,3.653071253071253
fe27cb8550a4ba238510c5996e9d3321e099a603,DFW Airport,1760841334,Dallas,1760854347,2025-10-19,1760854347,1760885625,14,31278,2025,10,3.653071253071253,False,3.653071253071253
f9db856521f3562107ba0e6dbf4488b756e094c3,Dallas Love Field,1760817693,Fort Worth,1760859456,2025-10-19,1760859456,1760877820,26,18364,2025,10,,,
3e0a22b44ebb8d2720294a0442a7815cc7d23183,Dallas Love Field,1760863926,Dallas,1760864710,2025-10-19,1760864710,1760900069,14,35359,2025,10,,,
053032079fb9a0e69d26da8adb5d3333d5ba69d2,Dallas Love Field,1760823017,Irving,1760870274,2025-10-19,1760870274,1760894828,13,24554,2025,10,,,
053032079fb9a0e69d26da8adb5d3333d5ba69d2,Dallas Love Field,1760823017,Dallas,1760871962,2025-10-19,1760871962,1760930189,47,58227,2025,10,,,
4e156fbd3815e8e2852f79b1a14e653bbae2ef37,DFW Airport,1760874886,Euless,1760887765,2025-10-19,1760887765,1760915694,14,27929,2025,10,3.653071253071253,False,3.653071253071253
f9db856521f3562107ba0e6dbf4488b756e094c3,Dallas Love Field,1760817693,Arlington,1760888462,2025-10-19,1760888462,1760900607,34,12145,2025,10,,,
ff0c9198d648d6d76d2f7243f394b99af416acc3,DFW Airport,1760838565,Arlington,1760892553,2025-10-19,1760892553,1760910048,14,17495,2025,10,3.653071253071253,False,3.653071253071253
0d3c93071b809c29792072056fb0a0ca1801aaf3,Dallas Love Field,1760905296,Dallas,1760905322,2025-10-19,1760905322,1760927565,13,22243,2025,10,,,
6d1c4cecdd3d3b5f22f3caab0ec9dc335e4bb163,DFW Airport,1760910501,Grapevine,1760913924,2025-10-19,1760913924,1760929224,13,15300,2025,10,3.653071253071253,False,3.653071253071253
b659e273347be6eddb72a79af87049ffc63fa94d,DFW Airport,1760918181,Fort Worth,1760919601,2025-10-19,1760919601,1760934477,21,14876,2025,10,3.653071253071253,False,3.653071253071253
1a35416e42d24a2e8fdd43c9b276cdb4f3f3010a,DFW Airport,1760932927,Azle,1760936735,2025-10-20,1760936735,1760987991,33,51256,2025,10,3.653071253071253,False,3.653071253071253
b6c650dbbef0cd3aa6ebb7a03a5c214f0e7ee426,DFW Airport,1760928958,Irving,1760937326,2025-10-20,1760937326,1761022603,93,85277,2025,10,3.653071253071253,False,3.653071253071253
b659e273347be6eddb72a79af87049ffc63fa94d,DFW Airport,1760919601,Haltom City,1760940529,2025-10-20,1760940529,1760997358,22,56829,2025,10,3.653071253071253,False,3.653071253071253
b3412caf22cf1c3e66df8d537efc4f0acbcceb99,Dallas Love Field,1760919001,Granbury,1760940792,2025-10-20,1760940792,1760983781,10,42989,2025,10,,,
b659e273347be6eddb72a79af87049ffc63fa94d,DFW Airport,1760918181,Fort Worth,1760949917,2025-10-20,1760949917,1761000962,70,51045,2025,10,3.653071253071253,False,3.653071253071253
6d1c4cecdd3d3b5f22f3caab0ec9dc335e4bb163,DFW Airport,1760910501,Grapevine,1760958738,2025-10-20,1760958738,1760970716,12,11978,2025,10,3.653071253071253,False,3.653071253071253
4e156fbd3815e8e2852f79b1a14e653bbae2ef37,DFW Airport,1760874886,Grapevine,1760958897,2025-10-20,1760958897,1761010489,78,51592,2025,10,3.653071253071253,False,3.653071253071253
053032079fb9a0e69d26da8adb5d3333d5ba69d2,Dallas Love Field,1760929606,Dallas,1760961900,2025-10-20,1760961900,1761002505,46,40605,2025,10,,,
3d33e60902a973d77dd141a6bbd6940a348900a6,DFW Airport,1760971496,Grapevine,1760972770,2025-10-20,1760972770,1760980222,6,7452,2025,10,3.653071253071253,False,3.653071253071253
5bda1512720c6b7c08d6e1ee723f60ca7970fc3c,DFW Airport,1760973984,Grapevine,1760974051,2025-10-20,1760974051,1760982214,196,8163,2025,10,3.653071253071253,False,3.653071253071253
b6c650dbbef0cd3aa6ebb7a03a5c214f0e7ee426,DFW Airport,1760917505,Fort Worth,1760974085,2025-10-20,1760974085,1761020883,3,46798,2025,10,3.653071253071253,False,3.653071253071253
399c73bea63a82bc3c9b4c70451cce86071c8f0a,DFW Airport,1760974399,Grapevine,1760974449,2025-10-20,1760974449,1760991001,59,16552,2025,10,3.653071253071253,False,3.653071253071253
ef101fdf6b5e3f4bde81de1e5200cebee48a042a,Dallas Love Field,1760983904,Dallas,1760983961,2025-10-20,1760983961,1761017935,147,33974,2025,10,,,
b8aa59441b44961ec5d58ce92f78d4e19c37bf3f,Dallas Love Field,1760984653,Frisco,1760988202,2025-10-20,1760988202,1761009043,61,20841,2025,10,,,
fc4390da6bb9819eddfa14e1172e28f46e225156,DFW Airport,1760971208,Plano,1760992674,2025-10-20,1760992674,1761004130,7,11456,2025,10,3.653071253071253,False,3.653071253071253
7dbca9bd10330897a4729692e1a4e14580a71a86,DFW Airport,1761002143,Grapevine,1761003122,2025-10-20,1761003122,1761010706,24,7584,2025,10,3.653071253071253,False,3.653071253071253
bf5082f4971aeb1924e0bd5ec4774d792549e15e,DFW Airport,1760996541,Euless,1761004460,2025-10-20,1761004460,1761021096,4,16636,2025,10,3.653071253071253,False,3.653071253071253
1147b0f05f6a3e12c796fea5c0e3ed80555aadf3,DFW Airport,1761002053,Fort Worth,1761006115,2025-10-20,1761006115,1761016965,9,10850,2025,10,3.653071253071253,False,3.653071253071253
b8aa59441b44961ec5d58ce92f78d4e19c37bf3f,Dallas Love Field,1761004862,Little Elm,1761009316,2025-10-20,1761009316,1761019467,16,10151,2025,10,,,
68a32da111a7dea512601524c562feca2b67127e,DFW Airport,1761009211,Grapevine,1761009989,2025-10-20,1761009989,1761019555,8,9566,2025,10,3.653071253071253,False,3.653071253071253
b6c650dbbef0cd3aa6ebb7a03a5c214f0e7ee426,DFW Airport,1761006477,Irving,1761023167,2025-10-21,1761023167,1761071813,11,48646,2025,10,3.653071253071253,False,3.653071253071253
4e156fbd3815e8e2852f79b1a14e653bbae2ef37,DFW Airport,1760981767,Grapevine,1761023254,2025-10-21,1761023254,1761079134,128,55880,2025,10,3.653071253071253,False,3.653071253071253
b8aa59441b44961ec5d58ce92f78d4e19c37bf3f,Dallas Love Field,1761004862,Little Elm,1761023563,2025-10-21,1761023563,1761057070,52,33507,2025,10,,,
ef101fdf6b5e3f4bde81de1e5200cebee48a042a,Dallas Love Field,1760983904,Irving,1761024285,2025-10-21,1761024285,1761067636,146,43351,2025,10,,,
1147b0f05f6a3e12c796fea5c0e3ed80555aadf3,DFW Airport,1761006115,Fort Worth,1761029178,2025-10-21,1761029178,1761049283,16,20105,2025,10,3.653071253071253,False,3.653071253071253
bf5082f4971aeb1924e0bd5ec4774d792549e15e,DFW Airport,1760996541,Euless,1761029336,2025-10-21,1761029336,1761056737,10,27401,2025,10,3.653071253071253,False,3.653071253071253
1b487a46280d4e98631e2138df1c4dfdb774dd4a,Dallas Love Field,1760989695,Allen,1761042662,2025-10-21,1761042662,1761076496,31,33834,2025,10,,,
1b487a46280d4e98631e2138df1c4dfdb774dd4a,Dallas Love Field,1761041582,Lewisville,1761043174,2025-10-21,1761043174,1761075761,50,32587,2025,10,,,
bf5082f4971aeb1924e0bd5ec4774d792549e15e,DFW Airport,1760996541,Grapevine,1761055960,2025-10-21,1761055960,1761090557,41,34597,2025,10,3.653071253071253,False,3.653071253071253
4e156fbd3815e8e2852f79b1a14e653bbae2ef37,DFW Airport,1761052328,Fort Worth,1761057879,2025-10-21,1761057879,1761079892,18,22013,2025,10,3.653071253071253,False,3.653071253071253
4e156fbd3815e8e2852f79b1a14e653bbae2ef37,DFW Airport,1760981767,Euless,1761057990,2025-10-21,1761057990,1761104038,112,46048,2025,10,3.653071253071253,False,3.653071253071253
2ffdad8936c73c4c9311aa2823f72a6df9a08c1a,Dallas Love Field,1761058989,Dallas,1761059039,2025-10-21,1761059039,1761069260,24,10221,2025,10,,,
4e156fbd3815e8e2852f79b1a14e653bbae2ef37,DFW Airport,1760981767,Bedford,1761062889,2025-10-21,1761062889,1761088403,36,25514,2025,10,3.653071253071253,False,3.653071253071253
b8aa59441b44961ec5d58ce92f78d4e19c37bf3f,Dallas Love Field,1760984653,Southlake,1761062950,2025-10-21,1761062950,1761070407,16,7457,2025,10,,,
ea816f8d6280b0de2fdb6dff3bef4669cf2eb917,DFW Airport,1761067177,Grapevine,1761067188,2025-10-21,1761067188,1761084986,5,17798,2025,10,3.653071253071253,False,3.653071253071253
ef101fdf6b5e3f4bde81de1e5200cebee48a042a,Dallas Love Field,1760983904,Dallas,1761067682,2025-10-21,1761067682,1761106065,90,38383,2025,10,,,
d1250ccfe1ec7ede1f59146c0d3b8857e953b8fb,Dallas Love Field,1761076201,Dallas,1761076251,2025-10-21,1761076251,1761090009,42,13758,2025,10,,,
43fcf7c713a2fc4b58079b5bc8a3138497f7c35d,Dallas Love Field,1761075003,Dallas,1761077461,2025-10-21,1761077461,1761084821,5,7360,2025,10,,,
86987b06ac1954b82694a82bfe533826b3b0f946,DFW Airport,1761084359,Grapevine,1761087298,2025-10-21,1761087298,1761101369,11,14071,2025,10,3.653071253071253,False,3.653071253071253
86987b06ac1954b82694a82bfe533826b3b0f946,DFW Airport,1761098536,Arlington,1761109553,2025-10-22,1761109553,1761129711,32,20158,2025,10,3.653071253071253,False,3.653071253071253
86987b06ac1954b82694a82bfe533826b3b0f946,DFW Airport,1761098536,Grapevine,1761134755,2025-10-22,1761134755,1761169541,52,34786,2025,10,3.653071253071253,False,3.653071253071253
bf5082f4971aeb1924e0bd5ec4774d792549e15e,DFW Airport,1761086953,Euless,1761142879,2025-10-22,1761142879,1761189877,7,46998,2025,10,3.653071253071253,False,3.653071253071253
bf5082f4971aeb1924e0bd5ec4774d792549e15e,DFW Airport,1761086953,Grapevine,1761144164,2025-10-22,1761144164,1761183627,29,39463,2025,10,3.653071253071253,False,3.653071253071253
98a41c07fc0b4ae20f3f772553dae641dbe703d3,Dallas Love Field,1761149094,Dallas,1761149118,2025-10-22,1761149118,1761162277,4,13159,2025,10,,,
0267b8df8ff8d8b53b14a92da1db5bb4b27cb403,DFW Airport,1761177077,Irving,1761182666,2025-10-22,1761182666,1761194588,24,11922,2025,10,3.653071253071253,False,3.653071253071253
d9a64674e59619d4a13658a9933a6a6b7d0ed917,Dallas Love Field,1761184374,Plano,1761186377,2025-10-22,1761186377,1761193723,25,7346,2025,10,,,
0267b8df8ff8d8b53b14a92da1db5bb4b27cb403,DFW Airport,1761179093,Irving,1761195825,2025-10-23,1761195825,1761264726,47,68901,2025,10,3.653071253071253,False,3.653071253071253
d9a64674e59619d4a13658a9933a6a6b7d0ed917,Dallas Love Field,1761184374,Plano,1761196321,2025-10-23,1761196321,1761220433,34,24112,2025,10,,,
f900902e3d4d16a59ad1a96944fb50031fb7e0f8,DFW Airport,1761184156,Dalworthington Gardens,1761197006,2025-10-23,1761197006,1761267034,17,70028,2025,10,3.653071253071253,False,3.653071253071253
5ecb8d98d57aeb50872bb7724502109fd57e9404,DFW Airport,1761183205,Forney,1761198678,2025-10-23,1761198678,1761256346,44,57668,2025,10,3.653071253071253,False,3.653071253071253
f900902e3d4d16a59ad1a96944fb50031fb7e0f8,DFW Airport,1761184156,Fort Worth,1761218913,2025-10-23,1761218913,1761266470,40,47557,2025,10,3.653071253071253,False,3.653071253071253
d9a64674e59619d4a13658a9933a6a6b7d0ed917,Dallas Love Field,1761184374,Dallas,1761219548,2025-10-23,1761219548,1761227124,9,7576,2025,10,,,
5ead05431cc11eac5cf07a35d182f15f6b422c88,DFW Airport,1761219463,Grapevine,1761220453,2025-10-23,1761220453,1761235908,10,15455,2025,10,3.653071253071253,False,3.653071253071253
4e156fbd3815e8e2852f79b1a14e653bbae2ef37,DFW Airport,1761222157,Grapevine,1761222169,2025-10-23,1761222169,1761279680,41,57511,2025,10,3.653071253071253,False,3.653071253071253
bf5082f4971aeb1924e0bd5ec4774d792549e15e,DFW Airport,1761165893,Grapevine,1761222628,2025-10-23,1761222628,1761245048,13,22420,2025,10,3.653071253071253,False,3.653071253071253
0267b8df8ff8d8b53b14a92da1db5bb4b27cb403,DFW Airport,1761179093,Fort Worth,1761224343,2025-10-23,1761224343,1761260785,108,36442,2025,10,3.653071253071253,False,3.653071253071253
399c73bea63a82bc3c9b4c70451cce86071c8f0a,DFW Airport,1761230434,Grapevine,1761230447,2025-10-23,1761230447,1761239846,43,9399,2025,10,3.653071253071253,False,3.653071253071253
5bda1512720c6b7c08d6e1ee723f60ca7970fc3c,DFW Airport,1761230824,Grapevine,1761230923,2025-10-23,1761230923,1761239680,78,8757,2025,10,3.653071253071253,False,3.653071253071253
4e156fbd3815e8e2852f79b1a14e653bbae2ef37,DFW Airport,1761222157,Euless,1761233822,2025-10-23,1761233822,1761262918,111,29096,2025,10,3.653071253071253,False,3.653071253071253
f900902e3d4d16a59ad1a96944fb50031fb7e0f8,DFW Airport,1761184156,Arlington,1761235778,2025-10-23,1761235778,1761266683,7,30905,2025,10,3.653071253071253,False,3.653071253071253
4e7c7c4f82af5ceca982e5dee8be0ab3e6d216a1,Dallas Love Field,1761246126,The Colony,1761252044,2025-10-23,1761252044,1761280965,37,28921,2025,10,,,
4b259377c4f66df50f3dc7b5a2f08deb5159a597,DFW Airport,1761243376,Grand Prairie,1761253571,2025-10-23,1761253571,1761268345,4,14774,2025,10,3.653071253071253,False,3.653071253071253
0e6e10006903d1873c1cdd85a609db0b7721839b,Dallas Love Field,1761266438,Dallas,1761266455,2025-10-23,1761266455,1761276180,9,9725,2025,10,,,
e27c83b9baca25c49ed77ec35068b04f5bf890e6,Dallas Love Field,1761271774,Dallas,1761272398,2025-10-23,1761272398,1761279850,13,7452,2025,10,,,
1147b0f05f6a3e12c796fea5c0e3ed80555aadf3,DFW Airport,1761278669,Fort Worth,1761282687,2025-10-24,1761282687,1761290951,4,8264,2025,10,3.653071253071253,False,3.653071253071253
bf404f49f3805a1edbff9fc0c45d3ea2af2354e6,DFW Airport,1761274535,Grapevine,1761284181,2025-10-24,1761284181,1761311591,9,27410,2025,10,3.653071253071253,False,3.653071253071253
4e7c7c4f82af5ceca982e5dee8be0ab3e6d216a1,Dallas Love Field,1761246126,The Colony,1761284466,2025-10-24,1761284466,1761327329,26,42863,2025,10,,,
86987b06ac1954b82694a82bfe533826b3b0f946,DFW Airport,1761284524,Arlington,1761286179,2025-10-24,1761286179,1761302858,14,16679,2025,10,3.653071253071253,False,3.653071253071253
576f48062c5461e045cd50b7ef25c6d03a8ea093,Dallas Love Field,1761284699,Mesquite,1761286291,2025-10-24,1761286291,1761333306,44,47015,2025,10,,,
4e156fbd3815e8e2852f79b1a14e653bbae2ef37,DFW Airport,1761222157,Grapevine,1761289050,2025-10-24,1761289050,1761330590,38,41540,2025,10,3.653071253071253,False,3.653071253071253
4e156fbd3815e8e2852f79b1a14e653bbae2ef37,DFW Airport,1761308437,Euless,1761318188,2025-10-24,1761318188,1761351657,28,33469,2025,10,3.653071253071253,False,3.653071253071253
4e156fbd3815e8e2852f79b1a14e653bbae2ef37,DFW Airport,1761308437,North Richland Hills,1761320364,2025-10-24,1761320364,1761343972,25,23608,2025,10,3.653071253071253,False,3.653071253071253
4e156fbd3815e8e2852f79b1a14e653bbae2ef37,DFW Airport,1761308437,Hurst,1761337759,2025-10-24,1761337759,1761347539,14,9780,2025,10,3.653071253071253,False,3.653071253071253
16c26cae308286ee75941667482a55f68df500f3,DFW Airport,1761337294,Grapevine,1761338313,2025-10-24,1761338313,1761345852,5,7539,2025,10,3.653071253071253,False,3.653071253071253
4e156fbd3815e8e2852f79b1a14e653bbae2ef37,DFW Airport,1761308437,Grapevine,1761370146,2025-10-25,1761370146,1761417237,33,47091,2025,10,3.653071253071253,False,3.653071253071253
d385e2f90ce770aea8945f2453c3201e58a23b33,DFW Airport,1761362176,Plano,1761370176,2025-10-25,1761370176,1761435562,25,65386,2025,10,3.653071253071253,False,3.653071253071253
1073798d438e4dca655ac4b66f92935b647ac9b7,Dallas Love Field,1761364527,Plano,1761370514,2025-10-25,1761370514,1761418451,8,47937,2025,10,,,
de2af2f4a1cb890e83ecf529f5c83a97ea03ec63,DFW Airport,1761372544,Grapevine,1761372549,2025-10-25,1761372549,1761400367,44,27818,2025,10,3.653071253071253,False,3.653071253071253
884e132eb18d2617cb2f9eb2bf314424fff329bb,DFW Airport,1761373633,Grapevine,1761373645,2025-10-25,1761373645,1761394162,37,20517,2025,10,3.653071253071253,False,3.653071253071253
015951e5771a4d5d4c89a4cca2d5359c0372ee36,Dallas Love Field,1761353840,Fort Worth,1761391201,2025-10-25,1761391201,1761429222,43,38021,2025,10,,,
bb3eced4305cfc760e2c49b2dd88a991e05072af,DFW Airport,1761392550,Grapevine,1761392554,2025-10-25,1761392554,1761399802,85,7248,2025,10,3.653071253071253,False,3.653071253071253
d385e2f90ce770aea8945f2453c3201e58a23b33,DFW Airport,1761362176,Frisco,1761399554,2025-10-25,1761399554,1761429159,4,29605,2025,10,3.653071253071253,False,3.653071253071253
11a4cbb797f6baf8500549bf286b018f040c55df,Dallas Love Field,1761350987,Plano,1761406503,2025-10-25,1761406503,1761432944,10,26441,2025,10,,,
ff2ce03d91d6ba08d499f5dab9944415ed193984,Dallas Love Field,1761413431,Dallas,1761414131,2025-10-25,1761414131,1761430693,13,16562,2025,10,,,
4e156fbd3815e8e2852f79b1a14e653bbae2ef37,DFW Airport,1761417139,Euless,1761418921,2025-10-25,1761418921,1761431868,17,12947,2025,10,3.653071253071253,False,3.653071253071253
97e80281d39861684febfc09f7e5b3f0ec8f268e,DFW Airport,1761361671,Fort Worth,1761420111,2025-10-25,1761420111,1761439827,15,19716,2025,10,3.653071253071253,False,3.653071253071253
97e80281d39861684febfc09f7e5b3f0ec8f268e,DFW Airport,1761361671,Mansfield,1761421900,2025-10-25,1761421900,1761435961,6,14061,2025,10,3.653071253071253,False,3.653071253071253
b2a16a0d371c75b386603422685f282f3978d31c,Dallas Love Field,1761425821,Arlington,1761432186,2025-10-25,1761432186,1761454672,49,22486,2025,10,,,
f35bb82aded576dc9b74b9cb38aefc8ca5e97df9,DFW Airport,1761441431,Godley,1761447058,2025-10-25,1761447058,1761454369,5,7311,2025,10,3.653071253071253,False,3.653071253071253
b2a16a0d371c75b386603422685f282f3978d31c,Dallas Love Field,1761439058,Arlington,1761455340,2025-10-26,1761455340,1761464184,16,8844,2025,10,,,
ff0c9198d648d6d76d2f7243f394b99af416acc3,DFW Airport,1761443369,Grapevine,1761455356,2025-10-26,1761455356,1761516948,25,61592,2025,10,3.653071253071253,False,3.653071253071253
f35bb82aded576dc9b74b9cb38aefc8ca5e97df9,DFW Airport,1761441431,Godley,1761473775,2025-10-26,1761473775,1761524402,7,50627,2025,10,3.653071253071253,False,3.653071253071253
54594fdd75cfb9462a29a1e8f8f218ce92c00bf6,DFW Airport,1761490457,Grapevine,1761490460,2025-10-26,1761490460,1761499128,3,8668,2025,10,3.653071253071253,False,3.653071253071253
58132ddd20a849983680827b80abb31914f56486,Dallas Love Field,1761487583,Granbury,1761492312,2025-10-26,1761492312,1761540590,42,48278,2025,10,,,
430e8d639aff228fc039528ff8ffe1e3e4993298,Dallas Love Field,1761498804,Dallas,1761499950,2025-10-26,1761499950,1761525740,11,25790,2025,10,,,
909fbccacdb08cfff3ddfea65a320e8bcf9fbbe3,Dallas Love Field,1761492810,Irving,1761500319,2025-10-26,1761500319,1761514095,14,13776,2025,10,,,
6d1c4cecdd3d3b5f22f3caab0ec9dc335e4bb163,DFW Airport,1761508102,Grapevine,1761508260,2025-10-26,1761508260,1761522684,21,14424,2025,10,3.653071253071253,False,3.653071253071253
afddb67359b645d7a09f69b3f1cab40645401e92,DFW Airport,1761512867,Grapevine,1761512898,2025-10-26,1761512898,1761532468,12,19570,2025,10,3.653071253071253,False,3.653071253071253
cbe544b562168b35a2bb4a00d3db4cef502fe7c1,Dallas Love Field,1761495068,Southlake,1761517616,2025-10-26,1761517616,1761540035,14,22419,2025,10,,,
89808122e589f6af288fd67a642edd09100868ef,Dallas Love Field,1761528819,Lewisville,1761531358,2025-10-26,1761531358,1761540469,44,9111,2025,10,,,
1a35416e42d24a2e8fdd43c9b276cdb4f3f3010a,DFW Airport,1761537686,Azle,1761541619,2025-10-27,1761541619,1761592735,15,51116,2025,10,3.653071253071253,False,3.653071253071253
89808122e589f6af288fd67a642edd09100868ef,Dallas Love Field,1761528819,Lewisville,1761541655,2025-10-27,1761541655,1761614607,63,72952,2025,10,,,
58132ddd20a849983680827b80abb31914f56486,Dallas Love Field,1761525065,Granbury,1761545252,2025-10-27,1761545252,1761559589,24,14337,2025,10,,,
cbe544b562168b35a2bb4a00d3db4cef502fe7c1,Dallas Love Field,1761527827,Southlake,1761547016,2025-10-27,1761547016,1761596522,33,49506,2025,10,,,
42fe31b4cb78b4a93a833149b7875f8898535822,DFW Airport,1761559618,Rendon,1761560474,2025-10-27,1761560474,1761624987,33,64513,2025,10,3.653071253071253,False,3.653071253071253
cc6acc7e1a8d1eede6d567eedad2d3523477aa2a,DFW Airport,1761563342,Grapevine,1761563343,2025-10-27,1761563343,1761576168,18,12825,2025,10,3.653071253071253,False,3.653071253071253
c349c20e3601e060e81e7b4ec8b7cab4167893f7,DFW Airport,1761575080,Grapevine,1761575134,2025-10-27,1761575134,1761583389,9,8255,2025,10,3.653071253071253,False,3.653071253071253
89808122e589f6af288fd67a642edd09100868ef,Dallas Love Field,1761528819,The Colony,1761577025,2025-10-27,1761577025,1761611458,7,34433,2025,10,,,
89808122e589f6af288fd67a642edd09100868ef,Dallas Love Field,1761528819,Carrollton,1761577335,2025-10-27,1761577335,1761610413,9,33078,2025,10,,,
89808122e589f6af288fd67a642edd09100868ef,Dallas Love Field,1761528819,Hickory Creek,1761577864,2025-10-27,1761577864,1761600484,3,22620,2025,10,,,
89808122e589f6af288fd67a642edd09100868ef,Dallas Love Field,1761528819,Corinth,1761578013,2025-10-27,1761578013,1761600392,30,22379,2025,10,,,
42fe31b4cb78b4a93a833149b7875f8898535822,DFW Airport,1761559618,Fort Worth,1761583032,2025-10-27,1761583032,1761608084,8,25052,2025,10,3.653071253071253,False,3.653071253071253
42fe31b4cb78b4a93a833149b7875f8898535822,DFW Airport,1761559618,Arlington,1761583627,2025-10-27,1761583627,1761609887,25,26260,2025,10,3.653071253071253,False,3.653071253071253
42fe31b4cb78b4a93a833149b7875f8898535822,DFW Airport,1761559618,Dalworthington Gardens,1761586264,2025-10-27,1761586264,1761607857,16,21593,2025,10,3.653071253071253,False,3.653071253071253
4e156fbd3815e8e2852f79b1a14e653bbae2ef37,DFW Airport,1761587231,Grapevine,1761587241,2025-10-27,1761587241,1761614328,42,27087,2025,10,3.653071253071253,False,3.653071253071253
c1d2536229e3cde24b4c22c66fe4c66d6bce3533,Dallas Love Field,1761585942,Dallas,1761588342,2025-10-27,1761588342,1761596669,6,8327,2025,10,,,
a8fedd55adbac5ea45911c31ad61bc2ae1fbf29a,DFW Airport,1761589742,Grapevine,1761589791,2025-10-27,1761589791,1761602338,9,12547,2025,10,3.653071253071253,False,3.653071253071253
b8aa59441b44961ec5d58ce92f78d4e19c37bf3f,Dallas Love Field,1761589494,Frisco,1761592986,2025-10-27,1761592986,1761613728,96,20742,2025,10,,,
ef101fdf6b5e3f4bde81de1e5200cebee48a042a,Dallas Love Field,1761596201,Dallas,1761596202,2025-10-27,1761596202,1761622615,21,26413,2025,10,,,
ff49eba06259662670bb7c83f750fc708dae95b6,DFW Airport,1761599511,Grapevine,1761599628,2025-10-27,1761599628,1761609039,4,9411,2025,10,3.653071253071253,False,3.653071253071253
2c8b481ac0cc116e451f31b4df26ddd265db298e,DFW Airport,1761609892,Grapevine,1761611294,2025-10-27,1761611294,1761627482,11,16188,2025,10,3.653071253071253,False,3.653071253071253
b8aa59441b44961ec5d58ce92f78d4e19c37bf3f,Dallas Love Field,1761589494,Little Elm,1761613800,2025-10-27,1761613800,1761624299,22,10499,2025,10,,,
ef101fdf6b5e3f4bde81de1e5200cebee48a042a,Dallas Love Field,1761596201,Irving,1761629081,2025-10-28,1761629081,1761672401,36,43320,2025,10,,,
42fe31b4cb78b4a93a833149b7875f8898535822,DFW Airport,1761609870,Rendon,1761629766,2025-10-28,1761629766,1761644514,32,14748,2025,10,3.653071253071253,False,3.653071253071253
b8aa59441b44961ec5d58ce92f78d4e19c37bf3f,Dallas Love Field,1761589494,Little Elm,1761633181,2025-10-28,1761633181,1761661915,42,28734,2025,10,,,
60ded06e816df841678eaa538e66e752a8b64121,DFW Airport,1761619489,Coppell,1761635373,2025-10-28,1761635373,1761693056,18,57683,2025,10,3.653071253071253,False,3.653071253071253
4e156fbd3815e8e2852f79b1a14e653bbae2ef37,DFW Airport,1761587231,Grapevine,1761635556,2025-10-28,1761635556,1761683937,35,48381,2025,10,3.653071253071253,False,3.653071253071253
ff49eba06259662670bb7c83f750fc708dae95b6,DFW Airport,1761599511,Grapevine,1761653842,2025-10-28,1761653842,1761691314,27,37472,2025,10,3.653071253071253,False,3.653071253071253
b8aa59441b44961ec5d58ce92f78d4e19c37bf3f,Dallas Love Field,1761589494,Southlake,1761667683,2025-10-28,1761667683,1761675239,20,7556,2025,10,,,
4e156fbd3815e8e2852f79b1a14e653bbae2ef37,DFW Airport,1761666581,Bedford,1761667752,2025-10-28,1761667752,1761691490,29,23738,2025,10,3.653071253071253,False,3.653071253071253
99911e1f4c92f23c5b1136ff488a97bf44b4bd7c,Dallas Love Field,1761666615,Dallas,1761668055,2025-10-28,1761668055,1761676114,2,8059,2025,10,,,
a4ca2717429be503f95b02a93eb62f10538396f8,DFW Airport,1761668454,Grapevine,1761668778,2025-10-28,1761668778,1761679755,5,10977,2025,10,3.653071253071253,False,3.653071253071253
ff49eba06259662670bb7c83f750fc708dae95b6,DFW Airport,1761599511,Fort Worth,1761670895,2025-10-28,1761670895,1761691282,7,20387,2025,10,3.653071253071253,False,3.653071253071253
4e156fbd3815e8e2852f79b1a14e653bbae2ef37,DFW Airport,1761666581,Euless,1761672313,2025-10-28,1761672313,1761708770,96,36457,2025,10,3.653071253071253,False,3.653071253071253
ef101fdf6b5e3f4bde81de1e5200cebee48a042a,Dallas Love Field,1761596201,Dallas,1761672789,2025-10-28,1761672789,1761695505,25,22716,2025,10,,,
d3915bb40bce49ccb4d7b54b5e442e5340a40635,DFW Airport,1761676434,Grapevine,1761677191,2025-10-28,1761677191,1761703419,16,26228,2025,10,3.653071253071253,False,3.653071253071253
d3915bb40bce49ccb4d7b54b5e442e5340a40635,DFW Airport,1761676434,Arlington,1761683058,2025-10-28,1761683058,1761705036,24,21978,2025,10,3.653071253071253,False,3.653071253071253
d3915bb40bce49ccb4d7b54b5e442e5340a40635,DFW Airport,1761676434,Irving,1761685665,2025-10-28,1761685665,1761695588,19,9923,2025,10,3.653071253071253,False,3.653071253071253
2bd39089c9edb7aac4cdfb99df044136c6d176d9,DFW Airport,1761669566,Terrell,1761687863,2025-10-28,1761687863,1761713437,14,25574,2025,10,3.653071253071253,False,3.653071253071253
0ac8db5a17c19541b87038668a127eea9990431c,Dallas Love Field,1761689356,Dallas,1761689376,2025-10-28,1761689376,1761709944,75,20568,2025,10,,,
5b9b8a24971b8792725b13d49cfd15fa1239b0cb,DFW Airport,1761683668,Dallas,1761689392,2025-10-28,1761689392,1761712981,18,23589,2025,10,3.653071253071253,False,3.653071253071253
254e4bdb0821475d1aca06cc97c27a041537e4b8,DFW Airport,1761713451,Euless,1761715280,2025-10-29,1761715280,1761739739,7,24459,2025,10,3.653071253071253,False,3.653071253071253
0ac8db5a17c19541b87038668a127eea9990431c,Dallas Love Field,1761689356,Dallas,1761715329,2025-10-29,1761715329,1761775912,14,60583,2025,10,,,
254e4bdb0821475d1aca06cc97c27a041537e4b8,DFW Airport,1761713451,Irving,1761715725,2025-10-29,1761715725,1761739411,6,23686,2025,10,3.653071253071253,False,3.653071253071253
5b9b8a24971b8792725b13d49cfd15fa1239b0cb,DFW Airport,1761683668,Dallas,1761716672,2025-10-29,1761716672,1761756470,24,39798,2025,10,3.653071253071253,False,3.653071253071253
d3915bb40bce49ccb4d7b54b5e442e5340a40635,DFW Airport,1761676434,Arlington,1761720201,2025-10-29,1761720201,1761789447,18,69246,2025,10,3.653071253071253,False,3.653071253071253
2bd39089c9edb7aac4cdfb99df044136c6d176d9,DFW Airport,1761707753,Terrell,1761724705,2025-10-29,1761724705,1761738447,10,13742,2025,10,3.653071253071253,False,3.653071253071253
ff49eba06259662670bb7c83f750fc708dae95b6,DFW Airport,1761680249,Fort Worth,1761725621,2025-10-29,1761725621,1761781592,42,55971,2025,10,3.653071253071253,False,3.653071253071253
053032079fb9a0e69d26da8adb5d3333d5ba69d2,Dallas Love Field,1761739503,Dallas,1761739530,2025-10-29,1761739530,1761786946,12,47416,2025,10,,,
2bd39089c9edb7aac4cdfb99df044136c6d176d9,DFW Airport,1761707753,Dallas,1761739889,2025-10-29,1761739889,1761753488,8,13599,2025,10,3.653071253071253,False,3.653071253071253
ff49eba06259662670bb7c83f750fc708dae95b6,DFW Airport,1761680249,Grapevine,1761740572,2025-10-29,1761740572,1761775328,19,34756,2025,10,3.653071253071253,False,3.653071253071253
2bd39089c9edb7aac4cdfb99df044136c6d176d9,DFW Airport,1761707753,Irving,1761740835,2025-10-29,1761740835,1761752089,6,11254,2025,10,3.653071253071253,False,3.653071253071253
d3915bb40bce49ccb4d7b54b5e442e5340a40635,DFW Airport,1761676434,Grapevine,1761741098,2025-10-29,1761741098,1761767473,51,26375,2025,10,3.653071253071253,False,3.653071253071253
2bd39089c9edb7aac4cdfb99df044136c6d176d9,DFW Airport,1761669566,Grapevine,1761741315,2025-10-29,1761741315,1761751077,20,9762,2025,10,3.653071253071253,False,3.653071253071253
bf5082f4971aeb1924e0bd5ec4774d792549e15e,DFW Airport,1761691747,Euless,1761747773,2025-10-29,1761747773,1761794671,7,46898,2025,10,3.653071253071253,False,3.653071253071253
bf5082f4971aeb1924e0bd5ec4774d792549e15e,DFW Airport,1761691747,Grapevine,1761748953,2025-10-29,1761748953,1761788407,45,39454,2025,10,3.653071253071253,False,3.653071253071253
e50f9d06fdfc4776e12411af5e22bfe4689a923b,Dallas Love Field,1761749073,Fort Worth,1761752462,2025-10-29,1761752462,1761760347,7,7885,2025,10,,,
14ba772d8eceb78a6b307796d30164e5f524bc4b,DFW Airport,1761754943,Grapevine,1761755875,2025-10-29,1761755875,1761787702,12,31827,2025,10,3.653071253071253,False,3.653071253071253
e50f9d06fdfc4776e12411af5e22bfe4689a923b,Dallas Love Field,1761749073,Denton,1761761254,2025-10-29,1761761254,1761783865,13,22611,2025,10,,,
d3915bb40bce49ccb4d7b54b5e442e5340a40635,DFW Airport,1761763133,Grand Prairie,1761764852,2025-10-29,1761764852,1761780208,8,15356,2025,10,3.653071253071253,False,3.653071253071253
d3915bb40bce49ccb4d7b54b5e442e5340a40635,DFW Airport,1761763133,Irving,1761765847,2025-10-29,1761765847,1761789412,51,23565,2025,10,3.653071253071253,False,3.653071253071253
7a77e7b23039703443a0f7b5db45d1f6f7749db9,DFW Airport,1761767984,Grapevine,1761768016,2025-10-29,1761768016,1761777365,5,9349,2025,10,3.653071253071253,False,3.653071253071253
5845066fae8de769dea552b4f3b9e14070f3fbd3,DFW Airport,1761768132,Grapevine,1761771909,2025-10-29,1761771909,1761779490,8,7581,2025,10,3.653071253071253,False,3.653071253071253
52effb67c1f0abd08a5d31d8f57fa81ce07edc88,DFW Airport,1761789922,Dallas,1761800441,2025-10-30,1761800441,1761872082,102,71641,2025,10,3.653071253071253,False,3.653071253071253
f900902e3d4d16a59ad1a96944fb50031fb7e0f8,DFW Airport,1761788955,Dalworthington Gardens,1761801783,2025-10-30,1761801783,1761871839,23,70056,2025,10,3.653071253071253,False,3.653071253071253
ccce7e908ea0d6648b60368b16775a2c39b696d0,DFW Airport,1761791021,Bedford,1761812183,2025-10-30,1761812183,1761841908,18,29725,2025,10,3.653071253071253,False,3.653071253071253
468728ad23c8e0b824c989e5cbe81e37a0d6c978,Dallas Love Field,1761810475,Irving,1761816726,2025-10-30,1761816726,1761835017,6,18291,2025,10,,,
bd358b40033d3acf47a19157820ab5f7f550a49b,Dallas Love Field,1761822402,Dallas,1761822739,2025-10-30,1761822739,1761858504,10,35765,2025,10,,,
bf5082f4971aeb1924e0bd5ec4774d792549e15e,DFW Airport,1761770687,Grapevine,1761827421,2025-10-30,1761827421,1761839379,9,11958,2025,10,3.653071253071253,False,3.653071253071253
b4b145a078fdb2ccd1ba148cbf5984356ac8306e,Dallas Love Field,1761833272,Dallas,1761833281,2025-10-30,1761833281,1761873238,28,39957,2025,10,,,
f900902e3d4d16a59ad1a96944fb50031fb7e0f8,DFW Airport,1761788955,Fort Worth,1761840917,2025-10-30,1761840917,1761871278,37,30361,2025,10,3.653071253071253,False,3.653071253071253
bd358b40033d3acf47a19157820ab5f7f550a49b,Dallas Love Field,1761822402,Carrollton,1761847095,2025-10-30,1761847095,1761862300,26,15205,2025,10,,,
4b259377c4f66df50f3dc7b5a2f08deb5159a597,DFW Airport,1761848173,Grapevine,1761848184,2025-10-30,1761848184,1761867739,3,19555,2025,10,3.653071253071253,False,3.653071253071253
a544daf3bb665fb36bba1a5bae97448161164836,DFW Airport,1761854018,Grapevine,1761855251,2025-10-30,1761855251,1761880605,14,25354,2025,10,3.653071253071253,False,3.653071253071253
3be7db3c6dd436eb6ac451182e3b83deb5f1258f,DFW Airport,1761855307,Grapevine,1761855309,2025-10-30,1761855309,1761878870,181,23561,2025,10,3.653071253071253,False,3.653071253071253
133520c3bd48211a55f1c4c3a83df9a33572bac8,DFW Airport,1761857648,Grapevine,1761858262,2025-10-30,1761858262,1761884816,22,26554,2025,10,3.653071253071253,False,3.653071253071253
053032079fb9a0e69d26da8adb5d3333d5ba69d2,Dallas Love Field,1761859652,Dallas,1761859694,2025-10-30,1761859694,1761880350,16,20656,2025,10,,,
1be85b1620a0caf77052ce9d651bef49e70e3997,DFW Airport,1761787803,Grapevine,1761869926,2025-10-30,1761869926,1761880538,129,10612,2025,10,3.653071253071253,False,3.653071253071253
053032079fb9a0e69d26da8adb5d3333d5ba69d2,Dallas Love Field,1761878111,Irving,1761887056,2025-10-31,1761887056,1761931278,10,44222,2025,10,,,
a544daf3bb665fb36bba1a5bae97448161164836,DFW Airport,1761854018,North Richland Hills,1761899590,2025-10-31,1761899590,1761937486,12,37896,2025,10,3.653071253071253,False,3.653071253071253
71de0b2240d804dc690c0768f4ec8b93dccf0efe,DFW Airport,1761912856,Grapevine,1761912872,2025-10-31,1761912872,1761922592,6,9720,2025,10,3.653071253071253,False,3.653071253071253
c0bbad0f6fc2c21f8c161ec837cad884fceb45e3,DFW Airport,1761837816,Dalworthington Gardens,1761915691,2025-10-31,1761915691,1761925244,16,9553,2025,10,3.653071253071253,False,3.653071253071253
053032079fb9a0e69d26da8adb5d3333d5ba69d2,Dallas Love Field,1761859652,Dallas,1761915943,2025-10-31,1761915943,1761966972,18,51029,2025,10,,,
a544daf3bb665fb36bba1a5bae97448161164836,DFW Airport,1761854018,Grapevine,1761918470,2025-10-31,1761918470,1761972591,46,54121,2025,10,3.653071253071253,False,3.653071253071253
edde5e4e65f4ee36512c59b15cff87773ff011b9,DFW Airport,1761922016,Grapevine,1761922018,2025-10-31,1761922018,1761934458,10,12440,2025,10,3.653071253071253,False,3.653071253071253
3be7db3c6dd436eb6ac451182e3b83deb5f1258f,DFW Airport,1761855307,Grapevine,1761922089,2025-10-31,1761922089,1761951179,104,29090,2025,10,3.653071253071253,False,3.653071253071253
4e156fbd3815e8e2852f79b1a14e653bbae2ef37,DFW Airport,1761905391,Euless,1761922985,2025-10-31,1761922985,1761956429,43,33444,2025,10,3.653071253071253,False,3.653071253071253
42b7ec2c39b0f05410932ae4ba80fe82ef162e68,Dallas Love Field,1761927129,Dallas,1761927294,2025-10-31,1761927294,1761955307,5,28013,2025,10,,,
fd1be942e9857a6662b516dff48e9fa3eb59401d,Dallas Love Field,1761929266,Dallas,1761929702,2025-10-31,1761929702,1761940006,18,10304,2025,10,,,
b1fe7ece660c3306b8fae0bbcdd5f7b677e10d02,DFW Airport,1761928636,Dallas,1761931217,2025-10-31,1761931217,1761950930,5,19713,2025,10,3.653071253071253,False,3.653071253071253
33ac4c6149fcb34b06d531389dc7a3f4e820acdf,DFW Airport,1761933218,Grapevine,1761935508,2025-10-31,1761935508,1761946646,13,11138,2025,10,3.653071253071253,False,3.653071253071253
4e156fbd3815e8e2852f79b1a14e653bbae2ef37,DFW Airport,1761905391,Hurst,1761942552,2025-10-31,1761942552,1761952329,11,9777,2025,10,3.653071253071253,False,3.653071253071253
4241602f6687c855535e994a3dadf3a082d5c7b6,Dallas Love Field,1761941651,Dallas,1761943501,2025-10-31,1761943501,1761971693,31,28192,2025,10,,,
61c82ada6622bd0eac37def80a5350ee32006f46,DFW Airport,1761954336,Grapevine,1761954514,2025-10-31,1761954514,1761964403,28,9889,2025,10,3.653071253071253,False,3.653071253071253
7126d0a772389cfc3ee7c01e3897407b2e034a7f,DFW Airport,1761970294,Arlington,1761974639,2025-11-01,1761974639,1762040562,34,65923,2025,11,2.922554890219561,False,2.922554890219561
4241602f6687c855535e994a3dadf3a082d5c7b6,Dallas Love Field,1761955866,Dallas,1761975761,2025-11-01,1761975761,1762022826,30,47065,2025,11,,,
a544daf3bb665fb36bba1a5bae97448161164836,DFW Airport,1761919486,North Richland Hills,1761976189,2025-11-01,1761976189,1762003694,15,27505,2025,10,3.653071253071253,False,3.653071253071253
de2af2f4a1cb890e83ecf529f5c83a97ea03ec63,DFW Airport,1761983467,Grapevine,1761983471,2025-11-01,1761983471,1762005168,33,21697,2025,11,2.922554890219561,False,2.922554890219561
e88f45865c061bb117e20e0ca80bf9c792fb770a,DFW Airport,1762000295,Grapevine,1762000307,2025-11-01,1762000307,1762022840,6,22533,2025,11,2.922554890219561,False,2.922554890219561
9c7611f88a05f452514ef342181d75eb9f83c4be,DFW Airport,1761948145,Grapevine,1762005793,2025-11-01,1762005793,1762038353,11,32560,2025,10,3.653071253071253,False,3.653071253071253
a53f7c159471e43b9010e39ab5dfc59e7e4a83cd,DFW Airport,1761946741,Grapevine,1762010408,2025-11-01,1762010408,1762030249,24,19841,2025,10,3.653071253071253,False,3.653071253071253
56d9d4825815c0bcf109874cc8e5a3a606f61842,Dallas Love Field,1762005543,Seagoville,1762012322,2025-11-01,1762012322,1762052992,75,40670,2025,11,,,
1d8d0ace29213220a4fe3fff07713299a8fb42c6,DFW Airport,1762011800,Grapevine,1762014171,2025-11-01,1762014171,1762022792,4,8621,2025,11,2.922554890219561,False,2.922554890219561
33ac4c6149fcb34b06d531389dc7a3f4e820acdf,DFW Airport,1761933218,Grapevine,1762014991,2025-11-01,1762014991,1762046739,20,31748,2025,10,3.653071253071253,False,3.653071253071253
551b373f175a2e55743566b0836c4ee70009dbad,DFW Airport,1762012066,North Richland Hills,1762016749,2025-11-01,1762016749,1762038859,21,22110,2025,11,2.922554890219561,False,2.922554890219561
8db87df942e9e69f57de2b0c0b689ca3b7662fe6,Dallas Love Field,1762012368,Heartland,1762018209,2025-11-01,1762018209,1762037414,3,19205,2025,11,,,
ff2ce03d91d6ba08d499f5dab9944415ed193984,Dallas Love Field,1762020182,Dallas,1762020230,2025-11-01,1762020230,1762035479,28,15249,2025,11,,,
6bad6174697d4967d341193272fddb7bddb5dc9d,DFW Airport,1762019926,Plano,1762026754,2025-11-01,1762026754,1762054727,9,27973,2025,11,2.922554890219561,False,2.922554890219561
52effb67c1f0abd08a5d31d8f57fa81ce07edc88,DFW Airport,1762028110,Grapevine,1762028113,2025-11-01,1762028113,1762048437,56,20324,2025,11,2.922554890219561,False,2.922554890219561
8433fe85030f35902e3d579ff8cd10fe824e084e,Dallas Love Field,1762030864,Dallas,1762030905,2025-11-01,1762030905,1762039238,5,8333,2025,11,,,
0ac8db5a17c19541b87038668a127eea9990431c,Dallas Love Field,1762035976,Dallas,1762036043,2025-11-01,1762036043,1762045963,18,9920,2025,11,,,
b2364a199866403d682d25d64e3213f33ecc5f31,DFW Airport,1762039624,Grapevine,1762039686,2025-11-01,1762039686,1762048122,20,8436,2025,11,2.922554890219561,False,2.922554890219561
f53abcc1174ffd68d455a2779c10f5dd9bb5fe23,DFW Airport,1762043180,Southlake,1762044029,2025-11-01,1762044029,1762051523,6,7494,2025,11,2.922554890219561,False,2.922554890219561
a05fa8d1036af7b55be07c00a56a21ff7e6b3855,Dallas Love Field,1762043139,Allen,1762061236,2025-11-02,1762061236,1762112254,16,51018,2025,11,,,
c346329d535f564676a4a484a7aa255d0a1e7944,DFW Airport,1762045603,Fort Worth,1762064229,2025-11-02,1762064229,1762079667,4,15438,2025,11,2.922554890219561,False,2.922554890219561
6bad6174697d4967d341193272fddb7bddb5dc9d,DFW Airport,1762019926,Plano,1762067890,2025-11-02,1762067890,1762102875,30,34985,2025,11,2.922554890219561,False,2.922554890219561
d3d9e73679b5158d2614d914d4177b72c7512729,DFW Airport,1762089852,Dallas,1762090238,2025-11-02,1762090238,1762149347,124,59109,2025,11,2.922554890219561,False,2.922554890219561
e1cab52d2690d1da450d8c4cc03310680efdbb3d,DFW Airport,1762088559,Wylie,1762090837,2025-11-02,1762090837,1762120466,8,29629,2025,11,2.922554890219561,False,2.922554890219561
2a62f2864fd1647bdd0e7ddc1d6cbe98e0b9b275,Dallas Love Field,1762090897,Dallas,1762091170,2025-11-02,1762091170,1762144254,53,53084,2025,11,,,
66ba01519a6a3fe8ec2f5746ea4f6b25441610d5,DFW Airport,1762089836,Irving,1762091772,2025-11-02,1762091772,1762116960,17,25188,2025,11,2.922554890219561,False,2.922554890219561
5dcb70bb58873c9586fde941d514e7c12f5bb7e3,DFW Airport,1762091329,Grapevine,1762091882,2025-11-02,1762091882,1762114877,19,22995,2025,11,2.922554890219561,False,2.922554890219561
b023c26b5afbbfefaee9ac2eacf39cf3dd6649b4,Dallas Love Field,1762088774,McKinney,1762092300,2025-11-02,1762092300,1762127032,18,34732,2025,11,,,
66ba01519a6a3fe8ec2f5746ea4f6b25441610d5,DFW Airport,1762089836,Farmers Branch,1762092483,2025-11-02,1762092483,1762103159,9,10676,2025,11,2.922554890219561,False,2.922554890219561
e1cab52d2690d1da450d8c4cc03310680efdbb3d,DFW Airport,1762088559,Dallas,1762101267,2025-11-02,1762101267,1762116478,3,15211,2025,11,2.922554890219561,False,2.922554890219561
308033ce0d9fc4d8800572604a3c99af173da393,DFW Airport,1762103913,Grapevine,1762103940,2025-11-02,1762103940,1762136461,28,32521,2025,11,2.922554890219561,False,2.922554890219561
312022a1abda6e4164fae5fcdc505bf0efc35d19,DFW Airport,1762097851,Keller,1762110516,2025-11-02,1762110516,1762127021,2,16505,2025,11,2.922554890219561,False,2.922554890219561
a588bd80a781f5a233abc8cf0d68ae87d2fc6c3d,DFW Airport,1762107656,Fort Worth,1762110908,2025-11-02,1762110908,1762123919,9,13011,2025,11,2.922554890219561,False,2.922554890219561
bca89ac81c6fb2a0df9c8e0f5dcba941ec13c5dc,Dallas Love Field,1762113330,Dallas,1762113775,2025-11-02,1762113775,1762125405,101,11630,2025,11,,,
a1c8a23b9fea49d9e593abbb7f40d812a27a6fe3,Dallas Love Field,1762112075,Dallas,1762115799,2025-11-02,1762115799,1762138227,14,22428,2025,11,,,
7496fa861e466f981e44a7c8a15ffff4c9f304c7,DFW Airport,1762117509,Grapevine,1762117528,2025-11-02,1762117528,1762128092,85,10564,2025,11,2.922554890219561,False,2.922554890219561
f375488d310a685b3a753166078c7e238c80f143,DFW Airport,1762118122,Grapevine,1762118164,2025-11-02,1762118164,1762125948,96,7784,2025,11,2.922554890219561,False,2.922554890219561
afddb67359b645d7a09f69b3f1cab40645401e92,DFW Airport,1762118908,Grapevine,1762118913,2025-11-02,1762118913,1762137264,12,18351,2025,11,2.922554890219561,False,2.922554890219561
f96959186f71ead7356350a23adb9971dd2d4e1f,DFW Airport,1762119844,Grapevine,1762119845,2025-11-02,1762119845,1762133257,33,13412,2025,11,2.922554890219561,False,2.922554890219561
bca89ac81c6fb2a0df9c8e0f5dcba941ec13c5dc,Dallas Love Field,1762113330,Farmers Branch,1762125252,2025-11-02,1762125252,1762140345,12,15093,2025,11,,,
d3d9e73679b5158d2614d914d4177b72c7512729,DFW Airport,1762128505,Dallas,1762149817,2025-11-03,1762149817,1762178205,104,28388,2025,11,2.922554890219561,False,2.922554890219561
2a62f2864fd1647bdd0e7ddc1d6cbe98e0b9b275,Dallas Love Field,1762090897,Dallas,1762150270,2025-11-03,1762150270,1762176805,24,26535,2025,11,,,
b9dd4589812475524b1b089b3e7945545832e4f8,Dallas Love Field,1762145155,Denton,1762151360,2025-11-03,1762151360,1762228424,50,77064,2025,11,,,
3f59388255dee01a8d93da5b5ce81c7a641b656a,Dallas Love Field,1762125520,Irving,1762159062,2025-11-03,1762159062,1762234730,34,75668,2025,11,,,
b454122ce3787f2b8788534b63d77aa62dd2e188,Dallas Love Field,1762140750,Irving,1762163609,2025-11-03,1762163609,1762188780,11,25171,2025,11,,,
3f59388255dee01a8d93da5b5ce81c7a641b656a,Dallas Love Field,1762125520,Dallas,1762179463,2025-11-03,1762179463,1762225854,45,46391,2025,11,,,
e892a50227cdc892ee71769f4e7100466ffd4667,Dallas Love Field,1762184274,Dallas,1762184751,2025-11-03,1762184751,1762221219,15,36468,2025,11,,,
576f48062c5461e045cd50b7ef25c6d03a8ea093,DFW Airport,1762178736,Mesquite,1762185475,2025-11-03,1762185475,1762204163,6,18688,2025,11,2.922554890219561,False,2.922554890219561
b454122ce3787f2b8788534b63d77aa62dd2e188,Dallas Love Field,1762140750,Dallas,1762191344,2025-11-03,1762191344,1762202900,12,11556,2025,11,,,
ef101fdf6b5e3f4bde81de1e5200cebee48a042a,Dallas Love Field,1762194734,Dallas,1762194740,2025-11-03,1762194740,1762207301,9,12561,2025,11,,,
638c7db47ecce3b2c4c21de6a2f7b180d43eab48,Dallas Love Field,1762190002,Lewisville,1762195547,2025-11-03,1762195547,1762204688,6,9141,2025,11,,,
481a45ca2ed6bdec52076f1535bced9cf7e328d4,Dallas Love Field,1762196113,Frisco,1762200600,2025-11-03,1762200600,1762212811,16,12211,2025,11,,,
e892a50227cdc892ee71769f4e7100466ffd4667,Dallas Love Field,1762184274,Rockwall,1762209958,2025-11-03,1762209958,1762235139,43,25181,2025,11,,,
a8fedd55adbac5ea45911c31ad61bc2ae1fbf29a,DFW Airport,1762207134,Haltom City,1762217522,2025-11-03,1762217522,1762233801,5,16279,2025,11,2.922554890219561,False,2.922554890219561
2c8b481ac0cc116e451f31b4df26ddd265db298e,DFW Airport,1762220918,Grapevine,1762220981,2025-11-03,1762220981,1762232328,7,11347,2025,11,2.922554890219561,False,2.922554890219561
088051a2d075de5efe493b504608d15bb6d73e30,DFW Airport,1762223322,Grapevine,1762224314,2025-11-03,1762224314,1762232113,11,7799,2025,11,2.922554890219561,False,2.922554890219561
cb5e6e2cf8a28c40e497b29810a3e5bdf263656a,DFW Airport,1762226412,Grapevine,1762226436,2025-11-03,1762226436,1762234435,4,7999,2025,11,2.922554890219561,False,2.922554890219561
415ead5e793e0c6779362885780ebd2102da5af5,Dallas Love Field,1762226681,Dallas,1762226717,2025-11-03,1762226717,1762235408,75,8691,2025,11,,,
3f59388255dee01a8d93da5b5ce81c7a641b656a,Dallas Love Field,1762179498,Irving,1762236488,2025-11-04,1762236488,1762310350,49,73862,2025,11,,,
415ead5e793e0c6779362885780ebd2102da5af5,Dallas Love Field,1762226681,Dallas,1762237825,2025-11-04,1762237825,1762289887,211,52062,2025,11,,,
b30549c1d37caab29d9be22354037d272e87e3a1,DFW Airport,1762225612,Frisco,1762239903,2025-11-04,1762239903,1762299382,34,59479,2025,11,2.922554890219561,False,2.922554890219561
60ded06e816df841678eaa538e66e752a8b64121,DFW Airport,1762223373,Coppell,1762240153,2025-11-04,1762240153,1762297841,21,57688,2025,11,2.922554890219561,False,2.922554890219561
a8fedd55adbac5ea45911c31ad61bc2ae1fbf29a,DFW Airport,1762207134,Haltom City,1762242769,2025-11-04,1762242769,1762287177,28,44408,2025,11,2.922554890219561,False,2.922554890219561
110992bbb9a630165e9afee510e2078fd301a297,DFW Airport,1762227983,Grand Prairie,1762248859,2025-11-04,1762248859,1762268298,4,19439,2025,11,2.922554890219561,False,2.922554890219561
4e156fbd3815e8e2852f79b1a14e653bbae2ef37,DFW Airport,1762213285,Grapevine,1762254432,2025-11-04,1762254432,1762288678,60,34246,2025,11,2.922554890219561,False,2.922554890219561
3f59388255dee01a8d93da5b5ce81c7a641b656a,Dallas Love Field,1762179498,Dallas,1762254782,2025-11-04,1762254782,1762310022,104,55240,2025,11,,,
a8fedd55adbac5ea45911c31ad61bc2ae1fbf29a,DFW Airport,1762207134,Irving,1762257930,2025-11-04,1762257930,1762285953,18,28023,2025,11,2.922554890219561,False,2.922554890219561
81073605171217f90fdf4a5f590a678231e190a4,Dallas Love Field,1762267748,Dallas,1762267766,2025-11-04,1762267766,1762275011,25,7245,2025,11,,,
bf5082f4971aeb1924e0bd5ec4774d792549e15e,DFW Airport,1762216607,Grapevine,1762270169,2025-11-04,1762270169,1762285537,3,15368,2025,11,2.922554890219561,False,2.922554890219561
4e156fbd3815e8e2852f79b1a14e653bbae2ef37,DFW Airport,1762213285,Bedford,1762272556,2025-11-04,1762272556,1762296287,58,23731,2025,11,2.922554890219561,False,2.922554890219561
a4ca2717429be503f95b02a93eb62f10538396f8,DFW Airport,1762272780,Grapevine,1762272786,2025-11-04,1762272786,1762284551,12,11765,2025,11,2.922554890219561,False,2.922554890219561
95e60f9eb649ca994ebd8b986030f6f4b00e63b7,Dallas Love Field,1762288027,Dallas,1762288033,2025-11-04,1762288033,1762299534,4,11501,2025,11,,,
7031e96fba8cbddf385a9f725d0680858c1268cb,Dallas Love Field,1762287340,Dallas,1762291050,2025-11-04,1762291050,1762298477,2,7427,2025,11,,,
4e156fbd3815e8e2852f79b1a14e653bbae2ef37,DFW Airport,1762219127,Euless,1762298711,2025-11-04,1762298711,1762313555,66,14844,2025,11,2.922554890219561,False,2.922554890219561
bca89ac81c6fb2a0df9c8e0f5dcba941ec13c5dc,Dallas Love Field,1762299658,Dallas,1762299692,2025-11-04,1762299692,1762311465,65,11773,2025,11,,,
3f59388255dee01a8d93da5b5ce81c7a641b656a,Dallas Love Field,1762266829,Irving,1762323556,2025-11-05,1762323556,1762352412,12,28856,2025,11,,,
254e4bdb0821475d1aca06cc97c27a041537e4b8,DFW Airport,1762315800,Irving,1762329941,2025-11-05,1762329941,1762344218,12,14277,2025,11,2.922554890219561,False,2.922554890219561
352813e9bece3e40089ac748de8f2f310ec2b3cd,DFW Airport,1762343025,Grapevine,1762345294,2025-11-05,1762345294,1762366765,4,21471,2025,11,2.922554890219561,False,2.922554890219561
d58e82337cbd66282501ad14a30b6381d1b3e86d,Dallas Love Field,1762310391,Millsap,1762349338,2025-11-05,1762349338,1762370682,5,21344,2025,11,,,
f757cdc065f58624770621f5103517f6288b62ad,Dallas Love Field,1762349957,Dallas,1762349968,2025-11-05,1762349968,1762372240,8,22272,2025,11,,,
5e939f0ad8802a4757c6892bf9dae00f042b25fd,DFW Airport,1762355603,Plano,1762357951,2025-11-05,1762357951,1762385064,27,27113,2025,11,2.922554890219561,False,2.922554890219561
d58e82337cbd66282501ad14a30b6381d1b3e86d,Dallas Love Field,1762310391,Mineral Wells,1762370176,2025-11-05,1762370176,1762393157,18,22981,2025,11,,,
7a77e7b23039703443a0f7b5db45d1f6f7749db9,DFW Airport,1762371834,Grapevine,1762371845,2025-11-05,1762371845,1762382148,9,10303,2025,11,2.922554890219561,False,2.922554890219561
b74c5f24b5d8979b43d1fc5071a16c4ba9e447bf,DFW Airport,1762375922,Grapevine,1762375996,2025-11-05,1762375996,1762385745,35,9749,2025,11,2.922554890219561,False,2.922554890219561
1340049d657bba0b6faaa3e3b86be1db478a3f42,DFW Airport,1762374526,Carrollton,1762376504,2025-11-05,1762376504,1762384099,7,7595,2025,11,2.922554890219561,False,2.922554890219561
bf5082f4971aeb1924e0bd5ec4774d792549e15e,DFW Airport,1762378126,Grapevine,1762378127,2025-11-05,1762378127,1762393188,26,15061,2025,11,2.922554890219561,False,2.922554890219561
6548d21aaf97ef6c32db5ac7c96dc71aa4fb5508,DFW Airport,1762378070,Grapevine,1762378266,2025-11-05,1762378266,1762403818,35,25552,2025,11,2.922554890219561,False,2.922554890219561
bf5082f4971aeb1924e0bd5ec4774d792549e15e,DFW Airport,1762378126,Grapevine,1762432204,2025-11-06,1762432204,1762444170,8,11966,2025,11,2.922554890219561,False,2.922554890219561
65eeda7be67c878116fe5e87c21a410291160dd6,DFW Airport,1762430148,Grapevine,1762434542,2025-11-06,1762434542,1762458413,16,23871,2025,11,2.922554890219561,False,2.922554890219561
a544daf3bb665fb36bba1a5bae97448161164836,DFW Airport,1762436406,Grapevine,1762436407,2025-11-06,1762436407,1762482160,20,45753,2025,11,2.922554890219561,False,2.922554890219561
35fe1af98d02cf25eac08f3ad14c807e7d711857,Dallas Love Field,1762439940,Dallas,1762440742,2025-11-06,1762440742,1762487389,13,46647,2025,11,,,
053032079fb9a0e69d26da8adb5d3333d5ba69d2,Dallas Love Field,1762452639,Dallas,1762452648,2025-11-06,1762452648,1762473230,28,20582,2025,11,,,
18a9704536ed99fe08f2031b490a25756d865b36,DFW Airport,1762458711,Grapevine,1762458713,2025-11-06,1762458713,1762469650,12,10937,2025,11,2.922554890219561,False,2.922554890219561
035904fb7238876c7c6277b3d63e8a391a0e2dcf,Dallas Love Field,1762458191,Dallas,1762459490,2025-11-06,1762459490,1762472121,3,12631,2025,11,,,
f757cdc065f58624770621f5103517f6288b62ad,Dallas Love Field,1762387753,Grapevine,1762460427,2025-11-06,1762460427,1762468700,9,8273,2025,11,,,
f757cdc065f58624770621f5103517f6288b62ad,DFW Airport,1762460427,Grapevine,1762460467,2025-11-06,1762460467,1762468700,8,8233,2025,11,2.922554890219561,False,2.922554890219561
65eeda7be67c878116fe5e87c21a410291160dd6,DFW Airport,1762430148,Lewisville,1762461282,2025-11-06,1762461282,1762472602,9,11320,2025,11,2.922554890219561,False,2.922554890219561
133520c3bd48211a55f1c4c3a83df9a33572bac8,DFW Airport,1762462384,Grapevine,1762462385,2025-11-06,1762462385,1762483841,20,21456,2025,11,2.922554890219561,False,2.922554890219561
e0fcfb02059cdfd78a1a66653d698c6a2288007f,Dallas Love Field,1762465152,Dallas,1762465164,2025-11-06,1762465164,1762494733,7,29569,2025,11,,,
dfbe30b56f96d591fe76ed6636162b54faa88023,DFW Airport,1762469597,Grapevine,1762469598,2025-11-06,1762469598,1762476898,22,7300,2025,11,2.922554890219561,False,2.922554890219561
35fe1af98d02cf25eac08f3ad14c807e7d711857,Dallas Love Field,1762439940,Allen,1762476694,2025-11-06,1762476694,1762489183,101,12489,2025,11,,,
a544daf3bb665fb36bba1a5bae97448161164836,DFW Airport,1762436406,North Richland Hills,1762504435,2025-11-07,1762504435,1762581147,17,76712,2025,11,2.922554890219561,False,2.922554890219561
1a7ad71302143690e9ef4fea434cbe23645607a5,DFW Airport,1762512438,Grapevine,1762512447,2025-11-07,1762512447,1762576192,34,63745,2025,11,2.922554890219561,False,2.922554890219561
053032079fb9a0e69d26da8adb5d3333d5ba69d2,Dallas Love Field,1762452639,Dallas,1762518610,2025-11-07,1762518610,1762571815,22,53205,2025,11,,,
e1f3dafc0c5777b4528ce6d3732ab899314795e2,DFW Airport,1762523960,Mineral Wells,1762534991,2025-11-07,1762534991,1762580246,26,45255,2025,11,2.922554890219561,False,2.922554890219561
a544daf3bb665fb36bba1a5bae97448161164836,DFW Airport,1762524793,Grapevine,1762537254,2025-11-07,1762537254,1762571963,28,34709,2025,11,2.922554890219561,False,2.922554890219561
2e7e65a1141c98557147a928e2cfd345b3d93120,DFW Airport,1762538268,Grapevine,1762538324,2025-11-07,1762538324,1762547376,4,9052,2025,11,2.922554890219561,False,2.922554890219561
8dc1a7a8effd5259f42f1c37de689b612902cb15,DFW Airport,1762565993,Grapevine,1762567039,2025-11-07,1762567039,1762577406,13,10367,2025,11,2.922554890219561,False,2.922554890219561
98b7fbd5638ce9b855544f9f5d11bccfc2f3627a,Dallas Love Field,1762569240,Irving,1762571867,2025-11-07,1762571867,1762579563,11,7696,2025,11,,,
d4a0359f822fd4b011d02b52d696dba95a25d552,Dallas Love Field,1762578966,Grapevine,1762581878,2025-11-08,1762581878,1762601936,15,20058,2025,11,,,
98b7fbd5638ce9b855544f9f5d11bccfc2f3627a,Dallas Love Field,1762569240,Irving,1762584061,2025-11-08,1762584061,1762654555,67,70494,2025,11,,,
1b52ca220a14dd64e7d4c7aef8175f79f7644a61,DFW Airport,1762572958,Dallas,1762584268,2025-11-08,1762584268,1762658912,49,74644,2025,11,2.922554890219561,False,2.922554890219561
e1f3dafc0c5777b4528ce6d3732ab899314795e2,DFW Airport,1762523960,Mineral Wells,1762587214,2025-11-08,1762587214,1762595861,10,8647,2025,11,2.922554890219561,False,2.922554890219561
053032079fb9a0e69d26da8adb5d3333d5ba69d2,Dallas Love Field,1762518610,Irving,1762598279,2025-11-08,1762598279,1762662327,9,64048,2025,11,,,
a544daf3bb665fb36bba1a5bae97448161164836,DFW Airport,1762571952,North Richland Hills,1762598910,2025-11-08,1762598910,1762611746,13,12836,2025,11,2.922554890219561,False,2.922554890219561
053032079fb9a0e69d26da8adb5d3333d5ba69d2,Dallas Love Field,1762518610,Dallas,1762599964,2025-11-08,1762599964,1762641563,6,41599,2025,11,,,
6287520f7977948dee5628431e788198c3231167,DFW Airport,1762600385,Grapevine,1762600903,2025-11-08,1762600903,1762611439,12,10536,2025,11,2.922554890219561,False,2.922554890219561
a1fab2799e59bdedea773ad46d1d1393bad4bd7f,Dallas Love Field,1762604153,Dallas,1762607605,2025-11-08,1762607605,1762633739,4,26134,2025,11,,,
78bc1bda5d13e0b50102fbb96ad4dc784009a3bb,DFW Airport,1762611412,Grapevine,1762611440,2025-11-08,1762611440,1762637641,62,26201,2025,11,2.922554890219561,False,2.922554890219561
78bc1bda5d13e0b50102fbb96ad4dc784009a3bb,DFW Airport,1762611412,Haltom City,1762614122,2025-11-08,1762614122,1762635807,5,21685,2025,11,2.922554890219561,False,2.922554890219561
78bc1bda5d13e0b50102fbb96ad4dc784009a3bb,DFW Airport,1762611412,Bedford,1762615024,2025-11-08,1762615024,1762636433,6,21409,2025,11,2.922554890219561,False,2.922554890219561
546bd05cfe41cc4194dcea599ac56a3669e1fe36,Dallas Love Field,1762616894,Dallas,1762616901,2025-11-08,1762616901,1762629250,29,12349,2025,11,,,
8db87df942e9e69f57de2b0c0b689ca3b7662fe6,Dallas Love Field,1762617160,Heartland,1762622944,2025-11-08,1762622944,1762663520,23,40576,2025,11,,,
500dcd4aa95d1203ae098bc417ed5f2d076e9062,DFW Airport,1762623509,Grapevine,1762623587,2025-11-08,1762623587,1762647461,28,23874,2025,11,2.922554890219561,False,2.922554890219561
8910cfc6de2a69029545649573e1d1bda8f8b707,DFW Airport,1762623684,Grapevine,1762623787,2025-11-08,1762623787,1762645395,13,21608,2025,11,2.922554890219561,False,2.922554890219561
500dcd4aa95d1203ae098bc417ed5f2d076e9062,DFW Airport,1762623509,Irving,1762624862,2025-11-08,1762624862,1762643091,25,18229,2025,11,2.922554890219561,False,2.922554890219561
500dcd4aa95d1203ae098bc417ed5f2d076e9062,DFW Airport,1762623509,Euless,1762624877,2025-11-08,1762624877,1762648003,25,23126,2025,11,2.922554890219561,False,2.922554890219561
8910cfc6de2a69029545649573e1d1bda8f8b707,DFW Airport,1762623684,Irving,1762624934,2025-11-08,1762624934,1762643453,20,18519,2025,11,2.922554890219561,False,2.922554890219561
500dcd4aa95d1203ae098bc417ed5f2d076e9062,DFW Airport,1762623509,Fort Worth,1762626123,2025-11-08,1762626123,1762667942,241,41819,2025,11,2.922554890219561,False,2.922554890219561
8910cfc6de2a69029545649573e1d1bda8f8b707,DFW Airport,1762623684,Fort Worth,1762626124,2025-11-08,1762626124,1762643815,47,17691,2025,11,2.922554890219561,False,2.922554890219561
65972da6a319aa4d2c95dba3575a3ae4c1a31888,Dallas Love Field,1762627186,Dallas,1762627931,2025-11-08,1762627931,1762646778,39,18847,2025,11,,,
47e6bd43b3457af3744c912fd60aac271cd5e606,Dallas Love Field,1762630551,Dallas,1762630552,2025-11-08,1762630552,1762639741,35,9189,2025,11,,,
341ec5475428e22e4d14a076de188202843404aa,DFW Airport,1762640987,Grapevine,1762641540,2025-11-08,1762641540,1762650655,44,9115,2025,11,2.922554890219561,False,2.922554890219561
1bb4dad150451d8b6cb2abb3b991aeaf38afb93b,DFW Airport,1762626701,Grapevine,1762643189,2025-11-08,1762643189,1762654304,40,11115,2025,11,2.922554890219561,False,2.922554890219561
500dcd4aa95d1203ae098bc417ed5f2d076e9062,DFW Airport,1762623509,Fort Worth,1762668171,2025-11-09,1762668171,1762708100,240,39929,2025,11,2.922554890219561,False,2.922554890219561
01e3a11fc6720ace1b12c22b9e7dac3f941ec212,Dallas Love Field,1762627302,Addison,1762669160,2025-11-09,1762669160,1762688515,16,19355,2025,11,,,
8db87df942e9e69f57de2b0c0b689ca3b7662fe6,Dallas Love Field,1762649230,Heartland,1762670291,2025-11-09,1762670291,1762699965,40,29674,2025,11,,,
65eeda7be67c878116fe5e87c21a410291160dd6,DFW Airport,1762655242,Dallas,1762671268,2025-11-09,1762671268,1762694303,10,23035,2025,11,2.922554890219561,False,2.922554890219561
e1cab52d2690d1da450d8c4cc03310680efdbb3d,DFW Airport,1762693350,Wylie,1762695631,2025-11-09,1762695631,1762725290,6,29659,2025,11,2.922554890219561,False,2.922554890219561
4bc94528615cb555b9dc67d2c8a85c0293d4097e,Dallas Love Field,1762702979,Dallas,1762703642,2025-11-09,1762703642,1762714819,7,11177,2025,11,,,
4cb30960a7a080f65c7722ae0889500a5701da31,DFW Airport,1762713469,Grapevine,1762713541,2025-11-09,1762713541,1762735221,48,21680,2025,11,2.922554890219561,False,2.922554890219561
ef101fdf6b5e3f4bde81de1e5200cebee48a042a,Dallas Love Field,1762712151,Dallas,1762715765,2025-11-09,1762715765,1762747496,188,31731,2025,11,,,
d785917dd6a6e02a1bda60d6e5ba553bc2417b65,DFW Airport,1762715404,Fort Worth,1762730192,2025-11-09,1762730192,1762746549,7,16357,2025,11,2.922554890219561,False,2.922554890219561
1d76031adfd9bcdae1ad8cf26cb05cfd9f5b4442,DFW Airport,1762733513,Grapevine,1762733813,2025-11-09,1762733813,1762742141,11,8328,2025,11,2.922554890219561,False,2.922554890219561
40042e9db8c567f7259c5331ae3926c4c4d1934b,Dallas Love Field,1762728269,Fort Worth,1762733833,2025-11-09,1762733833,1762753998,18,20165,2025,11,,,
57331577e69ef5d0481e9745b652a397c4dae880,DFW Airport,1762737969,Bedford,1762740339,2025-11-09,1762740339,1762753213,6,12874,2025,11,2.922554890219561,False,2.922554890219561
1a04a8ae4178739f886286d1300f4ce3136733a4,DFW Airport,1762743927,Arlington,1762744024,2025-11-09,1762744024,1762753760,86,9736,2025,11,2.922554890219561,False,2.922554890219561
57331577e69ef5d0481e9745b652a397c4dae880,DFW Airport,1762737969,Bedford,1762754678,2025-11-10,1762754678,1762777036,42,22358,2025,11,2.922554890219561,False,2.922554890219561
1a04a8ae4178739f886286d1300f4ce3136733a4,DFW Airport,1762743927,Arlington,1762754781,2025-11-10,1762754781,1762821997,83,67216,2025,11,2.922554890219561,False,2.922554890219561
40042e9db8c567f7259c5331ae3926c4c4d1934b,Dallas Love Field,1762728269,Fort Worth,1762755094,2025-11-10,1762755094,1762813995,22,58901,2025,11,,,
59767cd5cf88890c8330af062b4eb948b7247daf,DFW Airport,1762740279,Cleburne,1762755577,2025-11-10,1762755577,1762823639,9,68062,2025,11,2.922554890219561,False,2.922554890219561
ef101fdf6b5e3f4bde81de1e5200cebee48a042a,Dallas Love Field,1762712151,Irving,1762755736,2025-11-10,1762755736,1762772217,85,16481,2025,11,,,
c7b0e8aaee403e115e96e372513cb5347084e0dc,Dallas Love Field,1762744252,Addison,1762757446,2025-11-10,1762757446,1762830378,13,72932,2025,11,,,
d18ad338b2ce0486db5608f3e789bcc49d8dfd75,DFW Airport,1762745525,Grand Prairie,1762769237,2025-11-10,1762769237,1762784981,148,15744,2025,11,2.922554890219561,False,2.922554890219561
ef101fdf6b5e3f4bde81de1e5200cebee48a042a,Dallas Love Field,1762712151,Dallas,1762772527,2025-11-10,1762772527,1762814587,316,42060,2025,11,,,
57331577e69ef5d0481e9745b652a397c4dae880,DFW Airport,1762737969,Irving,1762775847,2025-11-10,1762775847,1762785465,23,9618,2025,11,2.922554890219561,False,2.922554890219561
59767cd5cf88890c8330af062b4eb948b7247daf,DFW Airport,1762740279,Venus,1762776636,2025-11-10,1762776636,1762813567,3,36931,2025,11,2.922554890219561,False,2.922554890219561
59767cd5cf88890c8330af062b4eb948b7247daf,DFW Airport,1762740279,Midlothian,1762776816,2025-11-10,1762776816,1762813259,2,36443,2025,11,2.922554890219561,False,2.922554890219561
59767cd5cf88890c8330af062b4eb948b7247daf,DFW Airport,1762740279,Waxahachie,1762777460,2025-11-10,1762777460,1762812437,14,34977,2025,11,2.922554890219561,False,2.922554890219561
40042e9db8c567f7259c5331ae3926c4c4d1934b,Dallas Love Field,1762728269,Westworth Village,1762779118,2025-11-10,1762779118,1762812805,2,33687,2025,11,,,
c7b0e8aaee403e115e96e372513cb5347084e0dc,Dallas Love Field,1762744252,Dallas,1762781500,2025-11-10,1762781500,1762825982,10,44482,2025,11,,,
c7b0e8aaee403e115e96e372513cb5347084e0dc,Dallas Love Field,1762744252,Irving,1762781949,2025-11-10,1762781949,1762817243,8,35294,2025,11,,,
c7b0e8aaee403e115e96e372513cb5347084e0dc,Dallas Love Field,1762744252,Arlington,1762782399,2025-11-10,1762782399,1762813714,3,31315,2025,11,,,
c7b0e8aaee403e115e96e372513cb5347084e0dc,Dallas Love Field,1762744252,Fort Worth,1762782728,2025-11-10,1762782728,1762813183,41,30455,2025,11,,,
a586563dbd0139bc50d66ab36c0ec6c6c98d4b09,Dallas Love Field,1762787189,Lewisville,1762787227,2025-11-10,1762787227,1762830080,56,42853,2025,11,,,
92c01a6444a6c79d255ab19dd4b95f6566886108,DFW Airport,1762788007,Grapevine,1762788054,2025-11-10,1762788054,1762815958,14,27904,2025,11,2.922554890219561,False,2.922554890219561
87e1accce78aa08fccc889443f4f5e74ffe7fc4f,DFW Airport,1762787196,Red Oak,1762790168,2025-11-10,1762790168,1762813194,21,23026,2025,11,2.922554890219561,False,2.922554890219561
cca02ecc570ed47558c9d8978893fc5796b5f765,Dallas Love Field,1762809879,Dallas,1762809901,2025-11-10,1762809901,1762820498,15,10597,2025,11,,,
9801d4c09d52d65a441008e588f961dff5faa116,Dallas Love Field,1762807812,Plano,1762815321,2025-11-10,1762815321,1762840106,9,24785,2025,11,,,
c7b0e8aaee403e115e96e372513cb5347084e0dc,Dallas Love Field,1762744252,Farmers Branch,1762817178,2025-11-10,1762817178,1762826035,3,8857,2025,11,,,
9801d4c09d52d65a441008e588f961dff5faa116,Dallas Love Field,1762822054,Plano,1762841235,2025-11-11,1762841235,1762893531,34,52296,2025,11,,,
f8a86f22d9410f2af2136a1d1f90432f1426213f,DFW Airport,1762783450,Dallas,1762842327,2025-11-11,1762842327,1762864227,38,21900,2025,11,2.922554890219561,False,2.922554890219561
a8fedd55adbac5ea45911c31ad61bc2ae1fbf29a,DFW Airport,1762811920,Haltom City,1762847555,2025-11-11,1762847555,1762926618,72,79063,2025,11,2.922554890219561,False,2.922554890219561
a8fedd55adbac5ea45911c31ad61bc2ae1fbf29a,DFW Airport,1762811920,Bedford,1762859527,2025-11-11,1762859527,1762892897,9,33370,2025,11,2.922554890219561,False,2.922554890219561
a8fedd55adbac5ea45911c31ad61bc2ae1fbf29a,DFW Airport,1762811920,Fort Worth,1762860028,2025-11-11,1762860028,1762901829,15,41801,2025,11,2.922554890219561,False,2.922554890219561
a8fedd55adbac5ea45911c31ad61bc2ae1fbf29a,DFW Airport,1762811920,Euless,1762860078,2025-11-11,1762860078,1762892471,8,32393,2025,11,2.922554890219561,False,2.922554890219561
a8fedd55adbac5ea45911c31ad61bc2ae1fbf29a,DFW Airport,1762811920,Grapevine,1762860127,2025-11-11,1762860127,1762889726,25,29599,2025,11,2.922554890219561,False,2.922554890219561
a8fedd55adbac5ea45911c31ad61bc2ae1fbf29a,DFW Airport,1762811920,Irving,1762862710,2025-11-11,1762862710,1762890742,10,28032,2025,11,2.922554890219561,False,2.922554890219561
2f1c2255fa70bde387bafc74359a8af6a6fea209,DFW Airport,1762822086,Carrollton,1762868942,2025-11-11,1762868942,1762894386,6,25444,2025,11,2.922554890219561,False,2.922554890219561
8eee7351fc4c326646cfdbff0256d109bcdbd79d,DFW Airport,1762869646,Addison,1762871648,2025-11-11,1762871648,1762921446,36,49798,2025,11,2.922554890219561,False,2.922554890219561
5c53c4ca49420ffb0c74f583861b46facff2cda7,DFW Airport,1762879098,Grapevine,1762879390,2025-11-11,1762879390,1762907542,13,28152,2025,11,2.922554890219561,False,2.922554890219561
644b059bbeb0a84c41edda03793dffb933f5a13a,DFW Airport,1762882054,Denton,1762882287,2025-11-11,1762882287,1762926269,60,43982,2025,11,2.922554890219561,False,2.922554890219561
7b86f3fbd1768fc9a4e9e953691324068067d4f6,DFW Airport,1762876185,Irving,1762883470,2025-11-11,1762883470,1762922245,11,38775,2025,11,2.922554890219561,False,2.922554890219561
b380201de31da035656aa932c7fddd78ed1ce181,DFW Airport,1762882262,Lantana,1762886839,2025-11-11,1762886839,1762925550,22,38711,2025,11,2.922554890219561,False,2.922554890219561
644b059bbeb0a84c41edda03793dffb933f5a13a,DFW Airport,1762882054,Bartonville,1762887845,2025-11-11,1762887845,1762903468,4,15623,2025,11,2.922554890219561,False,2.922554890219561
ef101fdf6b5e3f4bde81de1e5200cebee48a042a,Dallas Love Field,1762889838,Dallas,1762890007,2025-11-11,1762890007,1762906683,63,16676,2025,11,,,
4cba364a2a3e49aff9649e0d950d8f2b364745be,Dallas Love Field,1762890162,Dallas,1762891890,2025-11-11,1762891890,1762919271,37,27381,2025,11,,,
ef101fdf6b5e3f4bde81de1e5200cebee48a042a,Dallas Love Field,1762889838,Irving,1762892714,2025-11-11,1762892714,1762900760,18,8046,2025,11,,,
9801d4c09d52d65a441008e588f961dff5faa116,Dallas Love Field,1762822054,Dallas,1762893584,2025-11-11,1762893584,1762912370,22,18786,2025,11,,,
fee13edda84ee9eee3e03ba3cf033a5521a47c5d,DFW Airport,1762894328,Grapevine,1762894388,2025-11-11,1762894388,1762902295,6,7907,2025,11,2.922554890219561,False,2.922554890219561
b151cc52b467ef568ba0e192e71eacc933c8fe64,DFW Airport,1762894301,Irving,1762903188,2025-11-11,1762903188,1762924780,5,21592,2025,11,2.922554890219561,False,2.922554890219561
ffbeb457d070c44d4fb119faa4b7aaf598158aaa,DFW Airport,1762907309,Euless,1762907348,2025-11-11,1762907348,1762926175,26,18827,2025,11,2.922554890219561,False,2.922554890219561
7b86f3fbd1768fc9a4e9e953691324068067d4f6,DFW Airport,1762876185,Irving,1762927274,2025-11-12,1762927274,1762945706,17,18432,2025,11,2.922554890219561,False,2.922554890219561
644b059bbeb0a84c41edda03793dffb933f5a13a,DFW Airport,1762882054,Denton,1762927454,2025-11-12,1762927454,1762967056,126,39602,2025,11,2.922554890219561,False,2.922554890219561
ffbeb457d070c44d4fb119faa4b7aaf598158aaa,DFW Airport,1762907309,Euless,1762928543,2025-11-12,1762928543,1762991477,50,62934,2025,11,2.922554890219561,False,2.922554890219561
b151cc52b467ef568ba0e192e71eacc933c8fe64,DFW Airport,1762915900,Dallas,1762928677,2025-11-12,1762928677,1763000545,170,71868,2025,11,2.922554890219561,False,2.922554890219561
a8fedd55adbac5ea45911c31ad61bc2ae1fbf29a,DFW Airport,1762882042,Haltom City,1762928960,2025-11-12,1762928960,1763001075,11,72115,2025,11,2.922554890219561,False,2.922554890219561
8eee7351fc4c326646cfdbff0256d109bcdbd79d,DFW Airport,1762869646,Addison,1762930065,2025-11-12,1762930065,1763012278,38,82213,2025,11,2.922554890219561,False,2.922554890219561
4cba364a2a3e49aff9649e0d950d8f2b364745be,Dallas Love Field,1762890162,Irving,1762930213,2025-11-12,1762930213,1762946847,12,16634,2025,11,,,
8eee7351fc4c326646cfdbff0256d109bcdbd79d,DFW Airport,1762869646,Dallas,1762934691,2025-11-12,1762934691,1763011976,3,77285,2025,11,2.922554890219561,False,2.922554890219561
c05e695a8c837f6273a69e5aa6bc90b66502b2bc,DFW Airport,1762910657,Grapevine,1762935960,2025-11-12,1762935960,1762986346,15,50386,2025,11,2.922554890219561,False,2.922554890219561
b151cc52b467ef568ba0e192e71eacc933c8fe64,DFW Airport,1762915900,Grand Prairie,1762936249,2025-11-12,1762936249,1762978759,30,42510,2025,11,2.922554890219561,False,2.922554890219561
15527b75d8cc47c58ea94545228f55e7ea5a34a4,DFW Airport,1762943167,Grapevine,1762944068,2025-11-12,1762944068,1762972602,6,28534,2025,11,2.922554890219561,False,2.922554890219561
a8fedd55adbac5ea45911c31ad61bc2ae1fbf29a,DFW Airport,1762882042,North Richland Hills,1762945929,2025-11-12,1762945929,1762998997,5,53068,2025,11,2.922554890219561,False,2.922554890219561
a8fedd55adbac5ea45911c31ad61bc2ae1fbf29a,DFW Airport,1762882042,Hurst,1762946049,2025-11-12,1762946049,1762998985,4,52936,2025,11,2.922554890219561,False,2.922554890219561
a8fedd55adbac5ea45911c31ad61bc2ae1fbf29a,DFW Airport,1762882042,Bedford,1762946162,2025-11-12,1762946162,1762998895,13,52733,2025,11,2.922554890219561,False,2.922554890219561
a8fedd55adbac5ea45911c31ad61bc2ae1fbf29a,DFW Airport,1762882042,Fort Worth,1762946605,2025-11-12,1762946605,1762998502,5,51897,2025,11,2.922554890219561,False,2.922554890219561
a8fedd55adbac5ea45911c31ad61bc2ae1fbf29a,DFW Airport,1762882042,Euless,1762946715,2025-11-12,1762946715,1762998479,3,51764,2025,11,2.922554890219561,False,2.922554890219561
4cba364a2a3e49aff9649e0d950d8f2b364745be,Dallas Love Field,1762890162,Dallas,1762947007,2025-11-12,1762947007,1762985240,26,38233,2025,11,,,
a8fedd55adbac5ea45911c31ad61bc2ae1fbf29a,DFW Airport,1762882042,Grapevine,1762947112,2025-11-12,1762947112,1762996750,13,49638,2025,11,2.922554890219561,False,2.922554890219561
7b86f3fbd1768fc9a4e9e953691324068067d4f6,DFW Airport,1762876185,Grapevine,1762948180,2025-11-12,1762948180,1762966199,17,18019,2025,11,2.922554890219561,False,2.922554890219561
8eee7351fc4c326646cfdbff0256d109bcdbd79d,DFW Airport,1762869646,Grapevine,1762954080,2025-11-12,1762954080,1762973849,20,19769,2025,11,2.922554890219561,False,2.922554890219561
ffbeb457d070c44d4fb119faa4b7aaf598158aaa,DFW Airport,1762907309,Bedford,1762957836,2025-11-12,1762957836,1762991699,14,33863,2025,11,2.922554890219561,False,2.922554890219561
b151cc52b467ef568ba0e192e71eacc933c8fe64,DFW Airport,1762894301,Arlington,1762958837,2025-11-12,1762958837,1762980010,20,21173,2025,11,2.922554890219561,False,2.922554890219561
12d8ff1d5b6116c75fee96d42c98396d81cc4a49,DFW Airport,1762961392,Grapevine,1762961431,2025-11-12,1762961431,1762990858,6,29427,2025,11,2.922554890219561,False,2.922554890219561
500dcd4aa95d1203ae098bc417ed5f2d076e9062,DFW Airport,1762964247,Grapevine,1762964258,2025-11-12,1762964258,1762972603,21,8345,2025,11,2.922554890219561,False,2.922554890219561
09f544e6d02769efc8488e3e70f0da04b998f51d,Dallas Love Field,1762964360,Dallas,1762964386,2025-11-12,1762964386,1762971773,3,7387,2025,11,,,
92c01a6444a6c79d255ab19dd4b95f6566886108,DFW Airport,1762878691,Grapevine,1762964792,2025-11-12,1762964792,1762974703,7,9911,2025,11,2.922554890219561,False,2.922554890219561
f4b45be69e6c9c90d3ac10af87f0f4f910982a76,DFW Airport,1762963582,Grapevine,1762966659,2025-11-12,1762966659,1762980142,26,13483,2025,11,2.922554890219561,False,2.922554890219561
556c9781629dd535ee749cab95bf792ddbcf3239,DFW Airport,1762967727,Grapevine,1762968182,2025-11-12,1762968182,1762979342,14,11160,2025,11,2.922554890219561,False,2.922554890219561
9f7cc6a8943e95d56d6d2ffd4f81884ea1b4b0d3,DFW Airport,1762968571,Grapevine,1762968708,2025-11-12,1762968708,1762995482,200,26774,2025,11,2.922554890219561,False,2.922554890219561
1c40333708f780fbf0aafea8723ba45ca5e5b476,DFW Airport,1762963337,Waxahachie,1762969233,2025-11-12,1762969233,1762990602,28,21369,2025,11,2.922554890219561,False,2.922554890219561
a15022adc97e345e83c797ec333d5c68034c13f4,DFW Airport,1762970695,Grapevine,1762971873,2025-11-12,1762971873,1762984478,3,12605,2025,11,2.922554890219561,False,2.922554890219561
4dbb9a95a417321bf554f5470d3945594e8cd5ec,Dallas Love Field,1762982538,Dallas,1762982549,2025-11-12,1762982549,1762995102,8,12553,2025,11,,,
7c20441d903d8c49c4fd9d20d7a7997f74270776,Dallas Love Field,1762980602,Dallas,1762982893,2025-11-12,1762982893,1762991276,5,8383,2025,11,,,
3b69a0036a8a89e5118968fb69b66b1c10a7c364,DFW Airport,1762985779,Grapevine,1762987452,2025-11-12,1762987452,1763000541,118,13089,2025,11,2.922554890219561,False,2.922554890219561
af973d1e1d087ffd4e3c88a11506cfdc41938420,DFW Airport,1762987051,Grapevine,1762988188,2025-11-12,1762988188,1763000938,22,12750,2025,11,2.922554890219561,False,2.922554890219561
0e7823838dc6c7ea64110d2aa6506a0fce634c1d,DFW Airport,1762981864,Irving,1762989218,2025-11-12,1762989218,1763012473,30,23255,2025,11,2.922554890219561,False,2.922554890219561
7c31d6fcfdb72b39365ef97a687a1264c5590cfb,DFW Airport,1762988446,Dallas,1762991806,2025-11-12,1762991806,1763012830,19,21024,2025,11,2.922554890219561,False,2.922554890219561
1dd05492d0e3f01966705c933efefaf4f7de3687,Dallas Love Field,1762991727,Dallas,1762994790,2025-11-12,1762994790,1763011110,13,16320,2025,11,,,
f73f2a200dd7d80d9046414b65f71dbdb0927ae7,Dallas Love Field,1762994137,Arlington,1762996981,2025-11-12,1762996981,1763013099,28,16118,2025,11,,,
b9fd578541dd57001e5c84acbdef749cd0bb36de,DFW Airport,1762990002,Grapevine,1762997687,2025-11-12,1762997687,1763013563,28,15876,2025,11,2.922554890219561,False,2.922554890219561
1efb19f678a1645e81b6299ad2cb4381022adf30,DFW Airport,1763000799,Grapevine,1763000822,2025-11-12,1763000822,1763011461,49,10639,2025,11,2.922554890219561,False,2.922554890219561
d9c98765729d8e628b417cd2cedcb89436e174fa,DFW Airport,1763002664,Grapevine,1763002801,2025-11-12,1763002801,1763011542,35,8741,2025,11,2.922554890219561,False,2.922554890219561
01d49e08a0c36cb2dfd131b558c34c07a264994d,Dallas Love Field,1763010910,Grand Prairie,1763013637,2025-11-13,1763013637,1763075240,15,61603,2025,11,,,
b9fd578541dd57001e5c84acbdef749cd0bb36de,DFW Airport,1762990002,Grapevine,1763013851,2025-11-13,1763013851,1763042990,53,29139,2025,11,2.922554890219561,False,2.922554890219561
01d49e08a0c36cb2dfd131b558c34c07a264994d,Dallas Love Field,1763010910,Arlington,1763013920,2025-11-13,1763013920,1763096775,90,82855,2025,11,,,
41e5cc8446f3f82104aaeb4abc58138196ab7ebf,DFW Airport,1762970243,Plano,1763014757,2025-11-13,1763014757,1763055889,21,41132,2025,11,2.922554890219561,False,2.922554890219561
0e7823838dc6c7ea64110d2aa6506a0fce634c1d,DFW Airport,1762993534,Irving,1763014758,2025-11-13,1763014758,1763069821,35,55063,2025,11,2.922554890219561,False,2.922554890219561
1dd05492d0e3f01966705c933efefaf4f7de3687,Dallas Love Field,1762991727,Dallas,1763017068,2025-11-13,1763017068,1763072681,92,55613,2025,11,,,
7c31d6fcfdb72b39365ef97a687a1264c5590cfb,DFW Airport,1762988446,Dallas,1763017446,2025-11-13,1763017446,1763073522,18,56076,2025,11,2.922554890219561,False,2.922554890219561
1dd05492d0e3f01966705c933efefaf4f7de3687,Dallas Love Field,1762994790,Irving,1763018250,2025-11-13,1763018250,1763067271,22,49021,2025,11,,,
f73f2a200dd7d80d9046414b65f71dbdb0927ae7,Dallas Love Field,1762994137,Arlington,1763019479,2025-11-13,1763019479,1763072304,42,52825,2025,11,,,
a8fedd55adbac5ea45911c31ad61bc2ae1fbf29a,DFW Airport,1762996750,Haltom City,1763021443,2025-11-13,1763021443,1763051815,10,30372,2025,11,2.922554890219561,False,2.922554890219561
a8fedd55adbac5ea45911c31ad61bc2ae1fbf29a,DFW Airport,1762967147,Arlington,1763023965,2025-11-13,1763023965,1763051756,50,27791,2025,11,2.922554890219561,False,2.922554890219561
a8fedd55adbac5ea45911c31ad61bc2ae1fbf29a,DFW Airport,1762996750,Cedar Hill,1763024592,2025-11-13,1763024592,1763049299,124,24707,2025,11,2.922554890219561,False,2.922554890219561
a8fedd55adbac5ea45911c31ad61bc2ae1fbf29a,DFW Airport,1762996750,Grand Prairie,1763028516,2025-11-13,1763028516,1763050310,40,21794,2025,11,2.922554890219561,False,2.922554890219561
a8fedd55adbac5ea45911c31ad61bc2ae1fbf29a,DFW Airport,1762967147,Mansfield,1763028521,2025-11-13,1763028521,1763050956,46,22435,2025,11,2.922554890219561,False,2.922554890219561
b7f61675d86d6500d2493994c1d4cb88e09e0cbc,DFW Airport,1763033300,Grapevine,1763033366,2025-11-13,1763033366,1763042864,18,9498,2025,11,2.922554890219561,False,2.922554890219561
1efb19f678a1645e81b6299ad2cb4381022adf30,DFW Airport,1763000799,Dallas,1763040002,2025-11-13,1763040002,1763064277,5,24275,2025,11,2.922554890219561,False,2.922554890219561
c11a162595bb276d0c8ee3e73b22a199ff6aec95,Dallas Love Field,1763040495,Dallas,1763040556,2025-11-13,1763040556,1763097850,24,57294,2025,11,,,
7ed9088bb5dbf8ccfff6852a2a6a81edcede0683,Dallas Love Field,1762980455,Dallas,1763041416,2025-11-13,1763041416,1763073963,12,32547,2025,11,,,
7c31d6fcfdb72b39365ef97a687a1264c5590cfb,DFW Airport,1762988446,Plano,1763047480,2025-11-13,1763047480,1763072393,30,24913,2025,11,2.922554890219561,False,2.922554890219561
7c31d6fcfdb72b39365ef97a687a1264c5590cfb,DFW Airport,1762996707,Allen,1763047846,2025-11-13,1763047846,1763059046,14,11200,2025,11,2.922554890219561,False,2.922554890219561
7c31d6fcfdb72b39365ef97a687a1264c5590cfb,DFW Airport,1762988446,Fairview,1763047983,2025-11-13,1763047983,1763059514,16,11531,2025,11,2.922554890219561,False,2.922554890219561
7c31d6fcfdb72b39365ef97a687a1264c5590cfb,DFW Airport,1762996707,McKinney,1763048331,2025-11-13,1763048331,1763066895,40,18564,2025,11,2.922554890219561,False,2.922554890219561
18a9704536ed99fe08f2031b490a25756d865b36,DFW Airport,1763049205,Grapevine,1763049209,2025-11-13,1763049209,1763074492,48,25283,2025,11,2.922554890219561,False,2.922554890219561
8e13ab878116913502eea49fc25aa1c6bd75267a,DFW Airport,1763050439,Dallas,1763052073,2025-11-13,1763052073,1763085139,70,33066,2025,11,2.922554890219561,False,2.922554890219561
5d35c22dfda22e961e83373abd683b905acb9a0c,DFW Airport,1762992112,Grapevine,1763054200,2025-11-13,1763054200,1763067095,16,12895,2025,11,2.922554890219561,False,2.922554890219561
2bb5f3159672d2e233842be18398e8372ee9db7f,Dallas Love Field,1763056455,Dallas,1763056458,2025-11-13,1763056458,1763064492,7,8034,2025,11,,,
1bea297b6a33724cc5cc1fbdb70be32c379121c4,DFW Airport,1763063606,Grapevine,1763064707,2025-11-13,1763064707,1763098194,25,33487,2025,11,2.922554890219561,False,2.922554890219561
c11a162595bb276d0c8ee3e73b22a199ff6aec95,Dallas Love Field,1763040495,Frisco,1763065626,2025-11-13,1763065626,1763094675,4,29049,2025,11,,,
c11a162595bb276d0c8ee3e73b22a199ff6aec95,Dallas Love Field,1763040495,Lewisville,1763069084,2025-11-13,1763069084,1763093747,2,24663,2025,11,,,
e0fcfb02059cdfd78a1a66653d698c6a2288007f,Dallas Love Field,1763069970,Dallas,1763069979,2025-11-13,1763069979,1763099575,12,29596,2025,11,,,
bd2be4fcf4b8048f7c3ee3026c73495e72731675,Dallas Love Field,1763066739,Farmers Branch,1763071428,2025-11-13,1763071428,1763095597,34,24169,2025,11,,,
f76ec248ae5cc41e7c9ca6ff6251d84a03b863e4,DFW Airport,1763070933,Plano,1763074256,2025-11-13,1763074256,1763095291,14,21035,2025,11,2.922554890219561,False,2.922554890219561
41e5cc8446f3f82104aaeb4abc58138196ab7ebf,DFW Airport,1763073656,Grapevine,1763075741,2025-11-13,1763075741,1763083516,55,7775,2025,11,2.922554890219561,False,2.922554890219561
8d20f19de893af4a22cbbdec197c26d9982a0e08,Dallas Love Field,1763077421,Dallas,1763077453,2025-11-13,1763077453,1763086159,6,8706,2025,11,,,
133520c3bd48211a55f1c4c3a83df9a33572bac8,DFW Airport,1763074433,Grapevine,1763077706,2025-11-13,1763077706,1763088632,11,10926,2025,11,2.922554890219561,False,2.922554890219561
9f4918bfa31f9d3ebb1b4110cbd318b3bfcbfa0d,DFW Airport,1763076557,Grand Prairie,1763079427,2025-11-13,1763079427,1763099414,59,19987,2025,11,2.922554890219561,False,2.922554890219561
ce1019a7a6bfb8892bbd9f293aac8a1f271114d0,Dallas Love Field,1763082924,Dallas,1763082927,2025-11-13,1763082927,1763092075,54,9148,2025,11,,,
3bde704d6bc50c3ff75d50c6ae836026cebbef75,Dallas Love Field,1763081919,Garland,1763088140,2025-11-13,1763088140,1763099370,43,11230,2025,11,,,
1bea297b6a33724cc5cc1fbdb70be32c379121c4,DFW Airport,1763063606,Grapevine,1763100892,2025-11-14,1763100892,1763132039,40,31147,2025,11,2.922554890219561,False,2.922554890219561
3bde704d6bc50c3ff75d50c6ae836026cebbef75,Dallas Love Field,1763081919,Garland,1763101286,2025-11-14,1763101286,1763141916,21,40630,2025,11,,,
9f4918bfa31f9d3ebb1b4110cbd318b3bfcbfa0d,DFW Airport,1763076557,Grand Prairie,1763101660,2025-11-14,1763101660,1763184074,52,82414,2025,11,2.922554890219561,False,2.922554890219561
0320b421e0429f9e30d02d36838cc0a1b7a7d34b,DFW Airport,1763099600,Grapevine,1763101947,2025-11-14,1763101947,1763136950,22,35003,2025,11,2.922554890219561,False,2.922554890219561
f76ec248ae5cc41e7c9ca6ff6251d84a03b863e4,DFW Airport,1763089344,Plano,1763103306,2025-11-14,1763103306,1763159450,46,56144,2025,11,2.922554890219561,False,2.922554890219561
17becb9907ea9f9e5c2238c1f634fc45399f45f2,Dallas Love Field,1763087527,Addison,1763104681,2025-11-14,1763104681,1763172305,24,67624,2025,11,,,
9f4918bfa31f9d3ebb1b4110cbd318b3bfcbfa0d,DFW Airport,1763076557,Grapevine,1763116127,2025-11-14,1763116127,1763128807,21,12680,2025,11,2.922554890219561,False,2.922554890219561
75dd085ab111f935ae6e7e1f9b35f78dad7a9bfc,DFW Airport,1763118411,Grapevine,1763118421,2025-11-14,1763118421,1763136711,29,18290,2025,11,2.922554890219561,False,2.922554890219561
0e7823838dc6c7ea64110d2aa6506a0fce634c1d,DFW Airport,1763119732,Grapevine,1763121050,2025-11-14,1763121050,1763166683,13,45633,2025,11,2.922554890219561,False,2.922554890219561
c11a162595bb276d0c8ee3e73b22a199ff6aec95,Dallas Love Field,1763040495,Dallas,1763124602,2025-11-14,1763124602,1763185843,18,61241,2025,11,,,
b305244c6c6a93d0ad46acae4a7e22806fe3a911,Dallas Love Field,1763124548,Dallas,1763124611,2025-11-14,1763124611,1763133171,32,8560,2025,11,,,
368add54f09c5b5aab3e89103033abacef22c132,Dallas Love Field,1763128091,Dallas,1763128099,2025-11-14,1763128099,1763136650,34,8551,2025,11,,,
368add54f09c5b5aab3e89103033abacef22c132,Dallas Love Field,1763128091,McKinney,1763131469,2025-11-14,1763131469,1763154870,78,23401,2025,11,,,
8cd20a836838522da7924a6bd9a0860ac149eed7,Dallas Love Field,1763133645,Lewisville,1763134986,2025-11-14,1763134986,1763169984,27,34998,2025,11,,,
8cd20a836838522da7924a6bd9a0860ac149eed7,Dallas Love Field,1763133645,Hickory Creek,1763136251,2025-11-14,1763136251,1763184899,25,48648,2025,11,,,
35fe1af98d02cf25eac08f3ad14c807e7d711857,DFW Airport,1763127660,Allen,1763136260,2025-11-14,1763136260,1763156074,9,19814,2025,11,2.922554890219561,False,2.922554890219561
35fe1af98d02cf25eac08f3ad14c807e7d711857,DFW Airport,1763127660,Lucas,1763137468,2025-11-14,1763137468,1763150651,5,13183,2025,11,2.922554890219561,False,2.922554890219561
2157dfee57d0e15d75a0a62f812622052e0d001c,DFW Airport,1763138718,Grapevine,1763138727,2025-11-14,1763138727,1763158198,31,19471,2025,11,2.922554890219561,False,2.922554890219561
c11a162595bb276d0c8ee3e73b22a199ff6aec95,Dallas Love Field,1763093758,Carrollton,1763143520,2025-11-14,1763143520,1763161785,2,18265,2025,11,,,
8cd20a836838522da7924a6bd9a0860ac149eed7,Dallas Love Field,1763133645,Irving,1763143529,2025-11-14,1763143529,1763161170,5,17641,2025,11,,,
8cd20a836838522da7924a6bd9a0860ac149eed7,Dallas Love Field,1763133645,Grand Prairie,1763143912,2025-11-14,1763143912,1763160881,3,16969,2025,11,,,
b70c3c098a4aae23d0469cb6692c4154378361a5,Dallas Love Field,1763143952,Dallas,1763144102,2025-11-14,1763144102,1763158151,23,14049,2025,11,,,
8cd20a836838522da7924a6bd9a0860ac149eed7,Dallas Love Field,1763133645,Arlington,1763144799,2025-11-14,1763144799,1763160044,12,15245,2025,11,,,
a29a987cd08e00bc3d65495dcdf5e17836cd39f8,DFW Airport,1763146362,Grapevine,1763146634,2025-11-14,1763146634,1763155137,14,8503,2025,11,2.922554890219561,False,2.922554890219561
b151cc52b467ef568ba0e192e71eacc933c8fe64,DFW Airport,1763150080,Grapevine,1763150098,2025-11-14,1763150098,1763171804,12,21706,2025,11,2.922554890219561,False,2.922554890219561
6c49a0eecf04d0facffa368dc868da8232adf55b,Dallas Love Field,1763150073,Dallas,1763151004,2025-11-14,1763151004,1763184852,47,33848,2025,11,,,
368add54f09c5b5aab3e89103033abacef22c132,Dallas Love Field,1763128091,Prosper,1763154650,2025-11-14,1763154650,1763163575,2,8925,2025,11,,,
368add54f09c5b5aab3e89103033abacef22c132,Dallas Love Field,1763128091,Celina,1763154847,2025-11-14,1763154847,1763186357,265,31510,2025,11,,,
23854c98b85961471b17cdf6332de6d015a2aca0,DFW Airport,1763075238,Grapevine,1763157189,2025-11-14,1763157189,1763167129,32,9940,2025,11,2.922554890219561,False,2.922554890219561
35fe1af98d02cf25eac08f3ad14c807e7d711857,DFW Airport,1763127660,Frisco,1763157242,2025-11-14,1763157242,1763169836,17,12594,2025,11,2.922554890219561,False,2.922554890219561
5eac8d257012b2a682fb21ca7ae2c23f91fd4497,DFW Airport,1763155952,Grapevine,1763159700,2025-11-14,1763159700,1763167685,2,7985,2025,11,2.922554890219561,False,2.922554890219561
e831474988910c622cd7dc7c24334193dc39d18d,DFW Airport,1763158570,Argyle,1763161673,2025-11-14,1763161673,1763170640,4,8967,2025,11,2.922554890219561,False,2.922554890219561
2157dfee57d0e15d75a0a62f812622052e0d001c,DFW Airport,1763138718,Bedford,1763163198,2025-11-14,1763163198,1763171740,8,8542,2025,11,2.922554890219561,False,2.922554890219561
b151cc52b467ef568ba0e192e71eacc933c8fe64,DFW Airport,1763150080,Euless,1763165320,2025-11-14,1763165320,1763186226,3,20906,2025,11,2.922554890219561,False,2.922554890219561
0fc9858c1eaea18a4931ea1e7fa2b1d9e99f5071,DFW Airport,1763140148,Irving,1763170321,2025-11-14,1763170321,1763178441,45,8120,2025,11,2.922554890219561,False,2.922554890219561
c45288bed5500a2558cf705c8c5657c6499de7ee,DFW Airport,1763169560,Grapevine,1763170751,2025-11-14,1763170751,1763183931,12,13180,2025,11,2.922554890219561,False,2.922554890219561
ee43a82916d401cc27b4a35c2f544ba2b38feb22,DFW Airport,1763170243,Fort Worth,1763173831,2025-11-14,1763173831,1763185067,25,11236,2025,11,2.922554890219561,False,2.922554890219561
2d82acde9d535e0b1fd2f8c8cdff4fe4fdf56dc7,DFW Airport,1763171343,Fort Worth,1763173978,2025-11-14,1763173978,1763185050,24,11072,2025,11,2.922554890219561,False,2.922554890219561
fca92541e7709690c749ac71575970857d54a340,Dallas Love Field,1763095662,Dallas,1763174358,2025-11-14,1763174358,1763183234,112,8876,2025,11,,,
47a003885e62bde4adc23661af84dec3109d90fa,DFW Airport,1763172730,Dallas,1763174407,2025-11-14,1763174407,1763181650,22,7243,2025,11,2.922554890219561,False,2.922554890219561
8cd20a836838522da7924a6bd9a0860ac149eed7,Dallas Love Field,1763133645,Hickory Creek,1763186621,2025-11-15,1763186621,1763207424,12,20803,2025,11,,,
d4a0359f822fd4b011d02b52d696dba95a25d552,Dallas Love Field,1763183752,Grapevine,1763186658,2025-11-15,1763186658,1763206733,28,20075,2025,11,,,
368add54f09c5b5aab3e89103033abacef22c132,Dallas Love Field,1763128091,Celina,1763186687,2025-11-15,1763186687,1763215085,239,28398,2025,11,,,
65177a05fe2c3d4ef812fd9c78b6886350593efb,DFW Airport,1763170288,Grapevine,1763187015,2025-11-15,1763187015,1763257080,27,70065,2025,11,2.922554890219561,False,2.922554890219561
b151cc52b467ef568ba0e192e71eacc933c8fe64,DFW Airport,1763150080,Dallas,1763187045,2025-11-15,1763187045,1763272065,339,85020,2025,11,2.922554890219561,False,2.922554890219561
b8c90dc1e58d7dfe175ffefbe6ac65a3b7b7c38f,Dallas Love Field,1763176751,Fort Worth,1763187076,2025-11-15,1763187076,1763200309,6,13233,2025,11,,,
2d82acde9d535e0b1fd2f8c8cdff4fe4fdf56dc7,DFW Airport,1763171343,Fort Worth,1763187263,2025-11-15,1763187263,1763250287,72,63024,2025,11,2.922554890219561,False,2.922554890219561
ee43a82916d401cc27b4a35c2f544ba2b38feb22,DFW Airport,1763170243,Fort Worth,1763187269,2025-11-15,1763187269,1763251001,61,63732,2025,11,2.922554890219561,False,2.922554890219561
b151cc52b467ef568ba0e192e71eacc933c8fe64,DFW Airport,1763150080,Euless,1763187369,2025-11-15,1763187369,1763268668,18,81299,2025,11,2.922554890219561,False,2.922554890219561
b151cc52b467ef568ba0e192e71eacc933c8fe64,DFW Airport,1763150080,Grapevine,1763187462,2025-11-15,1763187462,1763253861,281,66399,2025,11,2.922554890219561,False,2.922554890219561
605d393476cec8ca2196cce7ef027a5e4e8e2eb9,DFW Airport,1763179396,Euless,1763188501,2025-11-15,1763188501,1763254121,11,65620,2025,11,2.922554890219561,False,2.922554890219561
c45288bed5500a2558cf705c8c5657c6499de7ee,DFW Airport,1763169560,Grapevine,1763188752,2025-11-15,1763188752,1763238324,7,49572,2025,11,2.922554890219561,False,2.922554890219561
605d393476cec8ca2196cce7ef027a5e4e8e2eb9,DFW Airport,1763179396,Fort Worth,1763188837,2025-11-15,1763188837,1763254516,14,65679,2025,11,2.922554890219561,False,2.922554890219561
605d393476cec8ca2196cce7ef027a5e4e8e2eb9,DFW Airport,1763179396,Arlington,1763188929,2025-11-15,1763188929,1763253871,29,64942,2025,11,2.922554890219561,False,2.922554890219561
b151cc52b467ef568ba0e192e71eacc933c8fe64,DFW Airport,1763150080,Irving,1763189574,2025-11-15,1763189574,1763268713,17,79139,2025,11,2.922554890219561,False,2.922554890219561
6c49a0eecf04d0facffa368dc868da8232adf55b,Dallas Love Field,1763167494,Dallas,1763190981,2025-11-15,1763190981,1763212976,22,21995,2025,11,,,
9f4918bfa31f9d3ebb1b4110cbd318b3bfcbfa0d,DFW Airport,1763176099,Grand Prairie,1763192682,2025-11-15,1763192682,1763214747,32,22065,2025,11,2.922554890219561,False,2.922554890219561
85b9e9354abfbdf445757d1891760af2626f0519,DFW Airport,1763195072,Grapevine,1763197701,2025-11-15,1763197701,1763221710,34,24009,2025,11,2.922554890219561,False,2.922554890219561
a544daf3bb665fb36bba1a5bae97448161164836,DFW Airport,1763160736,North Richland Hills,1763203696,2025-11-15,1763203696,1763216513,4,12817,2025,11,2.922554890219561,False,2.922554890219561
6287520f7977948dee5628431e788198c3231167,DFW Airport,1763206093,Grapevine,1763206103,2025-11-15,1763206103,1763216245,19,10142,2025,11,2.922554890219561,False,2.922554890219561
8cd20a836838522da7924a6bd9a0860ac149eed7,Dallas Love Field,1763133645,Dallas,1763209094,2025-11-15,1763209094,1763216623,11,7529,2025,11,,,
78bc1bda5d13e0b50102fbb96ad4dc784009a3bb,DFW Airport,1763215536,Grapevine,1763215543,2025-11-15,1763215543,1763242130,40,26587,2025,11,2.922554890219561,False,2.922554890219561
c45288bed5500a2558cf705c8c5657c6499de7ee,DFW Airport,1763169560,Frisco,1763217012,2025-11-15,1763217012,1763246508,14,29496,2025,11,2.922554890219561,False,2.922554890219561
c45288bed5500a2558cf705c8c5657c6499de7ee,DFW Airport,1763169560,McKinney,1763217963,2025-11-15,1763217963,1763247263,27,29300,2025,11,2.922554890219561,False,2.922554890219561
c45288bed5500a2558cf705c8c5657c6499de7ee,DFW Airport,1763169560,The Colony,1763217998,2025-11-15,1763217998,1763239493,5,21495,2025,11,2.922554890219561,False,2.922554890219561
f9905e2d16ed3b6949e19aa16a3299612ad79ad0,Dallas Love Field,1763217772,Dallas,1763218249,2025-11-15,1763218249,1763242661,15,24412,2025,11,,,
78bc1bda5d13e0b50102fbb96ad4dc784009a3bb,DFW Airport,1763215536,Haltom City,1763218896,2025-11-15,1763218896,1763240579,12,21683,2025,11,2.922554890219561,False,2.922554890219561
93b90fe6d6db7df0433bcd13effd72cfe36b445f,DFW Airport,1763218233,Dallas,1763219536,2025-11-15,1763219536,1763236139,208,16603,2025,11,2.922554890219561,False,2.922554890219561
e741641febc8272389ad52c6ba97ea2c52cf0e23,DFW Airport,1763220976,Fort Worth,1763221074,2025-11-15,1763221074,1763254419,120,33345,2025,11,2.922554890219561,False,2.922554890219561
65177a05fe2c3d4ef812fd9c78b6886350593efb,DFW Airport,1763170288,Southlake,1763227244,2025-11-15,1763227244,1763252828,5,25584,2025,11,2.922554890219561,False,2.922554890219561
65177a05fe2c3d4ef812fd9c78b6886350593efb,DFW Airport,1763170288,Carrollton,1763227869,2025-11-15,1763227869,1763244460,8,16591,2025,11,2.922554890219561,False,2.922554890219561
500dcd4aa95d1203ae098bc417ed5f2d076e9062,DFW Airport,1763228299,Grapevine,1763228308,2025-11-15,1763228308,1763249329,6,21021,2025,11,2.922554890219561,False,2.922554890219561
65177a05fe2c3d4ef812fd9c78b6886350593efb,DFW Airport,1763170288,Dallas,1763228317,2025-11-15,1763228317,1763242409,3,14092,2025,11,2.922554890219561,False,2.922554890219561
65177a05fe2c3d4ef812fd9c78b6886350593efb,DFW Airport,1763170288,Plano,1763228673,2025-11-15,1763228673,1763242367,19,13694,2025,11,2.922554890219561,False,2.922554890219561
362025c9477e2d1094b0d17987685ae1c261acb9,Dallas Love Field,1763227867,Dallas,1763229781,2025-11-15,1763229781,1763238775,6,8994,2025,11,,,
65177a05fe2c3d4ef812fd9c78b6886350593efb,DFW Airport,1763170288,Allen,1763229874,2025-11-15,1763229874,1763239610,9,9736,2025,11,2.922554890219561,False,2.922554890219561
500dcd4aa95d1203ae098bc417ed5f2d076e9062,DFW Airport,1763228299,Fort Worth,1763230862,2025-11-15,1763230862,1763271863,114,41001,2025,11,2.922554890219561,False,2.922554890219561
5ea32d90798c9de16f6f7c34cb8fd378d7e436c0,DFW Airport,1763224118,Forney,1763232080,2025-11-15,1763232080,1763255399,35,23319,2025,11,2.922554890219561,False,2.922554890219561
bbc3902039fadd2fcb39b4e2c3a184853772a773,Dallas Love Field,1763242777,Dallas,1763244114,2025-11-15,1763244114,1763262754,17,18640,2025,11,,,
1bb4dad150451d8b6cb2abb3b991aeaf38afb93b,DFW Airport,1763248883,Grapevine,1763248899,2025-11-15,1763248899,1763259101,58,10202,2025,11,2.922554890219561,False,2.922554890219561
4ca08f36ec9e3e208f689266bb77a5e78c1d7458,Dallas Love Field,1763230362,The Colony,1763252352,2025-11-15,1763252352,1763264301,9,11949,2025,11,,,
b151cc52b467ef568ba0e192e71eacc933c8fe64,DFW Airport,1763253861,Dallas,1763272941,2025-11-16,1763272941,1763358838,173,85897,2025,11,2.922554890219561,False,2.922554890219561
4ca08f36ec9e3e208f689266bb77a5e78c1d7458,Dallas Love Field,1763252352,The Colony,1763274385,2025-11-16,1763274385,1763313716,40,39331,2025,11,,,
65eeda7be67c878116fe5e87c21a410291160dd6,DFW Airport,1763265006,Dallas,1763276058,2025-11-16,1763276058,1763299105,18,23047,2025,11,2.922554890219561,False,2.922554890219561
512bf589c916372cb25557077ad094381b637298,DFW Airport,1763270686,Midlothian,1763277587,2025-11-16,1763277587,1763307173,48,29586,2025,11,2.922554890219561,False,2.922554890219561
e741641febc8272389ad52c6ba97ea2c52cf0e23,DFW Airport,1763220976,Fort Worth,1763278846,2025-11-16,1763278846,1763307308,66,28462,2025,11,2.922554890219561,False,2.922554890219561
500dcd4aa95d1203ae098bc417ed5f2d076e9062,DFW Airport,1763253784,Fort Worth,1763278926,2025-11-16,1763278926,1763312905,74,33979,2025,11,2.922554890219561,False,2.922554890219561
0def697abc9dc850dba4576f5b039515ae9e9b2b,DFW Airport,1763280406,Grapevine,1763280516,2025-11-16,1763280516,1763305911,18,25395,2025,11,2.922554890219561,False,2.922554890219561
e741641febc8272389ad52c6ba97ea2c52cf0e23,DFW Airport,1763253406,Arlington,1763288504,2025-11-16,1763288504,1763305733,80,17229,2025,11,2.922554890219561,False,2.922554890219561
bbc3902039fadd2fcb39b4e2c3a184853772a773,Dallas Love Field,1763242777,Irving,1763289555,2025-11-16,1763289555,1763353512,5,63957,2025,11,,,
b151cc52b467ef568ba0e192e71eacc933c8fe64,DFW Airport,1763253861,Grapevine,1763294944,2025-11-16,1763294944,1763350360,17,55416,2025,11,2.922554890219561,False,2.922554890219561
512bf589c916372cb25557077ad094381b637298,DFW Airport,1763270686,Rendon,1763307960,2025-11-16,1763307960,1763315355,23,7395,2025,11,2.922554890219561,False,2.922554890219561
3f59388255dee01a8d93da5b5ce81c7a641b656a,Dallas Love Field,1763320155,Dallas,1763320781,2025-11-16,1763320781,1763330564,18,9783,2025,11,,,
bbc3902039fadd2fcb39b4e2c3a184853772a773,Dallas Love Field,1763242777,Dallas,1763320785,2025-11-16,1763320785,1763332921,16,12136,2025,11,,,
ed433e448c3cde8c45a0b108209606e6ef2b06f8,DFW Airport,1763318954,Grapevine,1763321397,2025-11-16,1763321397,1763337154,5,15757,2025,11,2.922554890219561,False,2.922554890219561
2d82acde9d535e0b1fd2f8c8cdff4fe4fdf56dc7,DFW Airport,1763320493,Grapevine,1763321495,2025-11-16,1763321495,1763331981,5,10486,2025,11,2.922554890219561,False,2.922554890219561
488a6ca35761e5c6e7cd71c48b7a6af992f51e2c,DFW Airport,1763322369,Grapevine,1763323042,2025-11-16,1763323042,1763334708,7,11666,2025,11,2.922554890219561,False,2.922554890219561
65972da6a319aa4d2c95dba3575a3ae4c1a31888,Dallas Love Field,1763248341,Arlington,1763323066,2025-11-16,1763323066,1763334722,38,11656,2025,11,,,
3e7c05a497cd923c4393fbb19e750f49ebee0e54,Dallas Love Field,1763325598,Dallas,1763327501,2025-11-16,1763327501,1763343039,22,15538,2025,11,,,
5bdd9e11713926e64b6c0a6fabdacf89419f0c01,Dallas Love Field,1763325943,Dallas,1763328003,2025-11-16,1763328003,1763339734,17,11731,2025,11,,,
b151cc52b467ef568ba0e192e71eacc933c8fe64,DFW Airport,1763253861,Irving,1763328825,2025-11-16,1763328825,1763353884,25,25059,2025,11,2.922554890219561,False,2.922554890219561
6d2114dec7c0846ba68098a3b5e213f62fa533d2,DFW Airport,1763329498,Grapevine,1763329871,2025-11-16,1763329871,1763339749,16,9878,2025,11,2.922554890219561,False,2.922554890219561
9ab93ca449bd3442262dd9ea07f0273174529764,DFW Airport,1763331262,Grapevine,1763331263,2025-11-16,1763331263,1763339754,16,8491,2025,11,2.922554890219561,False,2.922554890219561
174656004d86a028e33c3dc0f329fea6827cbcd8,Dallas Love Field,1763333446,Dallas,1763335071,2025-11-16,1763335071,1763345470,84,10399,2025,11,,,
ef101fdf6b5e3f4bde81de1e5200cebee48a042a,Dallas Love Field,1763311444,Dallas,1763340064,2025-11-16,1763340064,1763349250,4,9186,2025,11,,,
1a04a8ae4178739f886286d1300f4ce3136733a4,DFW Airport,1763348608,Arlington,1763359564,2025-11-17,1763359564,1763421409,25,61845,2025,11,2.922554890219561,False,2.922554890219561
ef101fdf6b5e3f4bde81de1e5200cebee48a042a,Dallas Love Field,1763311444,Irving,1763360586,2025-11-17,1763360586,1763377006,8,16420,2025,11,,,
174656004d86a028e33c3dc0f329fea6827cbcd8,Dallas Love Field,1763333446,Dallas,1763361367,2025-11-17,1763361367,1763427227,46,65860,2025,11,,,
f12d939ee932a660ae796d4541b91c9868cc2c83,DFW Airport,1763363617,Grapevine,1763367357,2025-11-17,1763367357,1763377000,6,9643,2025,11,2.922554890219561,False,2.922554890219561
ef101fdf6b5e3f4bde81de1e5200cebee48a042a,Dallas Love Field,1763311444,Dallas,1763377519,2025-11-17,1763377519,1763419189,17,41670,2025,11,,,
bbc3902039fadd2fcb39b4e2c3a184853772a773,Dallas Love Field,1763320903,Dallas,1763382179,2025-11-17,1763382179,1763437480,30,55301,2025,11,,,
36f601babc378ea13280d5af7a41da02709f87eb,Dallas Love Field,1763383237,Dallas,1763383247,2025-11-17,1763383247,1763441038,64,57791,2025,11,,,
4e156fbd3815e8e2852f79b1a14e653bbae2ef37,DFW Airport,1763397447,Grapevine,1763397451,2025-11-17,1763397451,1763428724,10,31273,2025,11,2.922554890219561,False,2.922554890219561
abff6001e5f154c802d11a110bccc7aa4f3ad7c3,DFW Airport,1763397692,Grapevine,1763397701,2025-11-17,1763397701,1763406306,27,8605,2025,11,2.922554890219561,False,2.922554890219561
4fa899c6fe14302d540b9f7199b90538320b8916,Dallas Love Field,1763396646,Irving,1763398567,2025-11-17,1763398567,1763440841,94,42274,2025,11,,,
b151cc52b467ef568ba0e192e71eacc933c8fe64,DFW Airport,1763350087,Dallas,1763399402,2025-11-17,1763399402,1763444385,75,44983,2025,11,2.922554890219561,False,2.922554890219561
290a3c77d36f333ed686f505d7d0f6bb0d14f6b3,Dallas Love Field,1763394371,Fort Worth,1763399738,2025-11-17,1763399738,1763440824,10,41086,2025,11,,,
290a3c77d36f333ed686f505d7d0f6bb0d14f6b3,Dallas Love Field,1763394371,Grand Prairie,1763400049,2025-11-17,1763400049,1763410114,4,10065,2025,11,,,
290a3c77d36f333ed686f505d7d0f6bb0d14f6b3,Dallas Love Field,1763394371,Arlington,1763400140,2025-11-17,1763400140,1763409831,37,9691,2025,11,,,
41e5cc8446f3f82104aaeb4abc58138196ab7ebf,DFW Airport,1763400907,Grapevine,1763400922,2025-11-17,1763400922,1763408899,9,7977,2025,11,2.922554890219561,False,2.922554890219561
b151cc52b467ef568ba0e192e71eacc933c8fe64,DFW Airport,1763350087,Grand Prairie,1763403978,2025-11-17,1763403978,1763442595,16,38617,2025,11,2.922554890219561,False,2.922554890219561
565cc35a23067d46c76141b2a40833abbddc3e84,Dallas Love Field,1763400517,Heartland,1763408258,2025-11-17,1763408258,1763437289,98,29031,2025,11,,,
b151cc52b467ef568ba0e192e71eacc933c8fe64,DFW Airport,1763350087,Grapevine,1763409789,2025-11-17,1763409789,1763419789,6,10000,2025,11,2.922554890219561,False,2.922554890219561
368add54f09c5b5aab3e89103033abacef22c132,Dallas Love Field,1763409863,Dallas,1763409896,2025-11-17,1763409896,1763435206,40,25310,2025,11,,,
351452e475f1346d6d0d3c0e976d5ebab74215d5,DFW Airport,1763407496,Arlington,1763410135,2025-11-17,1763410135,1763441314,24,31179,2025,11,2.922554890219561,False,2.922554890219561
b151cc52b467ef568ba0e192e71eacc933c8fe64,DFW Airport,1763350087,Irving,1763410178,2025-11-17,1763410178,1763442346,22,32168,2025,11,2.922554890219561,False,2.922554890219561
3f59388255dee01a8d93da5b5ce81c7a641b656a,Dallas Love Field,1763403792,Irving,1763410297,2025-11-17,1763410297,1763445250,98,34953,2025,11,,,
290a3c77d36f333ed686f505d7d0f6bb0d14f6b3,Dallas Love Field,1763394371,Euless,1763410332,2025-11-17,1763410332,1763445032,139,34700,2025,11,,,
290a3c77d36f333ed686f505d7d0f6bb0d14f6b3,Dallas Love Field,1763394371,Grapevine,1763411977,2025-11-17,1763411977,1763440648,12,28671,2025,11,,,
5690039ec72d14609343846556f4277d08cf8db3,DFW Airport,1763415214,Grapevine,1763415224,2025-11-17,1763415224,1763425762,36,10538,2025,11,2.922554890219561,False,2.922554890219561
87f2c5cf011ba90d511566c12548ae27f76c5a38,Dallas Love Field,1763411483,Melissa,1763417131,2025-11-17,1763417131,1763444788,20,27657,2025,11,,,
ea5d325d97ed2d970e6c8a3d52de7249a16a3373,DFW Airport,1763416063,Irving,1763418332,2025-11-17,1763418332,1763444897,69,26565,2025,11,2.922554890219561,False,2.922554890219561
371138e6d253fbbb85c0f2435e929f23d3a75a07,DFW Airport,1763418291,Grapevine,1763418346,2025-11-17,1763418346,1763426913,27,8567,2025,11,2.922554890219561,False,2.922554890219561
ea5d325d97ed2d970e6c8a3d52de7249a16a3373,DFW Airport,1763416063,Grand Prairie,1763422819,2025-11-17,1763422819,1763438653,7,15834,2025,11,2.922554890219561,False,2.922554890219561
ea5d325d97ed2d970e6c8a3d52de7249a16a3373,DFW Airport,1763416063,Arlington,1763423201,2025-11-17,1763423201,1763438474,61,15273,2025,11,2.922554890219561,False,2.922554890219561
4fa899c6fe14302d540b9f7199b90538320b8916,Dallas Love Field,1763396646,Euless,1763425205,2025-11-17,1763425205,1763435095,29,9890,2025,11,,,
371138e6d253fbbb85c0f2435e929f23d3a75a07,DFW Airport,1763418291,McKinney,1763428878,2025-11-17,1763428878,1763442647,36,13769,2025,11,2.922554890219561,False,2.922554890219561
576f48062c5461e045cd50b7ef25c6d03a8ea093,DFW Airport,1763388311,Dallas,1763432221,2025-11-17,1763432221,1763444687,111,12466,2025,11,2.922554890219561,False,2.922554890219561
e696aeec1e4c504f88eba337686f56977cd741ba,Dallas Love Field,1763443696,Irving,1763445771,2025-11-18,1763445771,1763524110,37,78339,2025,11,,,
371138e6d253fbbb85c0f2435e929f23d3a75a07,DFW Airport,1763425368,McKinney,1763445787,2025-11-18,1763445787,1763508400,109,62613,2025,11,2.922554890219561,False,2.922554890219561
ea5d325d97ed2d970e6c8a3d52de7249a16a3373,DFW Airport,1763426280,Irving,1763445901,2025-11-18,1763445901,1763483464,72,37563,2025,11,2.922554890219561,False,2.922554890219561
3f59388255dee01a8d93da5b5ce81c7a641b656a,Dallas Love Field,1763403792,Irving,1763446093,2025-11-18,1763446093,1763464057,56,17964,2025,11,,,
290a3c77d36f333ed686f505d7d0f6bb0d14f6b3,Dallas Love Field,1763424721,Euless,1763446207,2025-11-18,1763446207,1763480812,92,34605,2025,11,,,
b151cc52b467ef568ba0e192e71eacc933c8fe64,DFW Airport,1763440827,Dallas,1763447052,2025-11-18,1763447052,1763489751,35,42699,2025,11,2.922554890219561,False,2.922554890219561
35fe1af98d02cf25eac08f3ad14c807e7d711857,DFW Airport,1763429539,Allen,1763447791,2025-11-18,1763447791,1763486801,24,39010,2025,11,2.922554890219561,False,2.922554890219561
87f2c5cf011ba90d511566c12548ae27f76c5a38,Dallas Love Field,1763437789,Melissa,1763449358,2025-11-18,1763449358,1763479719,48,30361,2025,11,,,
351452e475f1346d6d0d3c0e976d5ebab74215d5,DFW Airport,1763432951,Arlington,1763450242,2025-11-18,1763450242,1763482171,28,31929,2025,11,2.922554890219561,False,2.922554890219561
b151cc52b467ef568ba0e192e71eacc933c8fe64,DFW Airport,1763440827,Grand Prairie,1763450404,2025-11-18,1763450404,1763478225,16,27821,2025,11,2.922554890219561,False,2.922554890219561
4fa899c6fe14302d540b9f7199b90538320b8916,Dallas Love Field,1763425205,Irving,1763450496,2025-11-18,1763450496,1763481828,38,31332,2025,11,,,
3f59388255dee01a8d93da5b5ce81c7a641b656a,Dallas Love Field,1763403792,Dallas,1763464064,2025-11-18,1763464064,1763512996,212,48932,2025,11,,,
190b4232196f049f0f5cd303a7770cd511184ef7,DFW Airport,1763467501,Grapevine,1763468701,2025-11-18,1763468701,1763478587,7,9886,2025,11,2.922554890219561,False,2.922554890219561
ae99b847e771831177e441097d8c7e2ccce5e311,DFW Airport,1763472585,Grapevine,1763472977,2025-11-18,1763472977,1763521857,37,48880,2025,11,2.922554890219561,False,2.922554890219561
be5c441ede8b82c99cf517594e2a4e99beac6ef1,DFW Airport,1763474788,Grapevine,1763474814,2025-11-18,1763474814,1763500911,36,26097,2025,11,2.922554890219561,False,2.922554890219561
8eee7351fc4c326646cfdbff0256d109bcdbd79d,DFW Airport,1763472965,Addison,1763476555,2025-11-18,1763476555,1763526243,27,49688,2025,11,2.922554890219561,False,2.922554890219561
1b150eaa9fd26ca692ae7533a7d303e7590d0c7d,DFW Airport,1763475833,Grapevine,1763480359,2025-11-18,1763480359,1763491222,27,10863,2025,11,2.922554890219561,False,2.922554890219561
6d9bbd2d06fcf59711b5854cfb8125d6988bf086,Dallas Love Field,1763480439,Dallas,1763481400,2025-11-18,1763481400,1763527371,31,45971,2025,11,,,
97799fae98f7feeb81fde1cfd7abfed2964c65a5,Dallas Love Field,1763419303,Fort Worth,1763482144,2025-11-18,1763482144,1763503299,60,21155,2025,11,,,
f5f866a252e1a20484ad8330753fb481d7fae63e,DFW Airport,1763482146,Grapevine,1763482176,2025-11-18,1763482176,1763490521,9,8345,2025,11,2.922554890219561,False,2.922554890219561
97799fae98f7feeb81fde1cfd7abfed2964c65a5,Dallas Love Field,1763424605,Burleson,1763483560,2025-11-18,1763483560,1763501791,22,18231,2025,11,,,
5c53c4ca49420ffb0c74f583861b46facff2cda7,DFW Airport,1763483902,Grapevine,1763484121,2025-11-18,1763484121,1763512343,24,28222,2025,11,2.922554890219561,False,2.922554890219561
e696aeec1e4c504f88eba337686f56977cd741ba,Dallas Love Field,1763443696,Grand Prairie,1763484137,2025-11-18,1763484137,1763516297,10,32160,2025,11,,,
97799fae98f7feeb81fde1cfd7abfed2964c65a5,Dallas Love Field,1763419303,Alvarado,1763484188,2025-11-18,1763484188,1763501471,16,17283,2025,11,,,
e696aeec1e4c504f88eba337686f56977cd741ba,Dallas Love Field,1763443696,Arlington,1763484311,2025-11-18,1763484311,1763516024,58,31713,2025,11,,,
ea5d325d97ed2d970e6c8a3d52de7249a16a3373,DFW Airport,1763416063,Fort Worth,1763484669,2025-11-18,1763484669,1763492898,54,8229,2025,11,2.922554890219561,False,2.922554890219561
241062173fcbf53d5c7dbb8c23c44dce6f10fc6a,DFW Airport,1763483054,Irving,1763485592,2025-11-18,1763485592,1763501687,23,16095,2025,11,2.922554890219561,False,2.922554890219561
f57579cfc670f221c79304ebaae7041d6831da5e,DFW Airport,1763486298,Grapevine,1763486317,2025-11-18,1763486317,1763498299,9,11982,2025,11,2.922554890219561,False,2.922554890219561
35fe1af98d02cf25eac08f3ad14c807e7d711857,DFW Airport,1763429539,Plano,1763487502,2025-11-18,1763487502,1763495659,14,8157,2025,11,2.922554890219561,False,2.922554890219561
ae99b847e771831177e441097d8c7e2ccce5e311,DFW Airport,1763472585,Lewisville,1763490645,2025-11-18,1763490645,1763531744,55,41099,2025,11,2.922554890219561,False,2.922554890219561
eec6f8fd70e24a00ce1a47eae50867381ce26bda,Dallas Love Field,1763490598,Dallas,1763491149,2025-11-18,1763491149,1763528870,92,37721,2025,11,,,
eec6f8fd70e24a00ce1a47eae50867381ce26bda,Dallas Love Field,1763490598,Arlington,1763491286,2025-11-18,1763491286,1763502017,2,10731,2025,11,,,
d101058466576bc0c52fd64b10bfab22af98bbbb,DFW Airport,1763487684,Flower Mound,1763492469,2025-11-18,1763492469,1763531156,12,38687,2025,11,2.922554890219561,False,2.922554890219561
ea5d325d97ed2d970e6c8a3d52de7249a16a3373,DFW Airport,1763416063,Arlington,1763493010,2025-11-18,1763493010,1763502426,46,9416,2025,11,2.922554890219561,False,2.922554890219561
eec6f8fd70e24a00ce1a47eae50867381ce26bda,Dallas Love Field,1763490598,Carrollton,1763493383,2025-11-18,1763493383,1763527381,147,33998,2025,11,,,
b151cc52b467ef568ba0e192e71eacc933c8fe64,DFW Airport,1763440827,Irving,1763494085,2025-11-18,1763494085,1763529563,25,35478,2025,11,2.922554890219561,False,2.922554890219561
db8729bdd3ac3e6172ccd5da558d27f875f436c9,DFW Airport,1763495474,Grapevine,1763495496,2025-11-18,1763495496,1763524048,60,28552,2025,11,2.922554890219561,False,2.922554890219561
ae99b847e771831177e441097d8c7e2ccce5e311,DFW Airport,1763472585,Flower Mound,1763496871,2025-11-18,1763496871,1763511645,6,14774,2025,11,2.922554890219561,False,2.922554890219561
f8918c0d9e6fcb9953f19930aca278a1024caaec,DFW Airport,1763498663,Grapevine,1763500581,2025-11-18,1763500581,1763510514,6,9933,2025,11,2.922554890219561,False,2.922554890219561
4308757f1fd2ed0335e08c76c6131650deb7dd13,Dallas Love Field,1763500460,Dallas,1763501560,2025-11-18,1763501560,1763508762,2,7202,2025,11,,,
19f97f28808bb492550897a8079e2fcf1fc67f31,DFW Airport,1763501209,Dallas,1763502425,2025-11-18,1763502425,1763511477,25,9052,2025,11,2.922554890219561,False,2.922554890219561
2e7d0954bd4daa63020552cc93bd2c6978b67aa2,Dallas Love Field,1763497531,Mansfield,1763502697,2025-11-18,1763502697,1763530896,21,28199,2025,11,,,
2c20ec4eb015a38a2a9eba2cb37f53e647554248,Dallas Love Field,1763509159,Dallas,1763510399,2025-11-18,1763510399,1763531809,78,21410,2025,11,,,
241062173fcbf53d5c7dbb8c23c44dce6f10fc6a,DFW Airport,1763483054,Grapevine,1763513249,2025-11-18,1763513249,1763522817,17,9568,2025,11,2.922554890219561,False,2.922554890219561
db8729bdd3ac3e6172ccd5da558d27f875f436c9,DFW Airport,1763495474,Dallas,1763513633,2025-11-18,1763513633,1763530191,5,16558,2025,11,2.922554890219561,False,2.922554890219561
4cba364a2a3e49aff9649e0d950d8f2b364745be,Dallas Love Field,1763502378,Dallas,1763515086,2025-11-18,1763515086,1763524011,11,8925,2025,11,,,
bc279e22d3160ab3e53e584258c69c800a064ccc,DFW Airport,1763517140,Grapevine,1763518273,2025-11-18,1763518273,1763525593,6,7320,2025,11,2.922554890219561,False,2.922554890219561
6961a92f58e9cc0849ce44b071ab9af2966c21d3,DFW Airport,1763518959,Grapevine,1763518971,2025-11-18,1763518971,1763527174,28,8203,2025,11,2.922554890219561,False,2.922554890219561
db00c0affca69139fc71f071b2468a073d39ef9a,Dallas Love Field,1763515905,Frisco,1763520639,2025-11-18,1763520639,1763531493,23,10854,2025,11,,,
c4f56ac906f0ab3abeb1a898d26e7d43911dbc16,Dallas Love Field,1763520178,Sachse,1763524082,2025-11-18,1763524082,1763531728,9,7646,2025,11,,,
2e7d0954bd4daa63020552cc93bd2c6978b67aa2,Dallas Love Field,1763497531,Mansfield,1763532152,2025-11-19,1763532152,1763561640,36,29488,2025,11,,,
ae99b847e771831177e441097d8c7e2ccce5e311,DFW Airport,1763472585,Lewisville,1763532332,2025-11-19,1763532332,1763618304,97,85972,2025,11,2.922554890219561,False,2.922554890219561
2c20ec4eb015a38a2a9eba2cb37f53e647554248,Dallas Love Field,1763511582,Dallas,1763532945,2025-11-19,1763532945,1763596468,210,63523,2025,11,,,
d101058466576bc0c52fd64b10bfab22af98bbbb,DFW Airport,1763487684,Flower Mound,1763533582,2025-11-19,1763533582,1763550718,6,17136,2025,11,2.922554890219561,False,2.922554890219561
15e39435fe48380b75860ff247bfdd8ee541bd09,DFW Airport,1763534192,Grapevine,1763534200,2025-11-19,1763534200,1763553412,8,19212,2025,11,2.922554890219561,False,2.922554890219561
69e62407a3ce49227ed17f1c76822799248a8fd6,Dallas Love Field,1763534013,Dallas,1763534520,2025-11-19,1763534520,1763596004,71,61484,2025,11,,,
19f97f28808bb492550897a8079e2fcf1fc67f31,DFW Airport,1763501209,Dallas,1763534553,2025-11-19,1763534553,1763569875,28,35322,2025,11,2.922554890219561,False,2.922554890219561
8eee7351fc4c326646cfdbff0256d109bcdbd79d,DFW Airport,1763472965,Addison,1763534849,2025-11-19,1763534849,1763617068,34,82219,2025,11,2.922554890219561,False,2.922554890219561
db00c0affca69139fc71f071b2468a073d39ef9a,Dallas Love Field,1763515905,Frisco,1763534929,2025-11-19,1763534929,1763597394,23,62465,2025,11,,,
db8729bdd3ac3e6172ccd5da558d27f875f436c9,DFW Airport,1763517475,Dallas,1763535124,2025-11-19,1763535124,1763551794,10,16670,2025,11,2.922554890219561,False,2.922554890219561
69e62407a3ce49227ed17f1c76822799248a8fd6,Dallas Love Field,1763534013,Irving,1763535960,2025-11-19,1763535960,1763595257,56,59297,2025,11,,,
69e62407a3ce49227ed17f1c76822799248a8fd6,Dallas Love Field,1763534013,Grand Prairie,1763536688,2025-11-19,1763536688,1763609573,134,72885,2025,11,,,
6961a92f58e9cc0849ce44b071ab9af2966c21d3,DFW Airport,1763518959,Grapevine,1763539365,2025-11-19,1763539365,1763571328,27,31963,2025,11,2.922554890219561,False,2.922554890219561
8eee7351fc4c326646cfdbff0256d109bcdbd79d,DFW Airport,1763472965,Dallas,1763539477,2025-11-19,1763539477,1763616759,4,77282,2025,11,2.922554890219561,False,2.922554890219561
7d2bcd32ef0999c69079ec18b6d4a3f1cc1b07e3,Dallas Love Field,1763521496,McKinney,1763542332,2025-11-19,1763542332,1763603295,21,60963,2025,11,,,
34c0890ce0b2a96c1d75875b03048de0445f7e89,DFW Airport,1763517295,Fort Worth,1763542980,2025-11-19,1763542980,1763608695,58,65715,2025,11,2.922554890219561,False,2.922554890219561
e015eccaa47cc9032a3fb9314bfbf36df71567ae,DFW Airport,1763537275,Grapevine,1763545190,2025-11-19,1763545190,1763558760,5,13570,2025,11,2.922554890219561,False,2.922554890219561
6d9bbd2d06fcf59711b5854cfb8125d6988bf086,Dallas Love Field,1763515171,Dallas,1763546000,2025-11-19,1763546000,1763563575,10,17575,2025,11,,,
15527b75d8cc47c58ea94545228f55e7ea5a34a4,DFW Airport,1763547950,Grapevine,1763547951,2025-11-19,1763547951,1763577406,10,29455,2025,11,2.922554890219561,False,2.922554890219561
2e7d0954bd4daa63020552cc93bd2c6978b67aa2,Dallas Love Field,1763497531,Arlington,1763549340,2025-11-19,1763549340,1763562494,26,13154,2025,11,,,
2e7d0954bd4daa63020552cc93bd2c6978b67aa2,Dallas Love Field,1763497531,Grand Prairie,1763549806,2025-11-19,1763549806,1763562603,6,12797,2025,11,,,
2e7d0954bd4daa63020552cc93bd2c6978b67aa2,Dallas Love Field,1763497531,Dallas,1763550305,2025-11-19,1763550305,1763567083,47,16778,2025,11,,,
ae99b847e771831177e441097d8c7e2ccce5e311,DFW Airport,1763472585,Grapevine,1763552538,2025-11-19,1763552538,1763575915,25,23377,2025,11,2.922554890219561,False,2.922554890219561
ebeaae66617467020ad3d15da51d8e60a696942b,Dallas Love Field,1763558819,McKinney,1763561107,2025-11-19,1763561107,1763577293,39,16186,2025,11,,,
296b9ebcd9802577d8c8f19d3a54086ca39920fa,Dallas Love Field,1763513528,Frisco,1763562607,2025-11-19,1763562607,1763592463,44,29856,2025,11,,,
a3dabcc5b5e9f3a371c3b1786d7f70650845292f,DFW Airport,1763565453,Grapevine,1763566607,2025-11-19,1763566607,1763574899,16,8292,2025,11,2.922554890219561,False,2.922554890219561
f4b45be69e6c9c90d3ac10af87f0f4f910982a76,DFW Airport,1763567554,Grapevine,1763567563,2025-11-19,1763567563,1763584972,16,17409,2025,11,2.922554890219561,False,2.922554890219561
3c8dd99cf25530355e7be93103c5e309d883306f,Dallas Love Field,1763569104,Dallas,1763569127,2025-11-19,1763569127,1763578172,60,9045,2025,11,,,
500dcd4aa95d1203ae098bc417ed5f2d076e9062,DFW Airport,1763569206,Grapevine,1763569250,2025-11-19,1763569250,1763577405,7,8155,2025,11,2.922554890219561,False,2.922554890219561
e015eccaa47cc9032a3fb9314bfbf36df71567ae,DFW Airport,1763537275,Fort Worth,1763570953,2025-11-19,1763570953,1763611551,19,40598,2025,11,2.922554890219561,False,2.922554890219561
556c9781629dd535ee749cab95bf792ddbcf3239,DFW Airport,1763575741,Grapevine,1763575792,2025-11-19,1763575792,1763584132,7,8340,2025,11,2.922554890219561,False,2.922554890219561
a8fedd55adbac5ea45911c31ad61bc2ae1fbf29a,DFW Airport,1763571933,Grapevine,1763576318,2025-11-19,1763576318,1763593972,2,17654,2025,11,2.922554890219561,False,2.922554890219561
a15022adc97e345e83c797ec333d5c68034c13f4,DFW Airport,1763576670,Grapevine,1763577859,2025-11-19,1763577859,1763589282,4,11423,2025,11,2.922554890219561,False,2.922554890219561
5ad660a3c369bdb311f94b6a5a921e56504b714a,Dallas Love Field,1763575851,Dallas,1763579980,2025-11-19,1763579980,1763608351,39,28371,2025,11,,,
0e7823838dc6c7ea64110d2aa6506a0fce634c1d,DFW Airport,1763581393,Grapevine,1763581404,2025-11-19,1763581404,1763591085,14,9681,2025,11,2.922554890219561,False,2.922554890219561
b9fd578541dd57001e5c84acbdef749cd0bb36de,DFW Airport,1763581116,Grapevine,1763583270,2025-11-19,1763583270,1763618360,18,35090,2025,11,2.922554890219561,False,2.922554890219561
e015eccaa47cc9032a3fb9314bfbf36df71567ae,DFW Airport,1763537275,Grand Prairie,1763583379,2025-11-19,1763583379,1763605036,6,21657,2025,11,2.922554890219561,False,2.922554890219561
ae99b847e771831177e441097d8c7e2ccce5e311,DFW Airport,1763568129,Carrollton,1763594022,2025-11-19,1763594022,1763602763,7,8741,2025,11,2.922554890219561,False,2.922554890219561
1f889fe76cbfc10c09161b48cd14ab780f15cb13,DFW Airport,1763594066,Grapevine,1763594580,2025-11-19,1763594580,1763602312,53,7732,2025,11,2.922554890219561,False,2.922554890219561
f73f2a200dd7d80d9046414b65f71dbdb0927ae7,Dallas Love Field,1763598932,Arlington,1763601770,2025-11-19,1763601770,1763617883,22,16113,2025,11,,,
b9fd578541dd57001e5c84acbdef749cd0bb36de,DFW Airport,1763581116,Grapevine,1763618808,2025-11-20,1763618808,1763650286,30,31478,2025,11,2.922554890219561,False,2.922554890219561
ae99b847e771831177e441097d8c7e2ccce5e311,DFW Airport,1763568129,Lewisville,1763618981,2025-11-20,1763618981,1763704242,75,85261,2025,11,2.922554890219561,False,2.922554890219561
41e5cc8446f3f82104aaeb4abc58138196ab7ebf,DFW Airport,1763575057,Plano,1763619547,2025-11-20,1763619547,1763660692,13,41145,2025,11,2.922554890219561,False,2.922554890219561
46b95208b5d4b35da941b6c86ddaa1d0bd3ee0de,DFW Airport,1763610010,Fort Worth,1763619946,2025-11-20,1763619946,1763693206,26,73260,2025,11,2.922554890219561,False,2.922554890219561
46b95208b5d4b35da941b6c86ddaa1d0bd3ee0de,DFW Airport,1763610010,Burleson,1763620664,2025-11-20,1763620664,1763692529,9,71865,2025,11,2.922554890219561,False,2.922554890219561
46b95208b5d4b35da941b6c86ddaa1d0bd3ee0de,DFW Airport,1763610010,Alvarado,1763621101,2025-11-20,1763621101,1763691749,13,70648,2025,11,2.922554890219561,False,2.922554890219561
46b95208b5d4b35da941b6c86ddaa1d0bd3ee0de,DFW Airport,1763610010,Grandview,1763621921,2025-11-20,1763621921,1763691116,5,69195,2025,11,2.922554890219561,False,2.922554890219561
f73f2a200dd7d80d9046414b65f71dbdb0927ae7,Dallas Love Field,1763598932,Arlington,1763624265,2025-11-20,1763624265,1763676950,30,52685,2025,11,,,
a8fedd55adbac5ea45911c31ad61bc2ae1fbf29a,DFW Airport,1763603259,Cedar Hill,1763629386,2025-11-20,1763629386,1763654070,48,24684,2025,11,2.922554890219561,False,2.922554890219561
a8fedd55adbac5ea45911c31ad61bc2ae1fbf29a,DFW Airport,1763571933,Mansfield,1763633291,2025-11-20,1763633291,1763655448,26,22157,2025,11,2.922554890219561,False,2.922554890219561
a8fedd55adbac5ea45911c31ad61bc2ae1fbf29a,DFW Airport,1763603259,Grand Prairie,1763633440,2025-11-20,1763633440,1763655087,18,21647,2025,11,2.922554890219561,False,2.922554890219561
a8fedd55adbac5ea45911c31ad61bc2ae1fbf29a,DFW Airport,1763571933,Arlington,1763635608,2025-11-20,1763635608,1763656559,14,20951,2025,11,2.922554890219561,False,2.922554890219561
e0fcfb02059cdfd78a1a66653d698c6a2288007f,Dallas Love Field,1763637115,Dallas,1763637120,2025-11-20,1763637120,1763658584,5,21464,2025,11,,,
ae99b847e771831177e441097d8c7e2ccce5e311,DFW Airport,1763568129,Grapevine,1763637150,2025-11-20,1763637150,1763661282,40,24132,2025,11,2.922554890219561,False,2.922554890219561
5ad660a3c369bdb311f94b6a5a921e56504b714a,Dallas Love Field,1763575851,Dallas,1763641801,2025-11-20,1763641801,1763695197,11,53396,2025,11,,,
ef0c6f9e2c90e81962c28cd158181bdfcec8c4fb,DFW Airport,1763641525,Grapevine,1763643507,2025-11-20,1763643507,1763665063,13,21556,2025,11,2.922554890219561,False,2.922554890219561
c11a162595bb276d0c8ee3e73b22a199ff6aec95,Dallas Love Field,1763645392,Dallas,1763645582,2025-11-20,1763645582,1763681632,17,36050,2025,11,,,
3a3c33a15f2006301f2227d9a0ffcc8dc8fea2bc,Dallas Love Field,1763604484,Coppell,1763650410,2025-11-20,1763650410,1763690179,11,39769,2025,11,,,
17e6adb4e3ee6411f6b7c612809759af6959bf36,Dallas Love Field,1763653397,Dallas,1763654048,2025-11-20,1763654048,1763662902,9,8854,2025,11,,,
84aec3e4d544f50f3986c99de33c9bb503ba3374,DFW Airport,1763596655,Grapevine,1763655643,2025-11-20,1763655643,1763664510,11,8867,2025,11,2.922554890219561,False,2.922554890219561
e0fcfb02059cdfd78a1a66653d698c6a2288007f,Dallas Love Field,1763637115,Frisco,1763655800,2025-11-20,1763655800,1763670419,6,14619,2025,11,,,
94b99aab6a945646f85e4ace92e69850082083ec,Dallas Love Field,1763653151,Mesquite,1763655961,2025-11-20,1763655961,1763704152,29,48191,2025,11,,,
5b9a050335423abc9211dfcc090876ed92d37396,DFW Airport,1763654969,Euless,1763657991,2025-11-20,1763657991,1763702765,19,44774,2025,11,2.922554890219561,False,2.922554890219561
cb2ebb6bf4a4c13a58b201fc0572ad91261526c5,Dallas Love Field,1763658390,Lewisville,1763661096,2025-11-20,1763661096,1763702820,88,41724,2025,11,,,
5d35c22dfda22e961e83373abd683b905acb9a0c,DFW Airport,1763596761,Grapevine,1763661125,2025-11-20,1763661125,1763690509,7,29384,2025,11,2.922554890219561,False,2.922554890219561
2bb5f3159672d2e233842be18398e8372ee9db7f,Dallas Love Field,1763661205,Dallas,1763661241,2025-11-20,1763661241,1763669334,6,8093,2025,11,,,
950e3cae6a0d7d788625a664338217a0dcc17f51,Dallas Love Field,1763666534,Dallas,1763667350,2025-11-20,1763667350,1763674772,9,7422,2025,11,,,
133520c3bd48211a55f1c4c3a83df9a33572bac8,DFW Airport,1763652760,Grapevine,1763669814,2025-11-20,1763669814,1763693423,6,23609,2025,11,2.922554890219561,False,2.922554890219561
f7984ff4dd699b29eb326a1f0cde514dc639f2ee,Dallas Love Field,1763670887,Lucas,1763671114,2025-11-20,1763671114,1763689181,66,18067,2025,11,,,
5b9a050335423abc9211dfcc090876ed92d37396,DFW Airport,1763654969,Hurst,1763671956,2025-11-20,1763671956,1763696214,20,24258,2025,11,2.922554890219561,False,2.922554890219561
f7984ff4dd699b29eb326a1f0cde514dc639f2ee,Dallas Love Field,1763670887,Dallas,1763672121,2025-11-20,1763672121,1763700695,173,28574,2025,11,,,
609b8c125c8f60cb7f287322c72c9fa1d1a8eda3,DFW Airport,1763672135,Grapevine,1763672165,2025-11-20,1763672165,1763683193,16,11028,2025,11,2.922554890219561,False,2.922554890219561
5b9a050335423abc9211dfcc090876ed92d37396,DFW Airport,1763654969,Bedford,1763672491,2025-11-20,1763672491,1763690699,8,18208,2025,11,2.922554890219561,False,2.922554890219561
f7984ff4dd699b29eb326a1f0cde514dc639f2ee,Dallas Love Field,1763670887,Plano,1763673902,2025-11-20,1763673902,1763690928,32,17026,2025,11,,,
96833e5d6d465c6c5ab6fb3e0c8ad1bc6eade80c,DFW Airport,1763673987,McKinney,1763674399,2025-11-20,1763674399,1763684719,18,10320,2025,11,2.922554890219561,False,2.922554890219561
d379e6764cb95c3c5f8c2a63a98ec144e8104631,Dallas Love Field,1763651844,Flower Mound,1763677385,2025-11-20,1763677385,1763691215,9,13830,2025,11,,,
f7984ff4dd699b29eb326a1f0cde514dc639f2ee,Dallas Love Field,1763670887,Allen,1763677755,2025-11-20,1763677755,1763690338,50,12583,2025,11,,,
e8cda55e4e07ab0b6853bf562db788b20f7e02cd,DFW Airport,1763680568,Grapevine,1763680648,2025-11-20,1763680648,1763692555,126,11907,2025,11,2.922554890219561,False,2.922554890219561
e8cda55e4e07ab0b6853bf562db788b20f7e02cd,DFW Airport,1763680568,Dallas,1763680777,2025-11-20,1763680777,1763692072,21,11295,2025,11,2.922554890219561,False,2.922554890219561
d2d632fc8f3725860323386f24a6180b8ed068fb,Dallas Love Field,1763679322,Fort Worth,1763681640,2025-11-20,1763681640,1763703385,120,21745,2025,11,,,
f76ec248ae5cc41e7c9ca6ff6251d84a03b863e4,DFW Airport,1763675741,Plano,1763682747,2025-11-20,1763682747,1763700080,13,17333,2025,11,2.922554890219561,False,2.922554890219561
1bea297b6a33724cc5cc1fbdb70be32c379121c4,DFW Airport,1763668438,Grapevine,1763683801,2025-11-20,1763683801,1763702984,27,19183,2025,11,2.922554890219561,False,2.922554890219561
f7984ff4dd699b29eb326a1f0cde514dc639f2ee,Dallas Love Field,1763670887,Farmers Branch,1763691245,2025-11-20,1763691245,1763702331,6,11086,2025,11,,,
f6c2b861d3db551b484fd8ac87c16b8bfbd55268,DFW Airport,1763684058,Dallas,1763693490,2025-11-20,1763693490,1763703890,18,10400,2025,11,2.922554890219561,False,2.922554890219561
d2d632fc8f3725860323386f24a6180b8ed068fb,Dallas Love Field,1763679322,Dallas,1763704881,2025-11-21,1763704881,1763764667,224,59786,2025,11,,,
ae99b847e771831177e441097d8c7e2ccce5e311,DFW Airport,1763660291,Lewisville,1763704902,2025-11-21,1763704902,1763722301,30,17399,2025,11,2.922554890219561,False,2.922554890219561
96833e5d6d465c6c5ab6fb3e0c8ad1bc6eade80c,DFW Airport,1763684682,McKinney,1763705041,2025-11-21,1763705041,1763760128,46,55087,2025,11,2.922554890219561,False,2.922554890219561
94b99aab6a945646f85e4ace92e69850082083ec,Dallas Love Field,1763653151,Mesquite,1763705289,2025-11-21,1763705289,1763737657,26,32368,2025,11,,,
cb2ebb6bf4a4c13a58b201fc0572ad91261526c5,Dallas Love Field,1763658390,Lewisville,1763705291,2025-11-21,1763705291,1763742828,48,37537,2025,11,,,
1bea297b6a33724cc5cc1fbdb70be32c379121c4,DFW Airport,1763683801,Grapevine,1763705670,2025-11-21,1763705670,1763736835,96,31165,2025,11,2.922554890219561,False,2.922554890219561
0320b421e0429f9e30d02d36838cc0a1b7a7d34b,DFW Airport,1763701894,Grapevine,1763706743,2025-11-21,1763706743,1763741712,9,34969,2025,11,2.922554890219561,False,2.922554890219561
f76ec248ae5cc41e7c9ca6ff6251d84a03b863e4,DFW Airport,1763675741,Plano,1763708096,2025-11-21,1763708096,1763764240,55,56144,2025,11,2.922554890219561,False,2.922554890219561
950e3cae6a0d7d788625a664338217a0dcc17f51,Dallas Love Field,1763666534,Dallas,1763713012,2025-11-21,1763713012,1763734662,5,21650,2025,11,,,
d379e6764cb95c3c5f8c2a63a98ec144e8104631,Dallas Love Field,1763651844,Flower Mound,1763713058,2025-11-21,1763713058,1763723895,8,10837,2025,11,,,
988629a8c23fc96d50cb7b46b3ac2f9317562218,DFW Airport,1763655841,Arlington,1763713307,2025-11-21,1763713307,1763735150,16,21843,2025,11,2.922554890219561,False,2.922554890219561
988629a8c23fc96d50cb7b46b3ac2f9317562218,DFW Airport,1763655841,Grand Prairie,1763713410,2025-11-21,1763713410,1763735212,12,21802,2025,11,2.922554890219561,False,2.922554890219561
5d35c22dfda22e961e83373abd683b905acb9a0c,DFW Airport,1763661193,Carrollton,1763713691,2025-11-21,1763713691,1763736026,6,22335,2025,11,2.922554890219561,False,2.922554890219561
56b5f6e4bb9378925acf7d2a01ea5472783b1cef,DFW Airport,1763707610,Carrollton,1763720116,2025-11-21,1763720116,1763729470,5,9354,2025,11,2.922554890219561,False,2.922554890219561
ae99b847e771831177e441097d8c7e2ccce5e311,DFW Airport,1763660291,Grapevine,1763723505,2025-11-21,1763723505,1763773622,41,50117,2025,11,2.922554890219561,False,2.922554890219561
b151cc52b467ef568ba0e192e71eacc933c8fe64,DFW Airport,1763724519,Grapevine,1763724530,2025-11-21,1763724530,1763755311,13,30781,2025,11,2.922554890219561,False,2.922554890219561
75dd085ab111f935ae6e7e1f9b35f78dad7a9bfc,DFW Airport,1763725293,Grapevine,1763725304,2025-11-21,1763725304,1763741506,16,16202,2025,11,2.922554890219561,False,2.922554890219561
8ac8f9b5611bbff4ba5b02bbd5661b3e966ec2ca,DFW Airport,1763733420,Grapevine,1763734870,2025-11-21,1763734870,1763742307,3,7437,2025,11,2.922554890219561,False,2.922554890219561
988629a8c23fc96d50cb7b46b3ac2f9317562218,DFW Airport,1763655841,Grapevine,1763735683,2025-11-21,1763735683,1763744932,46,9249,2025,11,2.922554890219561,False,2.922554890219561
b151cc52b467ef568ba0e192e71eacc933c8fe64,DFW Airport,1763724519,Dallas,1763739542,2025-11-21,1763739542,1763774159,66,34617,2025,11,2.922554890219561,False,2.922554890219561
8cd20a836838522da7924a6bd9a0860ac149eed7,Dallas Love Field,1763738434,Lewisville,1763739782,2025-11-21,1763739782,1763774784,15,35002,2025,11,,,
f7984ff4dd699b29eb326a1f0cde514dc639f2ee,Dallas Love Field,1763670887,Plano,1763740131,2025-11-21,1763740131,1763781046,16,40915,2025,11,,,
8cd20a836838522da7924a6bd9a0860ac149eed7,Dallas Love Field,1763738434,Hickory Creek,1763741048,2025-11-21,1763741048,1763788782,24,47734,2025,11,,,
8cd20a836838522da7924a6bd9a0860ac149eed7,Dallas Love Field,1763738434,Irving,1763748314,2025-11-21,1763748314,1763765962,4,17648,2025,11,,,
6040aa9ba8ea2fa9bea8688c5f73b2b0c3b4b86a,DFW Airport,1763698484,Grand Prairie,1763749327,2025-11-21,1763749327,1763784169,11,34842,2025,11,2.922554890219561,False,2.922554890219561
6040aa9ba8ea2fa9bea8688c5f73b2b0c3b4b86a,DFW Airport,1763698484,Arlington,1763749424,2025-11-21,1763749424,1763784814,26,35390,2025,11,2.922554890219561,False,2.922554890219561
8cd20a836838522da7924a6bd9a0860ac149eed7,Dallas Love Field,1763738434,Arlington,1763749588,2025-11-21,1763749588,1763764762,7,15174,2025,11,,,
140ea43a68d46389ae7b0b68c9403c3974576269,Dallas Love Field,1763755822,Dallas,1763756098,2025-11-21,1763756098,1763785320,57,29222,2025,11,,,
140ea43a68d46389ae7b0b68c9403c3974576269,Dallas Love Field,1763755822,Farmers Branch,1763759987,2025-11-21,1763759987,1763770843,6,10856,2025,11,,,
140ea43a68d46389ae7b0b68c9403c3974576269,Dallas Love Field,1763755822,Addison,1763760101,2025-11-21,1763760101,1763785780,6,25679,2025,11,,,
140ea43a68d46389ae7b0b68c9403c3974576269,Dallas Love Field,1763755822,Carrollton,1763760449,2025-11-21,1763760449,1763790818,112,30369,2025,11,,,
a544daf3bb665fb36bba1a5bae97448161164836,DFW Airport,1763761090,Grapevine,1763761101,2025-11-21,1763761101,1763781593,7,20492,2025,11,2.922554890219561,False,2.922554890219561
96bf5715d12f4dcb758a9d70a4c839b75c0c9ee5,DFW Airport,1763769239,Grapevine,1763769272,2025-11-21,1763769272,1763790950,139,21678,2025,11,2.922554890219561,False,2.922554890219561
140ea43a68d46389ae7b0b68c9403c3974576269,Dallas Love Field,1763755822,University Park,1763772132,2025-11-21,1763772132,1763784578,76,12446,2025,11,,,
0fc9858c1eaea18a4931ea1e7fa2b1d9e99f5071,DFW Airport,1763744932,Irving,1763775150,2025-11-21,1763775150,1763783224,37,8074,2025,11,2.922554890219561,False,2.922554890219561
fca92541e7709690c749ac71575970857d54a340,Dallas Love Field,1763700355,Dallas,1763779355,2025-11-21,1763779355,1763788027,83,8672,2025,11,,,
8cd20a836838522da7924a6bd9a0860ac149eed7,Dallas Love Field,1763738434,Hickory Creek,1763791414,2025-11-22,1763791414,1763812227,19,20813,2025,11,,,
140ea43a68d46389ae7b0b68c9403c3974576269,Dallas Love Field,1763769674,Carrollton,1763791471,2025-11-22,1763791471,1763836420,248,44949,2025,11,,,
dba61280e53eedfd25ab087aeda803107879a155,DFW Airport,1763791805,Grapevine,1763791829,2025-11-22,1763791829,1763799899,37,8070,2025,11,2.922554890219561,False,2.922554890219561
b8c90dc1e58d7dfe175ffefbe6ac65a3b7b7c38f,Dallas Love Field,1763781548,Fort Worth,1763791873,2025-11-22,1763791873,1763805103,11,13230,2025,11,,,
605d393476cec8ca2196cce7ef027a5e4e8e2eb9,DFW Airport,1763784201,Arlington,1763793718,2025-11-22,1763793718,1763858660,63,64942,2025,11,2.922554890219561,False,2.922554890219561
65177a05fe2c3d4ef812fd9c78b6886350593efb,DFW Airport,1763775111,Grapevine,1763794157,2025-11-22,1763794157,1763858180,17,64023,2025,11,2.922554890219561,False,2.922554890219561
b151cc52b467ef568ba0e192e71eacc933c8fe64,DFW Airport,1763724519,Grapevine,1763795259,2025-11-22,1763795259,1763836675,45,41416,2025,11,2.922554890219561,False,2.922554890219561
b151cc52b467ef568ba0e192e71eacc933c8fe64,DFW Airport,1763724519,Dallas,1763795282,2025-11-22,1763795282,1763874682,59,79400,2025,11,2.922554890219561,False,2.922554890219561
a544daf3bb665fb36bba1a5bae97448161164836,DFW Airport,1763761090,North Richland Hills,1763808489,2025-11-22,1763808489,1763821246,4,12757,2025,11,2.922554890219561,False,2.922554890219561
8cd20a836838522da7924a6bd9a0860ac149eed7,Dallas Love Field,1763738434,Dallas,1763813887,2025-11-22,1763813887,1763821406,14,7519,2025,11,,,
3288a882d07d680c6a202d5d8178af19e79b48a2,DFW Airport,1763824134,Grapevine,1763826462,2025-11-22,1763826462,1763837700,8,11238,2025,11,2.922554890219561,False,2.922554890219561
e741641febc8272389ad52c6ba97ea2c52cf0e23,DFW Airport,1763825709,Fort Worth,1763827454,2025-11-22,1763827454,1763858628,63,31174,2025,11,2.922554890219561,False,2.922554890219561
a8fc677169ee0b1e4b0e9ca11141f32cba5310fe,Dallas Love Field,1763828358,Dallas,1763828369,2025-11-22,1763828369,1763836702,18,8333,2025,11,,,
6cfe1cbb7ed3621c1e88756d62d912c6f21a9629,DFW Airport,1763829983,Grapevine,1763831845,2025-11-22,1763831845,1763856882,36,25037,2025,11,2.922554890219561,False,2.922554890219561
65177a05fe2c3d4ef812fd9c78b6886350593efb,DFW Airport,1763775111,Southlake,1763832080,2025-11-22,1763832080,1763857612,4,25532,2025,11,2.922554890219561,False,2.922554890219561
500dcd4aa95d1203ae098bc417ed5f2d076e9062,DFW Airport,1763833130,Grapevine,1763833134,2025-11-22,1763833134,1763854118,5,20984,2025,11,2.922554890219561,False,2.922554890219561
65177a05fe2c3d4ef812fd9c78b6886350593efb,DFW Airport,1763775111,Plano,1763833538,2025-11-22,1763833538,1763845728,8,12190,2025,11,2.922554890219561,False,2.922554890219561
c8dfaf97fa18543a1f5c9750ce8011781d9eb8b1,Dallas Love Field,1763832281,Frisco,1763834178,2025-11-22,1763834178,1763855744,15,21566,2025,11,,,
65177a05fe2c3d4ef812fd9c78b6886350593efb,DFW Airport,1763775111,Allen,1763834712,2025-11-22,1763834712,1763844407,11,9695,2025,11,2.922554890219561,False,2.922554890219561
d45965aac4276de84dd3d4fa3ab5754dac620e9b,DFW Airport,1763827501,Mansfield,1763834893,2025-11-22,1763834893,1763874278,6,39385,2025,11,2.922554890219561,False,2.922554890219561
500dcd4aa95d1203ae098bc417ed5f2d076e9062,DFW Airport,1763833130,Fort Worth,1763835609,2025-11-22,1763835609,1763849992,35,14383,2025,11,2.922554890219561,False,2.922554890219561
51cfc9e211379301ee138762fe8f3a618227f41d,DFW Airport,1763833648,Fort Worth,1763836176,2025-11-22,1763836176,1763868287,30,32111,2025,11,2.922554890219561,False,2.922554890219561
51cfc9e211379301ee138762fe8f3a618227f41d,DFW Airport,1763833648,Arlington,1763836524,2025-11-22,1763836524,1763877525,85,41001,2025,11,2.922554890219561,False,2.922554890219561
a2acaf35bea42ffb339d7f1d85ba0fe2c406f29e,Dallas Love Field,1763837479,Dallas,1763837480,2025-11-22,1763837480,1763876444,147,38964,2025,11,,,
174656004d86a028e33c3dc0f329fea6827cbcd8,Dallas Love Field,1763837509,Dallas,1763838503,2025-11-22,1763838503,1763869236,204,30733,2025,11,,,
2dba4c177cacdb8261eee9917e2c87ff1d6b95b0,Dallas Love Field,1763837198,Dallas,1763839874,2025-11-22,1763839874,1763864488,18,24614,2025,11,,,
ed4892a36bd97ead4f225c683be26f2d08956052,Dallas Love Field,1763843067,Dallas,1763843086,2025-11-22,1763843086,1763852751,4,9665,2025,11,,,
9b61a4250ecc10afb9d114c30ca561e4349fe984,DFW Airport,1763844114,Grapevine,1763844196,2025-11-22,1763844196,1763855982,4,11786,2025,11,2.922554890219561,False,2.922554890219561
174656004d86a028e33c3dc0f329fea6827cbcd8,Dallas Love Field,1763837509,Farmers Branch,1763852762,2025-11-22,1763852762,1763861396,53,8634,2025,11,,,
174656004d86a028e33c3dc0f329fea6827cbcd8,Dallas Love Field,1763837509,Addison,1763853191,2025-11-22,1763853191,1763861246,15,8055,2025,11,,,
a9daff24dc703513aa1a61ad92eaba8be96290b6,DFW Airport,1763853685,Grapevine,1763853715,2025-11-22,1763853715,1763861718,27,8003,2025,11,2.922554890219561,False,2.922554890219561
99f83affcf5565ed03d420a1479c890bd068a126,DFW Airport,1763857877,Dallas,1763857892,2025-11-22,1763857892,1763865511,19,7619,2025,11,2.922554890219561,False,2.922554890219561
c70287be5412b9687cb44c1611865e0639710287,DFW Airport,1763854496,Irving,1763858589,2025-11-22,1763858589,1763877335,14,18746,2025,11,2.922554890219561,False,2.922554890219561
be1fa28bc2e67302815c26fac3292825b4e8dea0,Dallas Love Field,1763859561,Fort Worth,1763862499,2025-11-22,1763862499,1763876475,13,13976,2025,11,,,
ca3f78da153ddc607f3ca14b19627b0bde047934,Dallas Love Field,1763859063,Murphy,1763864921,2025-11-22,1763864921,1763877320,16,12399,2025,11,,,
51cfc9e211379301ee138762fe8f3a618227f41d,DFW Airport,1763857849,Arlington,1763878412,2025-11-23,1763878412,1763918781,56,40369,2025,11,2.922554890219561,False,2.922554890219561
ca3f78da153ddc607f3ca14b19627b0bde047934,Dallas Love Field,1763859063,Murphy,1763878488,2025-11-23,1763878488,1763933233,41,54745,2025,11,,,
a2acaf35bea42ffb339d7f1d85ba0fe2c406f29e,Dallas Love Field,1763856730,Dallas,1763878500,2025-11-23,1763878500,1763914203,26,35703,2025,11,,,
1ed32d0869534c9c2a16e86ac8fdb6a88c89f7aa,DFW Airport,1763840276,Fort Worth,1763878506,2025-11-23,1763878506,1763926601,216,48095,2025,11,2.922554890219561,False,2.922554890219561
c70287be5412b9687cb44c1611865e0639710287,DFW Airport,1763854496,Irving,1763878644,2025-11-23,1763878644,1763892411,9,13767,2025,11,2.922554890219561,False,2.922554890219561
b8707596421580310eda3f88a55933f9cf49973a,DFW Airport,1763863551,Irving,1763880358,2025-11-23,1763880358,1763939263,16,58905,2025,11,2.922554890219561,False,2.922554890219561
65eeda7be67c878116fe5e87c21a410291160dd6,DFW Airport,1763864828,Dallas,1763880856,2025-11-23,1763880856,1763903901,8,23045,2025,11,2.922554890219561,False,2.922554890219561
d45965aac4276de84dd3d4fa3ab5754dac620e9b,DFW Airport,1763827501,Mansfield,1763886387,2025-11-23,1763886387,1763937368,8,50981,2025,11,2.922554890219561,False,2.922554890219561
a8fc677169ee0b1e4b0e9ca11141f32cba5310fe,Dallas Love Field,1763856851,West Tawakoni,1763888171,2025-11-23,1763888171,1763917974,62,29803,2025,11,,,
6a24bd4ef23bd3d01affc6bb576b278f98680fe2,DFW Airport,1763891641,Grapevine,1763891644,2025-11-23,1763891644,1763916855,23,25211,2025,11,2.922554890219561,False,2.922554890219561
e741641febc8272389ad52c6ba97ea2c52cf0e23,DFW Airport,1763825709,Fort Worth,1763892275,2025-11-23,1763892275,1763911488,16,19213,2025,11,2.922554890219561,False,2.922554890219561
2dba4c177cacdb8261eee9917e2c87ff1d6b95b0,Dallas Love Field,1763859951,Dallas,1763894170,2025-11-23,1763894170,1763905993,18,11823,2025,11,,,
d45965aac4276de84dd3d4fa3ab5754dac620e9b,DFW Airport,1763827501,Grapevine,1763898090,2025-11-23,1763898090,1763915217,7,17127,2025,11,2.922554890219561,False,2.922554890219561
b151cc52b467ef568ba0e192e71eacc933c8fe64,DFW Airport,1763814310,Dallas,1763899771,2025-11-23,1763899771,1763957690,20,57919,2025,11,2.922554890219561,False,2.922554890219561
4b9048fd7bfb4d90c2c3f390369bc6a44caa96f6,Dallas Love Field,1763861280,Arlington,1763900167,2025-11-23,1763900167,1763936627,11,36460,2025,11,,,
e1b98c0b10a6b0808d0292fed3574a0582d600fa,DFW Airport,1763907102,Denton,1763908459,2025-11-23,1763908459,1763963511,73,55052,2025,11,2.922554890219561,False,2.922554890219561
174656004d86a028e33c3dc0f329fea6827cbcd8,Dallas Love Field,1763857983,Dallas,1763908900,2025-11-23,1763908900,1763923318,20,14418,2025,11,,,
0ad6000261688796f85fc46fed1c58c9eb9ccb31,Dallas Love Field,1763908830,Dallas,1763909765,2025-11-23,1763909765,1763955160,16,45395,2025,11,,,
38fdaf9cef8f60aee70f0e2ed5d161d8bac9fe7e,Dallas Love Field,1763909544,Dallas,1763909909,2025-11-23,1763909909,1763937565,19,27656,2025,11,,,
0ad6000261688796f85fc46fed1c58c9eb9ccb31,Dallas Love Field,1763908830,Keller,1763912116,2025-11-23,1763912116,1763923969,8,11853,2025,11,,,
0ad6000261688796f85fc46fed1c58c9eb9ccb31,Dallas Love Field,1763908830,Fort Worth,1763912255,2025-11-23,1763912255,1763930325,27,18070,2025,11,,,
b8707596421580310eda3f88a55933f9cf49973a,DFW Airport,1763863551,Grapevine,1763914948,2025-11-23,1763914948,1763936105,3,21157,2025,11,2.922554890219561,False,2.922554890219561
dcca6f51ddce875910f7e4683315a59c7b9518a4,Dallas Love Field,1763912858,Arlington,1763914966,2025-11-23,1763914966,1763941635,14,26669,2025,11,,,
9141f95297c8151c9067597aab2d8011fd895d20,DFW Airport,1763912009,Arlington,1763915282,2025-11-23,1763915282,1763939065,22,23783,2025,11,2.922554890219561,False,2.922554890219561
0a17e3d2f4167f95a5fe752c860386c0c6ceebcc,DFW Airport,1763919558,Grapevine,1763919679,2025-11-23,1763919679,1763927473,14,7794,2025,11,2.922554890219561,False,2.922554890219561
4cb30960a7a080f65c7722ae0889500a5701da31,DFW Airport,1763923027,Grapevine,1763923079,2025-11-23,1763923079,1763939008,6,15929,2025,11,2.922554890219561,False,2.922554890219561
2d82acde9d535e0b1fd2f8c8cdff4fe4fdf56dc7,DFW Airport,1763923886,Grapevine,1763923890,2025-11-23,1763923890,1763936579,9,12689,2025,11,2.922554890219561,False,2.922554890219561
bca89ac81c6fb2a0df9c8e0f5dcba941ec13c5dc,DFW Airport,1763924629,Grapevine,1763924651,2025-11-23,1763924651,1763961283,110,36632,2025,11,2.922554890219561,False,2.922554890219561
8cc96d0d75799e0d3b5d439f45031f19c92caf58,DFW Airport,1763862609,Denton,1763925016,2025-11-23,1763925016,1763942103,3,17087,2025,11,2.922554890219561,False,2.922554890219561
ed433e448c3cde8c45a0b108209606e6ef2b06f8,DFW Airport,1763923743,Grapevine,1763926177,2025-11-23,1763926177,1763957192,20,31015,2025,11,2.922554890219561,False,2.922554890219561
bca89ac81c6fb2a0df9c8e0f5dcba941ec13c5dc,DFW Airport,1763924629,Euless,1763926698,2025-11-23,1763926698,1763947489,11,20791,2025,11,2.922554890219561,False,2.922554890219561
bca89ac81c6fb2a0df9c8e0f5dcba941ec13c5dc,DFW Airport,1763924629,Fort Worth,1763926858,2025-11-23,1763926858,1763947334,17,20476,2025,11,2.922554890219561,False,2.922554890219561
bca89ac81c6fb2a0df9c8e0f5dcba941ec13c5dc,DFW Airport,1763924629,Grand Prairie,1763927118,2025-11-23,1763927118,1763947123,15,20005,2025,11,2.922554890219561,False,2.922554890219561
bca89ac81c6fb2a0df9c8e0f5dcba941ec13c5dc,DFW Airport,1763924629,Arlington,1763927390,2025-11-23,1763927390,1763946951,94,19561,2025,11,2.922554890219561,False,2.922554890219561
e1b98c0b10a6b0808d0292fed3574a0582d600fa,DFW Airport,1763907102,Corinth,1763927598,2025-11-23,1763927598,1763940555,9,12957,2025,11,2.922554890219561,False,2.922554890219561
e1b98c0b10a6b0808d0292fed3574a0582d600fa,DFW Airport,1763907102,Lewisville,1763928021,2025-11-23,1763928021,1763939672,68,11651,2025,11,2.922554890219561,False,2.922554890219561
e1b98c0b10a6b0808d0292fed3574a0582d600fa,DFW Airport,1763907102,Grapevine,1763929176,2025-11-23,1763929176,1763938899,23,9723,2025,11,2.922554890219561,False,2.922554890219561
0ad6000261688796f85fc46fed1c58c9eb9ccb31,Dallas Love Field,1763908830,Arlington,1763930367,2025-11-23,1763930367,1763941872,8,11505,2025,11,,,
3f59388255dee01a8d93da5b5ce81c7a641b656a,Dallas Love Field,1763930901,Dallas,1763930922,2025-11-23,1763930922,1763956443,40,25521,2025,11,,,
99f83affcf5565ed03d420a1479c890bd068a126,DFW Airport,1763857877,Dallas,1763932042,2025-11-23,1763932042,1763942099,8,10057,2025,11,2.922554890219561,False,2.922554890219561
c4a7c3c31624c3859caa3c87990e5caf0098330d,DFW Airport,1763934023,Grapevine,1763934161,2025-11-23,1763934161,1763941401,8,7240,2025,11,2.922554890219561,False,2.922554890219561
0be8acc9d23e25ad6de63676c2ca3d14be697223,DFW Airport,1763934159,Grapevine,1763934426,2025-11-23,1763934426,1763961701,35,27275,2025,11,2.922554890219561,False,2.922554890219561
e1b98c0b10a6b0808d0292fed3574a0582d600fa,DFW Airport,1763948659,Denton,1763964689,2025-11-24,1763964689,1763992420,22,27731,2025,11,2.922554890219561,False,2.922554890219561
3f59388255dee01a8d93da5b5ce81c7a641b656a,Dallas Love Field,1763930901,Irving,1763965707,2025-11-24,1763965707,1764034682,24,68975,2025,11,,,
9d0b52823eff9cf8ded794d9297d882aec76c7d9,DFW Airport,1763947090,Dallas,1763966403,2025-11-24,1763966403,1763991373,4,24970,2025,11,2.922554890219561,False,2.922554890219561
0ad6000261688796f85fc46fed1c58c9eb9ccb31,Dallas Love Field,1763945127,Addison,1763971598,2025-11-24,1763971598,1763988834,6,17236,2025,11,,,
3f59388255dee01a8d93da5b5ce81c7a641b656a,Dallas Love Field,1763930901,Dallas,1763982570,2025-11-24,1763982570,1764028845,72,46275,2025,11,,,
bbc3902039fadd2fcb39b4e2c3a184853772a773,Dallas Love Field,1763932968,Dallas,1763986954,2025-11-24,1763986954,1764042264,55,55310,2025,11,,,
1ed6fc9997038bbc577ac6933986bd7a9558f397,Dallas Love Field,1763995810,Dallas,1763995826,2025-11-24,1763995826,1764010062,15,14236,2025,11,,,
62f4762a4a7d24bea79425ffab2a5b5c4c54361e,Dallas Love Field,1764000171,Dallas,1764000228,2025-11-24,1764000228,1764013043,58,12815,2025,11,,,
b151cc52b467ef568ba0e192e71eacc933c8fe64,DFW Airport,1763954812,Dallas,1764004353,2025-11-24,1764004353,1764013915,12,9562,2025,11,2.922554890219561,False,2.922554890219561
290a3c77d36f333ed686f505d7d0f6bb0d14f6b3,Dallas Love Field,1763999161,Grand Prairie,1764004836,2025-11-24,1764004836,1764014925,6,10089,2025,11,,,
290a3c77d36f333ed686f505d7d0f6bb0d14f6b3,Dallas Love Field,1763999161,Arlington,1764004984,2025-11-24,1764004984,1764014490,24,9506,2025,11,,,
290a3c77d36f333ed686f505d7d0f6bb0d14f6b3,Dallas Love Field,1763999161,Euless,1764009540,2025-11-24,1764009540,1764027441,26,17901,2025,11,,,
4e156fbd3815e8e2852f79b1a14e653bbae2ef37,DFW Airport,1764002222,Grapevine,1764018620,2025-11-24,1764018620,1764033502,5,14882,2025,11,2.922554890219561,False,2.922554890219561
5690039ec72d14609343846556f4277d08cf8db3,DFW Airport,1764020289,Grapevine,1764020308,2025-11-24,1764020308,1764029429,19,9121,2025,11,2.922554890219561,False,2.922554890219561
1106860833c64e36b6fffdab8a3555abc0c4d2a9,Dallas Love Field,1764019515,Dallas,1764022988,2025-11-24,1764022988,1764034795,13,11807,2025,11,,,
b1e255f3c2f1935e21db04e0b4268f999b56b988,DFW Airport,1764013921,Dallas,1764023630,2025-11-24,1764023630,1764047827,6,24197,2025,11,2.922554890219561,False,2.922554890219561
72ca05b547d154ab29e87e709a207ef806fd418a,Dallas Love Field,1764041120,Arlington,1764051544,2025-11-25,1764051544,1764111178,47,59634,2025,11,,,
35fe1af98d02cf25eac08f3ad14c807e7d711857,DFW Airport,1764034353,Allen,1764052575,2025-11-25,1764052575,1764091584,46,39009,2025,11,2.922554890219561,False,2.922554890219561
e696aeec1e4c504f88eba337686f56977cd741ba,Dallas Love Field,1764048492,Irving,1764056060,2025-11-25,1764056060,1764124642,7,68582,2025,11,,,
b1e255f3c2f1935e21db04e0b4268f999b56b988,DFW Airport,1764013921,Dallas,1764085290,2025-11-25,1764085290,1764094153,3,8863,2025,11,2.922554890219561,False,2.922554890219561
2039ff086a6a609a21715984b597ef69e09a91d4,Dallas Love Field,1764041003,McKinney,1764087102,2025-11-25,1764087102,1764103009,30,15907,2025,11,,,
f99e3d7156d359e5e03c4062202626ea76b121d5,DFW Airport,1764083615,Grapevine,1764087171,2025-11-25,1764087171,1764095709,2,8538,2025,11,2.922554890219561,False,2.922554890219561
ae99b847e771831177e441097d8c7e2ccce5e311,DFW Airport,1764088111,Grapevine,1764089137,2025-11-25,1764089137,1764126640,6,37503,2025,11,2.922554890219561,False,2.922554890219561
e696aeec1e4c504f88eba337686f56977cd741ba,Dallas Love Field,1764048492,Arlington,1764090483,2025-11-25,1764090483,1764118918,9,28435,2025,11,,,
35fe1af98d02cf25eac08f3ad14c807e7d711857,DFW Airport,1764012918,Plano,1764092292,2025-11-25,1764092292,1764100288,25,7996,2025,11,2.922554890219561,False,2.922554890219561
ae99b847e771831177e441097d8c7e2ccce5e311,DFW Airport,1764088111,Lewisville,1764100154,2025-11-25,1764100154,1764135554,12,35400,2025,11,2.922554890219561,False,2.922554890219561
ae99b847e771831177e441097d8c7e2ccce5e311,DFW Airport,1764088111,Flower Mound,1764101667,2025-11-25,1764101667,1764116431,4,14764,2025,11,2.922554890219561,False,2.922554890219561
19f97f28808bb492550897a8079e2fcf1fc67f31,DFW Airport,1764105995,Dallas,1764107701,2025-11-25,1764107701,1764115059,9,7358,2025,11,2.922554890219561,False,2.922554890219561
eec6f8fd70e24a00ce1a47eae50867381ce26bda,Dallas Love Field,1764116031,Carrollton,1764119766,2025-11-25,1764119766,1764131546,94,11780,2025,11,,,
bc279e22d3160ab3e53e584258c69c800a064ccc,DFW Airport,1764121927,Grapevine,1764121974,2025-11-25,1764121974,1764130390,9,8416,2025,11,2.922554890219561,False,2.922554890219561
c4f56ac906f0ab3abeb1a898d26e7d43911dbc16,Dallas Love Field,1764124971,Sachse,1764128868,2025-11-25,1764128868,1764136511,12,7643,2025,11,,,
ae99b847e771831177e441097d8c7e2ccce5e311,DFW Airport,1764088111,Lewisville,1764137706,2025-11-26,1764137706,1764198425,17,60719,2025,11,2.922554890219561,False,2.922554890219561
db8729bdd3ac3e6172ccd5da558d27f875f436c9,DFW Airport,1764121864,Dallas,1764139862,2025-11-26,1764139862,1764156591,9,16729,2025,11,2.922554890219561,False,2.922554890219561
5ad660a3c369bdb311f94b6a5a921e56504b714a,Dallas Love Field,1764077839,Irving,1764147781,2025-11-26,1764147781,1764220177,13,72396,2025,11,,,
7d2bcd32ef0999c69079ec18b6d4a3f1cc1b07e3,Dallas Love Field,1764126313,McKinney,1764155451,2025-11-26,1764155451,1764208078,18,52627,2025,11,,,
ae99b847e771831177e441097d8c7e2ccce5e311,DFW Airport,1764088111,Grapevine,1764157327,2025-11-26,1764157327,1764180712,10,23385,2025,11,2.922554890219561,False,2.922554890219561
5ad660a3c369bdb311f94b6a5a921e56504b714a,Dallas Love Field,1764077839,Dallas,1764164192,2025-11-26,1764164192,1764213134,24,48942,2025,11,,,
4cf45260d845fe4b023421b813fdadc6609caf47,DFW Airport,1764085766,Grapevine,1764164645,2025-11-26,1764164645,1764186290,8,21645,2025,11,2.922554890219561,False,2.922554890219561
9c3d540918df2798ad3cdf08b6e7e0f2265fa65d,DFW Airport,1764178842,Grapevine,1764180783,2025-11-26,1764180783,1764189260,4,8477,2025,11,2.922554890219561,False,2.922554890219561
c6bbfbc49f255aa11cc9dfdcf2c22fe0b8eda00e,DFW Airport,1764207764,Grapevine,1764235968,2025-11-27,1764235968,1764263869,16,27901,2025,11,2.922554890219561,False,2.922554890219561
5ad660a3c369bdb311f94b6a5a921e56504b714a,Dallas Love Field,1764180647,Dallas,1764246597,2025-11-27,1764246597,1764299981,12,53384,2025,11,,,
e0fcfb02059cdfd78a1a66653d698c6a2288007f,Dallas Love Field,1764241916,Frisco,1764260598,2025-11-27,1764260598,1764275159,2,14561,2025,11,,,
94b99aab6a945646f85e4ace92e69850082083ec,Dallas Love Field,1764257948,Mesquite,1764260747,2025-11-27,1764260747,1764302844,42,42097,2025,11,,,
1d12b395fda21f4c12bb430b3b6b97017bd0874f,DFW Airport,1764213873,Arlington,1764268205,2025-11-27,1764268205,1764292239,4,24034,2025,11,2.922554890219561,False,2.922554890219561
609b8c125c8f60cb7f287322c72c9fa1d1a8eda3,DFW Airport,1764272797,Grapevine,1764273315,2025-11-27,1764273315,1764287990,27,14675,2025,11,2.922554890219561,False,2.922554890219561
133520c3bd48211a55f1c4c3a83df9a33572bac8,DFW Airport,1764257564,Grapevine,1764274547,2025-11-27,1764274547,1764287544,7,12997,2025,11,2.922554890219561,False,2.922554890219561
41d6848301419a97baca7a10eeac130aaf20e74f,DFW Airport,1764291967,Grapevine,1764292035,2025-11-27,1764292035,1764307236,30,15201,2025,11,2.922554890219561,False,2.922554890219561
94b99aab6a945646f85e4ace92e69850082083ec,Dallas Love Field,1764294546,Mesquite,1764310075,2025-11-28,1764310075,1764331541,14,21466,2025,11,,,
f76ec248ae5cc41e7c9ca6ff6251d84a03b863e4,DFW Airport,1764285398,Plano,1764326419,2025-11-28,1764326419,1764367616,12,41197,2025,11,2.922554890219561,False,2.922554890219561
75dd085ab111f935ae6e7e1f9b35f78dad7a9bfc,DFW Airport,1764330081,Grapevine,1764330082,2025-11-28,1764330082,1764346278,16,16196,2025,11,2.922554890219561,False,2.922554890219561
b151cc52b467ef568ba0e192e71eacc933c8fe64,DFW Airport,1764329315,Grapevine,1764350882,2025-11-28,1764350882,1764360101,3,9219,2025,11,2.922554890219561,False,2.922554890219561
1aefc0439d6a29c02634bea4c33ed04c0a1d71a5,DFW Airport,1764352035,Grapevine,1764352441,2025-11-28,1764352441,1764362141,6,9700,2025,11,2.922554890219561,False,2.922554890219561
2e7e65a1141c98557147a928e2cfd345b3d93120,DFW Airport,1764352723,Grapevine,1764352730,2025-11-28,1764352730,1764361774,3,9044,2025,11,2.922554890219561,False,2.922554890219561
a544daf3bb665fb36bba1a5bae97448161164836,DFW Airport,1764365796,Grapevine,1764365797,2025-11-28,1764365797,1764386335,6,20538,2025,11,2.922554890219561,False,2.922554890219561
dba61280e53eedfd25ab087aeda803107879a155,DFW Airport,1764397236,Grapevine,1764397240,2025-11-29,1764397240,1764404688,16,7448,2025,11,2.922554890219561,False,2.922554890219561
b151cc52b467ef568ba0e192e71eacc933c8fe64,DFW Airport,1764329315,Dallas,1764400064,2025-11-29,1764400064,1764479469,37,79405,2025,11,2.922554890219561,False,2.922554890219561
b151cc52b467ef568ba0e192e71eacc933c8fe64,DFW Airport,1764329315,Grapevine,1764403652,2025-11-29,1764403652,1764422997,34,19345,2025,11,2.922554890219561,False,2.922554890219561
51cfc9e211379301ee138762fe8f3a618227f41d,DFW Airport,1764438444,Arlington,1764441320,2025-11-29,1764441320,1764460016,19,18696,2025,11,2.922554890219561,False,2.922554890219561
174656004d86a028e33c3dc0f329fea6827cbcd8,Dallas Love Field,1764442292,Dallas,1764443287,2025-11-29,1764443287,1764469001,54,25714,2025,11,,,
2dba4c177cacdb8261eee9917e2c87ff1d6b95b0,Dallas Love Field,1764441988,Dallas,1764444657,2025-11-29,1764444657,1764459808,18,15151,2025,11,,,
34594c50c64cd73750421ed335e5628cd1492971,DFW Airport,1764441134,Grapevine,1764446250,2025-11-29,1764446250,1764455094,24,8844,2025,11,2.922554890219561,False,2.922554890219561
9b61a4250ecc10afb9d114c30ca561e4349fe984,DFW Airport,1764445167,Grapevine,1764448911,2025-11-29,1764448911,1764460775,5,11864,2025,11,2.922554890219561,False,2.922554890219561
174656004d86a028e33c3dc0f329fea6827cbcd8,Dallas Love Field,1764442292,Farmers Branch,1764457563,2025-11-29,1764457563,1764466137,16,8574,2025,11,,,
174656004d86a028e33c3dc0f329fea6827cbcd8,Dallas Love Field,1764442292,Addison,1764457981,2025-11-29,1764457981,1764466030,9,8049,2025,11,,,
4f72b7f9bb7380dcb27b7b4d8cebff8a257a42e5,Dallas Love Field,1764459997,Dallas,1764460006,2025-11-29,1764460006,1764481704,44,21698,2025,11,,,
be1fa28bc2e67302815c26fac3292825b4e8dea0,Dallas Love Field,1764464347,Fort Worth,1764467356,2025-11-29,1764467356,1764481268,12,13912,2025,11,,,
e934751d32d44a9654a86d365f12091f2fc8253a,DFW Airport,1764466606,Bedford,1764469011,2025-11-29,1764469011,1764481580,5,12569,2025,11,2.922554890219561,False,2.922554890219561
e934751d32d44a9654a86d365f12091f2fc8253a,DFW Airport,1764466606,Bedford,1764483827,2025-11-30,1764483827,1764536811,12,52984,2025,11,2.922554890219561,False,2.922554890219561
6a24bd4ef23bd3d01affc6bb576b278f98680fe2,DFW Airport,1764502079,Grapevine,1764507304,2025-11-30,1764507304,1764521639,10,14335,2025,11,2.922554890219561,False,2.922554890219561
d45965aac4276de84dd3d4fa3ab5754dac620e9b,DFW Airport,1764511376,Grapevine,1764512635,2025-11-30,1764512635,1764520001,3,7366,2025,11,2.922554890219561,False,2.922554890219561
0a17e3d2f4167f95a5fe752c860386c0c6ceebcc,DFW Airport,1764524828,Grapevine,1764524850,2025-11-30,1764524850,1764532270,11,7420,2025,11,2.922554890219561,False,2.922554890219561
d45965aac4276de84dd3d4fa3ab5754dac620e9b,DFW Airport,1764511376,Mansfield,1764525137,2025-11-30,1764525137,1764542158,8,17021,2025,11,2.922554890219561,False,2.922554890219561
0be8acc9d23e25ad6de63676c2ca3d14be697223,DFW Airport,1764538949,Grapevine,1764539212,2025-11-30,1764539212,1764566134,19,26922,2025,11,2.922554890219561,False,2.922554890219561
8e7d2ec6963d8f38b013c2052a89e924ce2505e0,Dallas Love Field,1764625243,Dallas,1764625544,2025-12-01,1764625544,1764654727,22,29183,2025,12,,,
35fe1af98d02cf25eac08f3ad14c807e7d711857,DFW Airport,1764617705,Allen,1764667691,2025-12-02,1764667691,1764685835,22,18144,2025,12,12.755186721991702,False,12.755186721991702
ed433e448c3cde8c45a0b108209606e6ef2b06f8,DFW Airport,1764746416,Grapevine,1764764585,2025-12-03,1764764585,1764779574,7,14989,2025,12,12.755186721991702,False,12.755186721991702
75dd085ab111f935ae6e7e1f9b35f78dad7a9bfc,DFW Airport,1764934864,Grapevine,1764934874,2025-12-05,1764934874,1764950949,15,16075,2025,12,12.755186721991702,False,12.755186721991702
f78d29c51b63698a0de4beacd51968e7928d62f7,Dallas Love Field,1764967979,Dallas,1764968134,2025-12-05,1764968134,1764980483,53,12349,2025,12,,,
dba61280e53eedfd25ab087aeda803107879a155,DFW Airport,1764986484,Grapevine,1764986489,2025-12-05,1764986489,1764999471,21,12982,2025,12,12.755186721991702,False,12.755186721991702
d45965aac4276de84dd3d4fa3ab5754dac620e9b,DFW Airport,1765116169,Grapevine,1765117436,2025-12-07,1765117436,1765124814,3,7378,2025,12,12.755186721991702,False,12.755186721991702
6d4342fe75ef1c429a7f9ebaccffbc21c9012a21,DFW Airport,1765121230,Grapevine,1765121299,2025-12-07,1765121299,1765147310,29,26011,2025,12,12.755186721991702,False,12.755186721991702
af0ed4ced301669e5a9bf6fb5b61a4642baa556a,Dallas Love Field,1765122591,Fort Worth,1765128818,2025-12-07,1765128818,1765136903,2,8085,2025,12,,,
d45965aac4276de84dd3d4fa3ab5754dac620e9b,DFW Airport,1765116169,Mansfield,1765129946,2025-12-07,1765129946,1765146951,8,17005,2025,12,12.755186721991702,False,12.755186721991702
d3adbcdcbd1e81b8d03104a77508e24eee91372d,DFW Airport,1765155939,Plano,1765159154,2025-12-07,1765159154,1765173181,53,14027,2025,12,12.755186721991702,False,12.755186721991702
d3adbcdcbd1e81b8d03104a77508e24eee91372d,DFW Airport,1765155939,Plano,1765173783,2025-12-08,1765173783,1765205574,67,31791,2025,12,12.755186721991702,False,12.755186721991702
d3adbcdcbd1e81b8d03104a77508e24eee91372d,DFW Airport,1765155939,Dallas,1765206188,2025-12-08,1765206188,1765242288,35,36100,2025,12,12.755186721991702,False,12.755186721991702
1a7c0ccbc22e9731855c523cb86a68a577ac576c,DFW Airport,1765214098,Arlington,1765215693,2025-12-08,1765215693,1765259932,192,44239,2025,12,12.755186721991702,False,12.755186721991702
1a7c0ccbc22e9731855c523cb86a68a577ac576c,DFW Airport,1765214098,Pantego,1765217184,2025-12-08,1765217184,1765228859,8,11675,2025,12,12.755186721991702,False,12.755186721991702
d3adbcdcbd1e81b8d03104a77508e24eee91372d,DFW Airport,1765155939,Campbell,1765219692,2025-12-08,1765219692,1765238107,3,18415,2025,12,12.755186721991702,False,12.755186721991702
d3adbcdcbd1e81b8d03104a77508e24eee91372d,DFW Airport,1765155939,Commerce,1765220054,2025-12-08,1765220054,1765237167,45,17113,2025,12,12.755186721991702,False,12.755186721991702
1a7c0ccbc22e9731855c523cb86a68a577ac576c,DFW Airport,1765214098,Arlington,1765260462,2025-12-09,1765260462,1765300078,87,39616,2025,12,12.755186721991702,False,12.755186721991702
c4f56ac906f0ab3abeb1a898d26e7d43911dbc16,Dallas Love Field,1765334574,Sachse,1765338427,2025-12-09,1765338427,1765346129,18,7702,2025,12,,,
e015eccaa47cc9032a3fb9314bfbf36df71567ae,DFW Airport,1765351672,Grapevine,1765351676,2025-12-10,1765351676,1765373144,6,21468,2025,12,12.755186721991702,False,12.755186721991702
e015eccaa47cc9032a3fb9314bfbf36df71567ae,DFW Airport,1765351672,Fort Worth,1765385337,2025-12-10,1765385337,1765400898,3,15561,2025,12,12.755186721991702,False,12.755186721991702
fa7403f5ac0e398ffeddd41f070df98cb784e71f,Dallas Love Field,1765388882,Dallas,1765394406,2025-12-10,1765394406,1765409415,6,15009,2025,12,,,
0e7823838dc6c7ea64110d2aa6506a0fce634c1d,DFW Airport,1765395386,Grapevine,1765395388,2025-12-10,1765395388,1765405468,12,10080,2025,12,12.755186721991702,False,12.755186721991702
a519ec24b9e1f14ee59c7982e9e812605289e0d3,DFW Airport,1765462815,Grapevine,1765463114,2025-12-11,1765463114,1765470388,12,7274,2025,12,12.755186721991702,False,12.755186721991702
609b8c125c8f60cb7f287322c72c9fa1d1a8eda3,DFW Airport,1765485733,Grapevine,1765485745,2025-12-11,1765485745,1765497580,14,11835,2025,12,12.755186721991702,False,12.755186721991702
75dd085ab111f935ae6e7e1f9b35f78dad7a9bfc,DFW Airport,1765518099,Grapevine,1765534117,2025-12-12,1765534117,1765555797,38,21680,2025,12,12.755186721991702,False,12.755186721991702
3288a882d07d680c6a202d5d8178af19e79b48a2,DFW Airport,1765634741,Grapevine,1765634828,2025-12-13,1765634828,1765652086,12,17258,2025,12,12.755186721991702,False,12.755186721991702
62e73916fc62d722d7fb47689342cf9167cb78e1,DFW Airport,1765659530,Grapevine,1765659548,2025-12-13,1765659548,1765668553,23,9005,2025,12,12.755186721991702,False,12.755186721991702
91824de11c28aa857a0555ab0481f37e9857a9f0,Dallas Love Field,1765669121,Dallas,1765670570,2025-12-13,1765670570,1765682046,23,11476,2025,12,,,
fdcc0c99e6dd55646fbbc3d105780747380f4650,Dallas Love Field,1765729121,Dallas,1765729154,2025-12-14,1765729154,1765766867,8,37713,2025,12,,,
3f59388255dee01a8d93da5b5ce81c7a641b656a,Dallas Love Field,1765737037,Dallas,1765737751,2025-12-14,1765737751,1765749747,17,11996,2025,12,,,
290a3c77d36f333ed686f505d7d0f6bb0d14f6b3,Dallas Love Field,1765814740,Grand Prairie,1765819236,2025-12-15,1765819236,1765829309,4,10073,2025,12,,,
290a3c77d36f333ed686f505d7d0f6bb0d14f6b3,Dallas Love Field,1765814740,Arlington,1765819387,2025-12-15,1765819387,1765828912,24,9525,2025,12,,,
290a3c77d36f333ed686f505d7d0f6bb0d14f6b3,Dallas Love Field,1765814740,Euless,1765830376,2025-12-15,1765830376,1765841870,25,11494,2025,12,,,
3f59388255dee01a8d93da5b5ce81c7a641b656a,Dallas Love Field,1765822866,Irving,1765830553,2025-12-15,1765830553,1765863989,33,33436,2025,12,,,
f367edac786711e2d661eff9530ee59ce0d3b9db,Dallas Love Field,1765832957,Dallas,1765833675,2025-12-15,1765833675,1765849215,45,15540,2025,12,,,
f367edac786711e2d661eff9530ee59ce0d3b9db,Dallas Love Field,1765832957,Irving,1765836620,2025-12-15,1765836620,1765848172,56,11552,2025,12,,,
f367edac786711e2d661eff9530ee59ce0d3b9db,Dallas Love Field,1765832957,Grapevine,1765836901,2025-12-15,1765836901,1765847328,29,10427,2025,12,,,
6e7748c7ee0f518a07778322072fec6380630203,DFW Airport,1765853079,Grapevine,1765853082,2025-12-15,1765853082,1765862167,17,9085,2025,12,12.755186721991702,False,12.755186721991702
3f59388255dee01a8d93da5b5ce81c7a641b656a,Dallas Love Field,1765822866,Irving,1765873443,2025-12-16,1765873443,1765883036,24,9593,2025,12,,,
3f59388255dee01a8d93da5b5ce81c7a641b656a,Dallas Love Field,1765822866,Dallas,1765883718,2025-12-16,1765883718,1765932163,52,48445,2025,12,,,
f367edac786711e2d661eff9530ee59ce0d3b9db,Dallas Love Field,1765832957,Dallas,1765898765,2025-12-16,1765898765,1765926517,20,27752,2025,12,,,
e015eccaa47cc9032a3fb9314bfbf36df71567ae,DFW Airport,1765956458,Grapevine,1765956468,2025-12-17,1765956468,1765977953,11,21485,2025,12,12.755186721991702,False,12.755186721991702
6961a92f58e9cc0849ce44b071ab9af2966c21d3,DFW Airport,1765946297,Grapevine,1765970058,2025-12-17,1765970058,1765990492,14,20434,2025,12,12.755186721991702,False,12.755186721991702
e015eccaa47cc9032a3fb9314bfbf36df71567ae,DFW Airport,1765956458,Keller,1765986908,2025-12-17,1765986908,1766027755,5,40847,2025,12,12.755186721991702,False,12.755186721991702
d5843b96a7b72d33d705aa463fbf1be988dd28cf,Dallas Love Field,1765940377,Richardson,1765988603,2025-12-17,1765988603,1766021757,17,33154,2025,12,,,
e015eccaa47cc9032a3fb9314bfbf36df71567ae,DFW Airport,1765956458,Fort Worth,1765990146,2025-12-17,1765990146,1766005709,9,15563,2025,12,12.755186721991702,False,12.755186721991702
fa7403f5ac0e398ffeddd41f070df98cb784e71f,Dallas Love Field,1765993729,Dallas,1766000017,2025-12-17,1766000017,1766014219,8,14202,2025,12,,,
29fdab4cb3653bb3bda8d2dced6a64baf39c410d,DFW Airport,1766028844,Fort Worth,1766037735,2025-12-18,1766037735,1766116289,162,78554,2025,12,12.755186721991702,False,12.755186721991702
29fdab4cb3653bb3bda8d2dced6a64baf39c410d,DFW Airport,1766028844,Haltom City,1766065854,2025-12-18,1766065854,1766102860,87,37006,2025,12,12.755186721991702,False,12.755186721991702
92e82f769335fb38ba7cd087478a947b487973c5,Dallas Love Field,1766089494,Dallas,1766089509,2025-12-18,1766089509,1766096755,211,7246,2025,12,,,
55fab286045ed6cdab7f42e104334b5b359fceac,DFW Airport,1766097651,Grapevine,1766098608,2025-12-18,1766098608,1766107902,8,9294,2025,12,12.755186721991702,False,12.755186721991702
ff3022500298b63b5cf9bd8f29a6818b0a9d04f9,Dallas Love Field,1766160407,Richardson,1766160416,2025-12-19,1766160416,1766201818,34,41402,2025,12,,,
f3b6fa639753ac30c5c9311e2cd88c066822f9d2,DFW Airport,1766263159,Grapevine,1766263170,2025-12-20,1766263170,1766271059,45,7889,2025,12,12.755186721991702,False,12.755186721991702
f3ebc619ea0dd1d200bf65e673f9cd728ff0cee0,DFW Airport,1766310999,Grapevine,1766311055,2025-12-21,1766311055,1766321935,149,10880,2025,12,12.755186721991702,False,12.755186721991702
5279a3933c539d72d960ad9ed37f352050af34e4,DFW Airport,1766341227,Grapevine,1766341236,2025-12-21,1766341236,1766348906,259,7670,2025,12,12.755186721991702,False,12.755186721991702
0e09e339796776d180e2f919150493b1ea1df12f,DFW Airport,1766342912,Fort Worth,1766347085,2025-12-21,1766347085,1766362984,12,15899,2025,12,12.755186721991702,False,12.755186721991702
4936d0c2db4567108b4f85f1171f1464d02b7e09,DFW Airport,1766355944,Grapevine,1766355955,2025-12-21,1766355955,1766375577,38,19622,2025,12,12.755186721991702,False,12.755186721991702
01fd2835e08ad9d1ea1a8d4c3baca0ab1e1d9df4,DFW Airport,1766365578,Grapevine,1766365587,2025-12-21,1766365587,1766376114,3,10527,2025,12,12.755186721991702,False,12.755186721991702
58aa42c1bb94c3f922eeaca3f755b5b97d555c15,DFW Airport,1766338457,Fort Worth,1766389260,2025-12-22,1766389260,1766428240,192,38980,2025,12,12.755186721991702,False,12.755186721991702
0bd4a762358d6ae4cac619714b7ef16fabb3acb9,Dallas Love Field,1766430220,Dallas,1766431679,2025-12-22,1766431679,1766444836,4,13157,2025,12,,,
e6eab83e905f22beaa09ffc4558c859df32adf41,DFW Airport,1766433108,Grapevine,1766433152,2025-12-22,1766433152,1766440477,31,7325,2025,12,12.755186721991702,False,12.755186721991702
4c9f67b93bb1fb5e0079c93a6f29a11f6f8ce592,DFW Airport,1766439273,Grapevine,1766439274,2025-12-22,1766439274,1766457073,15,17799,2025,12,12.755186721991702,False,12.755186721991702
6daebd589592cdef0761d7fede0169c5b8e23002,DFW Airport,1766446150,Grapevine,1766446167,2025-12-22,1766446167,1766458584,11,12417,2025,12,12.755186721991702,False,12.755186721991702
4c9f67b93bb1fb5e0079c93a6f29a11f6f8ce592,DFW Airport,1766439273,Dallas,1766469723,2025-12-23,1766469723,1766535279,39,65556,2025,12,12.755186721991702,False,12.755186721991702
19cccde86f9eb75b005e6e3b4639c9f9a3d73846,DFW Airport,1766461797,Rhome,1766469806,2025-12-23,1766469806,1766524456,4,54650,2025,12,12.755186721991702,False,12.755186721991702
0bd4a762358d6ae4cac619714b7ef16fabb3acb9,Dallas Love Field,1766430220,Addison,1766471686,2025-12-23,1766471686,1766505051,9,33365,2025,12,,,
19cccde86f9eb75b005e6e3b4639c9f9a3d73846,DFW Airport,1766461797,New Fairview,1766509504,2025-12-23,1766509504,1766530606,6,21102,2025,12,12.755186721991702,False,12.755186721991702
4c9f67b93bb1fb5e0079c93a6f29a11f6f8ce592,DFW Airport,1766439273,Arlington,1766512827,2025-12-23,1766512827,1766520412,140,7585,2025,12,12.755186721991702,False,12.755186721991702
19cccde86f9eb75b005e6e3b4639c9f9a3d73846,DFW Airport,1766461797,Alvord,1766532517,2025-12-23,1766532517,1766546946,16,14429,2025,12,12.755186721991702,False,12.755186721991702
ab44f7b59a62f44afff3df349398428987a7336e,Dallas Love Field,1766584935,Dallas,1766584980,2025-12-24,1766584980,1766618867,226,33887,2025,12,,,
ab44f7b59a62f44afff3df349398428987a7336e,Dallas Love Field,1766584935,Duncanville,1766588251,2025-12-24,1766588251,1766618939,46,30688,2025,12,,,
ab44f7b59a62f44afff3df349398428987a7336e,Dallas Love Field,1766584935,Cedar Hill,1766588502,2025-12-24,1766588502,1766621116,58,32614,2025,12,,,
ab44f7b59a62f44afff3df349398428987a7336e,Dallas Love Field,1766584935,Midlothian,1766592485,2025-12-24,1766592485,1766642242,185,49757,2025,12,,,
47f6e96b963c33509dc211cb412add9e576aaafe,DFW Airport,1766605983,Grapevine,1766606008,2025-12-24,1766606008,1766620559,108,14551,2025,12,12.755186721991702,False,12.755186721991702
ab44f7b59a62f44afff3df349398428987a7336e,Dallas Love Field,1766620982,Waxahachie,1766627370,2025-12-24,1766627370,1766640117,28,12747,2025,12,,,
ab44f7b59a62f44afff3df349398428987a7336e,Dallas Love Field,1766620982,Red Oak,1766627876,2025-12-24,1766627876,1766639667,12,11791,2025,12,,,
ab44f7b59a62f44afff3df349398428987a7336e,Dallas Love Field,1766620982,Glenn Heights,1766628042,2025-12-24,1766628042,1766639435,6,11393,2025,12,,,
ab44f7b59a62f44afff3df349398428987a7336e,Dallas Love Field,1766620982,Lancaster,1766628107,2025-12-24,1766628107,1766639134,108,11027,2025,12,,,
ab44f7b59a62f44afff3df349398428987a7336e,Dallas Love Field,1766584935,Midlothian,1766642765,2025-12-25,1766642765,1766672166,77,29401,2025,12,,,
f587a95626037566a8e284ecfb7bfdcbc99ab680,DFW Airport,1766680561,Grapevine,1766680613,2025-12-25,1766680613,1766688115,3,7502,2025,12,12.755186721991702,False,12.755186721991702
f587a95626037566a8e284ecfb7bfdcbc99ab680,DFW Airport,1766711872,Fort Worth,1766731862,2025-12-26,1766731862,1766739148,4,7286,2025,12,12.755186721991702,False,12.755186721991702
ab44f7b59a62f44afff3df349398428987a7336e,DFW Airport,1766763689,Grapevine,1766763700,2025-12-26,1766763700,1766773461,57,9761,2025,12,12.755186721991702,False,12.755186721991702
ecf5cfc28ef83f019a5b823e1a91895f9f448479,DFW Airport,1766773342,Grapevine,1766773612,2025-12-26,1766773612,1766792037,12,18425,2025,12,12.755186721991702,False,12.755186721991702
92b6716dde5910988f388b66e21e80fcc862fe18,DFW Airport,1766780227,Grapevine,1766780277,2025-12-26,1766780277,1766798690,6,18413,2025,12,12.755186721991702,False,12.755186721991702
92b6716dde5910988f388b66e21e80fcc862fe18,DFW Airport,1766780227,Euless,1766780760,2025-12-26,1766780760,1766812256,15,31496,2025,12,12.755186721991702,False,12.755186721991702
559cd4b00bf6e0557a331485a0d59c29ccb6f7b3,DFW Airport,1766885551,Grapevine,1766885572,2025-12-27,1766885572,1766893117,7,7545,2025,12,12.755186721991702,False,12.755186721991702
ef764a39db43aa3d24269afba815e985f8c9e38e,Dallas Love Field,1766962442,Dallas,1766962443,2025-12-28,1766962443,1766971797,131,9354,2025,12,,,
0bd4a762358d6ae4cac619714b7ef16fabb3acb9,Dallas Love Field,1767035010,Dallas,1767036692,2025-12-29,1767036692,1767049676,4,12984,2025,12,,,
4c9f67b93bb1fb5e0079c93a6f29a11f6f8ce592,DFW Airport,1767043931,Grapevine,1767043979,2025-12-29,1767043979,1767061728,9,17749,2025,12,12.755186721991702,False,12.755186721991702
4c9f67b93bb1fb5e0079c93a6f29a11f6f8ce592,DFW Airport,1767043931,Dallas,1767075197,2025-12-30,1767075197,1767140064,9,64867,2025,12,12.755186721991702,False,12.755186721991702
0bd4a762358d6ae4cac619714b7ef16fabb3acb9,Dallas Love Field,1767035010,Addison,1767076475,2025-12-30,1767076475,1767104506,13,28031,2025,12,,,
6fac8437dfb391b7d668ece8ec15399b0e0288b5,Dallas Love Field,1767094330,Dallas,1767094336,2025-12-30,1767094336,1767114556,11,20220,2025,12,,,
5929b8978761af7242a374186e9d3365f3757d7b,DFW Airport,1767023732,Grapevine,1767097052,2025-12-30,1767097052,1767116979,5,19927,2025,12,12.755186721991702,False,12.755186721991702
114e0f0276dda664b5f7d635124ca90c0d107114,Dallas Love Field,1767110744,Dallas,1767111928,2025-12-30,1767111928,1767139973,49,28045,2025,12,,,
4c9f67b93bb1fb5e0079c93a6f29a11f6f8ce592,DFW Airport,1767043931,Arlington,1767117613,2025-12-30,1767117613,1767124978,56,7365,2025,12,12.755186721991702,False,12.755186721991702
1d5ba0a2f802e5166e0a67c8f10232b823e951fe,DFW Airport,1767126973,Grapevine,1767127585,2025-12-30,1767127585,1767135075,13,7490,2025,12,12.755186721991702,False,12.755186721991702
935d8c3b7534e882812de0cf058cac6dbb0fa794,Dallas Love Field,1767142753,Dallas,1767142789,2025-12-30,1767142789,1767150070,3,7281,2025,12,,,
d5843b96a7b72d33d705aa463fbf1be988dd28cf,Dallas Love Field,1767149068,Dallas,1767149312,2025-12-30,1767149312,1767157728,6,8416,2025,12,,,
10394558f838411e1f17284b1a5c1686a1b392db,Dallas Love Field,1767196501,Dallas,1767196599,2025-12-31,1767196599,1767205094,6,8495,2025,12,,,
2b598fc74c71458d4e253f84f91367711d28c240,DFW Airport,1767204367,Grapevine,1767204423,2025-12-31,1767204423,1767214623,40,10200,2025,12,12.755186721991702,False,12.755186721991702
7a98490ca0be98833c96f2c4c060ef4ec3f6bbbe,Dallas Love Field,1767275298,Dallas,1767275471,2026-01-01,1767275471,1767321984,85,46513,2026,1,,,
7a98490ca0be98833c96f2c4c060ef4ec3f6bbbe,Dallas Love Field,1767275298,Plano,1767278347,2026-01-01,1767278347,1767325239,168,46892,2026,1,,,
7a98490ca0be98833c96f2c4c060ef4ec3f6bbbe,Dallas Love Field,1767275298,Frisco,1767279999,2026-01-01,1767279999,1767290211,104,10212,2026,1,,,
65c6801ffad9627204a075ab6b8af797ac82345d,Dallas Love Field,1767290770,Euless,1767296724,2026-01-01,1767296724,1767333277,258,36553,2026,1,,,
60aa5165032ed3982873d44aa51e7f4b75ae5334,DFW Airport,1767304986,Grapevine,1767305054,2026-01-01,1767305054,1767331828,10,26774,2026,1,8.373065015479876,False,8.373065015479876
3be6e802bc0844c393d3c22db8a2ea7664f8e9e4,Dallas Love Field,1767306794,Denton,1767312321,2026-01-01,1767312321,1767332848,45,20527,2026,1,,,
65c6801ffad9627204a075ab6b8af797ac82345d,Dallas Love Field,1767312241,Euless,1767333615,2026-01-02,1767333615,1767376860,212,43245,2026,1,,,
3be6e802bc0844c393d3c22db8a2ea7664f8e9e4,Dallas Love Field,1767312321,Denton,1767333717,2026-01-02,1767333717,1767372875,60,39158,2026,1,,,
756c738515b1cbda9fdb1157ab7aa2b42d525df8,DFW Airport,1767368796,Grapevine,1767368806,2026-01-02,1767368806,1767387980,36,19174,2026,1,8.373065015479876,False,8.373065015479876
d50f2852007d62354c29dc6fe43ea16c4beadfc2,DFW Airport,1767368955,Grapevine,1767369054,2026-01-02,1767369054,1767389865,137,20811,2026,1,8.373065015479876,False,8.373065015479876
3be6e802bc0844c393d3c22db8a2ea7664f8e9e4,Dallas Love Field,1767312321,Lewisville,1767373280,2026-01-02,1767373280,1767393207,43,19927,2026,1,,,
3be6e802bc0844c393d3c22db8a2ea7664f8e9e4,Dallas Love Field,1767306794,Carrollton,1767374520,2026-01-02,1767374520,1767392893,12,18373,2026,1,,,
3be6e802bc0844c393d3c22db8a2ea7664f8e9e4,Dallas Love Field,1767306794,Dallas,1767374815,2026-01-02,1767374815,1767392723,82,17908,2026,1,,,
3be6e802bc0844c393d3c22db8a2ea7664f8e9e4,Dallas Love Field,1767306794,Hutchins,1767376185,2026-01-02,1767376185,1767390743,10,14558,2026,1,,,
3be6e802bc0844c393d3c22db8a2ea7664f8e9e4,Dallas Love Field,1767312321,Wilmer,1767376362,2026-01-02,1767376362,1767390539,16,14177,2026,1,,,
3be6e802bc0844c393d3c22db8a2ea7664f8e9e4,Dallas Love Field,1767306794,Palmer,1767376908,2026-01-02,1767376908,1767390062,6,13154,2026,1,,,
3be6e802bc0844c393d3c22db8a2ea7664f8e9e4,Dallas Love Field,1767312321,Garrett,1767377187,2026-01-02,1767377187,1767389869,4,12682,2026,1,,,
3be6e802bc0844c393d3c22db8a2ea7664f8e9e4,Dallas Love Field,1767306794,Ennis,1767377214,2026-01-02,1767377214,1767389680,18,12466,2026,1,,,
3be6e802bc0844c393d3c22db8a2ea7664f8e9e4,Dallas Love Field,1767306794,Alma,1767377503,2026-01-02,1767377503,1767389409,6,11906,2026,1,,,
3be6e802bc0844c393d3c22db8a2ea7664f8e9e4,Dallas Love Field,1767306794,Rice,1767377712,2026-01-02,1767377712,1767389368,56,11656,2026,1,,,
3be6e802bc0844c393d3c22db8a2ea7664f8e9e4,Dallas Love Field,1767312321,Corsicana,1767378162,2026-01-02,1767378162,1767388869,140,10707,2026,1,,,
d50f2852007d62354c29dc6fe43ea16c4beadfc2,DFW Airport,1767368955,Euless,1767378183,2026-01-02,1767378183,1767388573,4,10390,2026,1,8.373065015479876,False,8.373065015479876
01a46b4d09662d3cbe881a1f0f5a631d449aae28,DFW Airport,1767379290,Irving,1767381636,2026-01-02,1767381636,1767394286,9,12650,2026,1,8.373065015479876,False,8.373065015479876
c161ecc208be832fc5dd2030b9727af451aa18b3,DFW Airport,1767405471,Grapevine,1767406384,2026-01-02,1767406384,1767419009,9,12625,2026,1,8.373065015479876,False,8.373065015479876
c161ecc208be832fc5dd2030b9727af451aa18b3,DFW Airport,1767405471,Grapevine,1767420268,2026-01-03,1767420268,1767442470,16,22202,2026,1,8.373065015479876,False,8.373065015479876
aecaaf7e160b85b6c1180c2a975bd9accd8e8036,DFW Airport,1767436415,Fort Worth,1767439596,2026-01-03,1767439596,1767481810,3,42214,2026,1,8.373065015479876,False,8.373065015479876
559cd4b00bf6e0557a331485a0d59c29ccb6f7b3,DFW Airport,1767490357,Grapevine,1767490358,2026-01-03,1767490358,1767497910,7,7552,2026,1,8.373065015479876,False,8.373065015479876
59b91a294f38827694b105e281c7b27c1764d688,DFW Airport,1767445231,Flower Mound,1767490791,2026-01-03,1767490791,1767498190,9,7399,2026,1,8.373065015479876,False,8.373065015479876
e6eab83e905f22beaa09ffc4558c859df32adf41,DFW Airport,1767538448,Grapevine,1767538478,2026-01-04,1767538478,1767552339,107,13861,2026,1,8.373065015479876,False,8.373065015479876
3ae1c2b2ba078a6166b575f627443f915ccb0c54,Dallas Love Field,1767539221,Dallas,1767541351,2026-01-04,1767541351,1767564288,6,22937,2026,1,,,
8f948cc518ed902a854474880a97b6271390080e,Dallas Love Field,1767561261,Dallas,1767563754,2026-01-04,1767563754,1767572209,2,8455,2026,1,,,
3ae1c2b2ba078a6166b575f627443f915ccb0c54,Dallas Love Field,1767539221,Dallas,1767619147,2026-01-05,1767619147,1767643952,4,24805,2026,1,,,
5929b8978761af7242a374186e9d3365f3757d7b,DFW Airport,1767627310,Grapevine,1767628517,2026-01-05,1767628517,1767641427,3,12910,2026,1,8.373065015479876,False,8.373065015479876
754060dec1c82d4a0e8ee047f670f4b80bad5df8,DFW Airport,1767634914,Grapevine,1767634989,2026-01-05,1767634989,1767645697,61,10708,2026,1,8.373065015479876,False,8.373065015479876
d3e8b237c921589b32d476a1c359b60070c38435,DFW Airport,1767649170,Grapevine,1767649229,2026-01-05,1767649229,1767665523,4,16294,2026,1,8.373065015479876,False,8.373065015479876
4c9f67b93bb1fb5e0079c93a6f29a11f6f8ce592,DFW Airport,1767666521,Arlington,1767722403,2026-01-06,1767722403,1767729709,18,7306,2026,1,8.373065015479876,False,8.373065015479876
f04f30e94c460fa10dd35d9f2c5057cbac2bcf3b,DFW Airport,1767742379,Grapevine,1767742380,2026-01-06,1767742380,1767765595,12,23215,2026,1,8.373065015479876,False,8.373065015479876
f619ce40b301ca68e0a3fd6ca1494e30e5fd2654,Dallas Love Field,1767916958,Carrollton,1767919256,2026-01-08,1767919256,1767931767,6,12511,2026,1,,,
59b91a294f38827694b105e281c7b27c1764d688,DFW Airport,1768050017,Flower Mound,1768056246,2026-01-10,1768056246,1768103024,45,46778,2026,1,8.373065015479876,False,8.373065015479876
559cd4b00bf6e0557a331485a0d59c29ccb6f7b3,DFW Airport,1768095153,Grapevine,1768095159,2026-01-10,1768095159,1768102448,7,7289,2026,1,8.373065015479876,False,8.373065015479876
cc00d9e51dfb88a5d8736eb61967caf241a633e9,DFW Airport,1768091389,Bedford,1768111921,2026-01-11,1768111921,1768165722,27,53801,2026,1,8.373065015479876,False,8.373065015479876
8be09ea036c3b4aea97cd2992b352cb7f1347bda,DFW Airport,1768114652,Grapevine,1768114661,2026-01-11,1768114661,1768140384,2,25723,2026,1,8.373065015479876,False,8.373065015479876
3ae1c2b2ba078a6166b575f627443f915ccb0c54,Dallas Love Field,1768139575,Dallas,1768144061,2026-01-11,1768144061,1768169061,11,25000,2026,1,,,
d3e8b237c921589b32d476a1c359b60070c38435,DFW Airport,1768138597,Euless,1768150174,2026-01-11,1768150174,1768186661,5,36487,2026,1,8.373065015479876,False,8.373065015479876
39e0ed6c0482657dff75d8d5dc03572dadbd0645,DFW Airport,1768172696,Grapevine,1768172698,2026-01-11,1768172698,1768180319,19,7621,2026,1,8.373065015479876,False,8.373065015479876
89d7bf6c109e16870332e116fe3eb2015a89b2bd,DFW Airport,1768192945,Farmers Branch,1768208093,2026-01-12,1768208093,1768276083,48,67990,2026,1,8.373065015479876,False,8.373065015479876
75f57114304b7fc98aa340327e48221d8efa053d,DFW Airport,1768314831,Grapevine,1768314835,2026-01-13,1768314835,1768324071,6,9236,2026,1,8.373065015479876,False,8.373065015479876
1be85b1620a0caf77052ce9d651bef49e70e3997,DFW Airport,1768321326,Grapevine,1768321410,2026-01-13,1768321410,1768330580,7,9170,2026,1,8.373065015479876,False,8.373065015479876
89d7bf6c109e16870332e116fe3eb2015a89b2bd,DFW Airport,1768328032,Grapevine,1768334244,2026-01-13,1768334244,1768367664,55,33420,2026,1,8.373065015479876,False,8.373065015479876
6e2073e6fd24b1a4e5592aae1ddbc7f8ae626504,Dallas Love Field,1768354061,Dallas,1768355301,2026-01-13,1768355301,1768366110,4,10809,2026,1,,,
6e2073e6fd24b1a4e5592aae1ddbc7f8ae626504,Dallas Love Field,1768354061,Mesquite,1768370558,2026-01-14,1768370558,1768438323,25,67765,2026,1,,,
6e2073e6fd24b1a4e5592aae1ddbc7f8ae626504,DFW Airport,1768358301,Mesquite,1768370558,2026-01-14,1768370558,1768441837,29,71279,2026,1,8.373065015479876,False,8.373065015479876
89d7bf6c109e16870332e116fe3eb2015a89b2bd,DFW Airport,1768366850,Grapevine,1768391711,2026-01-14,1768391711,1768438402,41,46691,2026,1,8.373065015479876,False,8.373065015479876
f945173f495dce06c52b52eb821c7487d8527e2f,DFW Airport,1768418430,Arlington,1768422059,2026-01-14,1768422059,1768432901,9,10842,2026,1,8.373065015479876,False,8.373065015479876
6e2073e6fd24b1a4e5592aae1ddbc7f8ae626504,Dallas Love Field,1768354061,Dallas,1768423144,2026-01-14,1768423144,1768433351,12,10207,2026,1,,,
6e2073e6fd24b1a4e5592aae1ddbc7f8ae626504,DFW Airport,1768358301,Dallas,1768423144,2026-01-14,1768423144,1768433351,12,10207,2026,1,8.373065015479876,False,8.373065015479876
6467c59f96275293e16ba0b1348301724f4a0d9a,Dallas Love Field,1768487334,Dallas,1768487340,2026-01-15,1768487340,1768495528,45,8188,2026,1,,,
492ef925bd82ac4ead3f7e4e0845ba80199b235e,Dallas Love Field,1768494983,Dallas,1768494996,2026-01-15,1768494996,1768505625,11,10629,2026,1,,,
dc904cab4a2f109a6602452b7c9e15d748486a6c,Dallas Love Field,1768503727,Dallas,1768506473,2026-01-15,1768506473,1768525973,39,19500,2026,1,,,
ae4e1f5e2e61d5473004791028b0de6504269993,DFW Airport,1768506866,Grapevine,1768510253,2026-01-15,1768510253,1768520582,4,10329,2026,1,8.373065015479876,False,8.373065015479876
d1d5b50b0f130dfd6411bb2fd1af3b0e699187d1,Dallas Love Field,1768515943,Dallas,1768516401,2026-01-15,1768516401,1768529216,5,12815,2026,1,,,
01fd2835e08ad9d1ea1a8d4c3baca0ab1e1d9df4,DFW Airport,1768618165,Grapevine,1768618168,2026-01-16,1768618168,1768628445,18,10277,2026,1,8.373065015479876,False,8.373065015479876
68fd8d0e9af53d6dc4c63fcf240592edd7c2bbc2,Dallas Love Field,1768680848,Dallas,1768691524,2026-01-17,1768691524,1768699414,3,7890,2026,1,,,
559cd4b00bf6e0557a331485a0d59c29ccb6f7b3,DFW Airport,1768699950,Grapevine,1768699965,2026-01-17,1768699965,1768707282,8,7317,2026,1,8.373065015479876,False,8.373065015479876
68fd8d0e9af53d6dc4c63fcf240592edd7c2bbc2,Dallas Love Field,1768680848,Anna,1768725351,2026-01-18,1768725351,1768746672,10,21321,2026,1,,,
d3e8b237c921589b32d476a1c359b60070c38435,DFW Airport,1768682670,Euless,1768726924,2026-01-18,1768726924,1768765062,11,38138,2026,1,8.373065015479876,False,8.373065015479876
cc00d9e51dfb88a5d8736eb61967caf241a633e9,DFW Airport,1768696160,Bedford,1768734722,2026-01-18,1768734722,1768767797,16,33075,2026,1,8.373065015479876,False,8.373065015479876
01fd2835e08ad9d1ea1a8d4c3baca0ab1e1d9df4,DFW Airport,1768845484,Grapevine,1768845487,2026-01-19,1768845487,1768880208,42,34721,2026,1,8.373065015479876,False,8.373065015479876
640ec05588a2ef63b941b5add76fb5f47115531d,DFW Airport,1768871617,Grapevine,1768888977,2026-01-20,1768888977,1768957311,13,68334,2026,1,8.373065015479876,False,8.373065015479876
1be85b1620a0caf77052ce9d651bef49e70e3997,DFW Airport,1768926212,Grapevine,1768926217,2026-01-20,1768926217,1768935129,4,8912,2026,1,8.373065015479876,False,8.373065015479876
9e2c74e9becdd7d176037cad2542bb83a3aad0b5,DFW Airport,1768936629,Grapevine,1768936634,2026-01-20,1768936634,1768948599,25,11965,2026,1,8.373065015479876,False,8.373065015479876
1e2855fc5b29a60e72ae3c87b85dc62367dd810b,DFW Airport,1768939856,Grapevine,1768940693,2026-01-20,1768940693,1768949127,4,8434,2026,1,8.373065015479876,False,8.373065015479876
89d7bf6c109e16870332e116fe3eb2015a89b2bd,DFW Airport,1768943242,Grapevine,1768944111,2026-01-20,1768944111,1768964708,37,20597,2026,1,8.373065015479876,False,8.373065015479876
0ca54191cdc3a8bcdb316b65d03f47c192454cdb,Dallas Love Field,1768921611,Dallas,1768945888,2026-01-20,1768945888,1768970149,6,24261,2026,1,,,
ad970d54d7daefcbff8ac97d47380196b6f6ff1d,Dallas Love Field,1768947835,Plano,1768949869,2026-01-20,1768949869,1768970268,9,20399,2026,1,,,
fb77584331eec7b1f6d4b17821c04d10850d6ae5,DFW Airport,1768950213,Grapevine,1768950215,2026-01-20,1768950215,1768958743,18,8528,2026,1,8.373065015479876,False,8.373065015479876
89d7bf6c109e16870332e116fe3eb2015a89b2bd,DFW Airport,1768954543,Farmers Branch,1768958475,2026-01-20,1768958475,1768967907,6,9432,2026,1,8.373065015479876,False,8.373065015479876
ad970d54d7daefcbff8ac97d47380196b6f6ff1d,Dallas Love Field,1768962615,Plano,1768975428,2026-01-21,1768975428,1769033286,28,57858,2026,1,,,
32fb255bbdc7bec5cb80f2a897b6b978bfe6562d,DFW Airport,1768964777,Fort Worth,1768975621,2026-01-21,1768975621,1769022127,6,46506,2026,1,8.373065015479876,False,8.373065015479876
e7a1a690ad0ccae9138345da9b017f60161e71b9,DFW Airport,1768933452,Grapevine,1769016861,2026-01-21,1769016861,1769042449,5,25588,2026,1,8.373065015479876,False,8.373065015479876
f945173f495dce06c52b52eb821c7487d8527e2f,DFW Airport,1769023210,Arlington,1769026818,2026-01-21,1769026818,1769036735,16,9917,2026,1,8.373065015479876,False,8.373065015479876
fe784812f7106534fe64af54530e68b947935fd5,DFW Airport,1769025489,Irving,1769085817,2026-01-22,1769085817,1769096608,43,10791,2026,1,8.373065015479876,False,8.373065015479876
95de708d0705039b5f68fe09c14e86996835db1b,DFW Airport,1769093443,Grapevine,1769094000,2026-01-22,1769094000,1769106028,3,12028,2026,1,8.373065015479876,False,8.373065015479876
6bb1599daff016d341ea65bba7865b103c851b58,DFW Airport,1769117547,Bedford,1769121712,2026-01-22,1769121712,1769131835,26,10123,2026,1,8.373065015479876,False,8.373065015479876
6bb1599daff016d341ea65bba7865b103c851b58,DFW Airport,1769126620,Bedford,1769165050,2026-01-23,1769165050,1769174646,6,9596,2026,1,8.373065015479876,False,8.373065015479876
5cf2bacc65c1d957684ec2284bb9d58a3b5c5b17,DFW Airport,1769135094,Corinth,1769203102,2026-01-23,1769203102,1769212427,36,9325,2026,1,8.373065015479876,False,8.373065015479876
bea366ec3319cfc38a5ab69f781973ab6b5517fa,DFW Airport,1769359518,Euless,1769361430,2026-01-25,1769361430,1769400105,31,38675,2026,1,8.373065015479876,False,8.373065015479876
bea366ec3319cfc38a5ab69f781973ab6b5517fa,DFW Airport,1769359518,Fort Worth,1769361551,2026-01-25,1769361551,1769380968,13,19417,2026,1,8.373065015479876,False,8.373065015479876
bea366ec3319cfc38a5ab69f781973ab6b5517fa,DFW Airport,1769359518,Hurst,1769364153,2026-01-25,1769364153,1769397767,21,33614,2026,1,8.373065015479876,False,8.373065015479876
39e0ed6c0482657dff75d8d5dc03572dadbd0645,DFW Airport,1769382232,Grapevine,1769382236,2026-01-25,1769382236,1769389954,37,7718,2026,1,8.373065015479876,False,8.373065015479876
01fd2835e08ad9d1ea1a8d4c3baca0ab1e1d9df4,DFW Airport,1769456378,Grapevine,1769462451,2026-01-26,1769462451,1769485000,24,22549,2026,1,8.373065015479876,False,8.373065015479876
d9f6882f5c51f127d67956acb69582bae304c1a1,DFW Airport,1769526515,Irving,1769527994,2026-01-27,1769527994,1769559944,13,31950,2026,1,8.373065015479876,False,8.373065015479876
89d7bf6c109e16870332e116fe3eb2015a89b2bd,DFW Airport,1769553284,Grapevine,1769559319,2026-01-27,1769559319,1769569541,64,10222,2026,1,8.373065015479876,False,8.373065015479876
d9f6882f5c51f127d67956acb69582bae304c1a1,DFW Airport,1769559943,Plano,1769582957,2026-01-28,1769582957,1769594975,8,12018,2026,1,8.373065015479876,False,8.373065015479876
dc9133fae6f13de1edeeb76efdd7c33f77906004,DFW Airport,1769587242,Grapevine,1769587262,2026-01-28,1769587262,1769609380,9,22118,2026,1,8.373065015479876,False,8.373065015479876
dc9133fae6f13de1edeeb76efdd7c33f77906004,DFW Airport,1769587242,Garland,1769651217,2026-01-28,1769651217,1769662119,23,10902,2026,1,8.373065015479876,False,8.373065015479876
4cb7b5b204f355ed88c33bad856ad8c7a662228c,DFW Airport,1769658793,Princeton,1769703944,2026-01-29,1769703944,1769739336,8,35392,2026,1,8.373065015479876,False,8.373065015479876
6bb1599daff016d341ea65bba7865b103c851b58,DFW Airport,1769722455,Bedford,1769726453,2026-01-29,1769726453,1769736641,18,10188,2026,1,8.373065015479876,False,8.373065015479876
6bb1599daff016d341ea65bba7865b103c851b58,DFW Airport,1769732872,Bedford,1769769833,2026-01-30,1769769833,1769779482,14,9649,2026,1,8.373065015479876,False,8.373065015479876
640ec05588a2ef63b941b5add76fb5f47115531d,DFW Airport,1769792678,Grapevine,1769792867,2026-01-30,1769792867,1769830460,23,37593,2026,1,8.373065015479876,False,8.373065015479876
d8c6cc2f10436e396b45b42b1785649ec7d45848,DFW Airport,1769816849,Grapevine,1769816869,2026-01-30,1769816869,1769824308,11,7439,2026,1,8.373065015479876,False,8.373065015479876
353ffa91f65cac21b5a8c103aa8c3cb75525b17e,Dallas Love Field,1769901776,Waxahachie,1769902571,2026-01-31,1769902571,1769923102,10,20531,2026,1,,,
559cd4b00bf6e0557a331485a0d59c29ccb6f7b3,DFW Airport,1769909562,Grapevine,1769909563,2026-01-31,1769909563,1769916866,9,7303,2026,2,10.233201581027668,False,10.233201581027668
353ffa91f65cac21b5a8c103aa8c3cb75525b17e,Dallas Love Field,1769901776,Waxahachie,1769949915,2026-02-01,1769949915,1769964508,24,14593,2026,1,,,
626b2b40d1c6bab83a615988f6e06e6d6c8f2f54,DFW Airport,1769966496,Grapevine,1769967173,2026-02-01,1769967173,1769977549,40,10376,2026,2,10.233201581027668,False,10.233201581027668
91aef5bea789bc1edf5919d31399ccea8e408a4e,Dallas Love Field,1769981414,Dallas,1769984908,2026-02-01,1769984908,1769992401,6,7493,2026,2,,,
68aad3d3ddf29c9a097309e6241a40e4d1cbc6cb,DFW Airport,1769990541,Grapevine,1769990542,2026-02-01,1769990542,1770003866,4,13324,2026,2,10.233201581027668,False,10.233201581027668
64747421193c72d5094dc48f88038cbb636ead5e,Dallas Love Field,1770076809,Arlington,1770077065,2026-02-02,1770077065,1770098396,384,21331,2026,2,,,
64747421193c72d5094dc48f88038cbb636ead5e,Dallas Love Field,1770076809,Arlington,1770098456,2026-02-03,1770098456,1770155999,692,57543,2026,2,,,
64747421193c72d5094dc48f88038cbb636ead5e,Dallas Love Field,1770068911,Dallas,1770126994,2026-02-03,1770126994,1770154286,18,27292,2026,2,,,
dc9133fae6f13de1edeeb76efdd7c33f77906004,DFW Airport,1770191954,Grapevine,1770191970,2026-02-04,1770191970,1770214179,11,22209,2026,2,10.233201581027668,False,10.233201581027668
aacf3c0c5a01e3a05fc32ae44e6a4738ee558674,Dallas Love Field,1770231340,Dallas,1770233238,2026-02-04,1770233238,1770245451,4,12213,2026,2,,,
aacf3c0c5a01e3a05fc32ae44e6a4738ee558674,Dallas Love Field,1770231340,Dallas,1770272692,2026-02-05,1770272692,1770281748,5,9056,2026,2,,,
5754f1095fd61344708be1b5fc05890fdfae8fc6,DFW Airport,1770309523,Grapevine,1770309533,2026-02-05,1770309533,1770319225,33,9692,2026,2,10.233201581027668,False,10.233201581027668
00a3cba16f75be5cea826082cd007a2dea24ee39,Dallas Love Field,1770390669,The Colony,1770420354,2026-02-06,1770420354,1770434851,5,14497,2026,2,,,
4460c6e0cc14fd928e2ae48af39f0873a7262d22,DFW Airport,1770464970,Grapevine,1770464978,2026-02-07,1770464978,1770481373,4,16395,2026,2,10.233201581027668,False,10.233201581027668
e7a1a690ad0ccae9138345da9b017f60161e71b9,DFW Airport,1770496296,Grapevine,1770496315,2026-02-07,1770496315,1770505686,2,9371,2026,2,10.233201581027668,False,10.233201581027668
468834a5bd071cce0afb6a58923bb5d27e1d2a7d,DFW Airport,1770506835,Richardson,1770509183,2026-02-07,1770509183,1770529157,13,19974,2026,2,10.233201581027668,False,10.233201581027668
6b0ada810377b7d079b684a9e9c51043a931ec34,Dallas Love Field,1770504763,Dallas,1770511843,2026-02-07,1770511843,1770527229,7,15386,2026,2,,,
6b0ada810377b7d079b684a9e9c51043a931ec34,Dallas Love Field,1770504763,Dallas,1770530908,2026-02-08,1770530908,1770565428,10,34520,2026,2,,,
257b8d32ef40d9274639d9fd742a3236c2dd158a,DFW Airport,1770566146,Grapevine,1770566247,2026-02-08,1770566247,1770594464,23,28217,2026,2,10.233201581027668,False,10.233201581027668
468834a5bd071cce0afb6a58923bb5d27e1d2a7d,DFW Airport,1770506835,Garland,1770573887,2026-02-08,1770573887,1770585716,8,11829,2026,2,10.233201581027668,False,10.233201581027668
f5a375ebc45718f2fd58202299b3e7d6f685e907,DFW Airport,1770575542,Grapevine,1770576607,2026-02-08,1770576607,1770586172,8,9565,2026,2,10.233201581027668,False,10.233201581027668
640ec05588a2ef63b941b5add76fb5f47115531d,DFW Airport,1770739710,Grapevine,1770739991,2026-02-10,1770739991,1770783359,39,43368,2026,2,10.233201581027668,False,10.233201581027668
dc9133fae6f13de1edeeb76efdd7c33f77906004,DFW Airport,1770788184,Grapevine,1770789851,2026-02-11,1770789851,1770808723,10,18872,2026,2,10.233201581027668,False,10.233201581027668
640ec05588a2ef63b941b5add76fb5f47115531d,DFW Airport,1770771557,Grapevine,1770841260,2026-02-11,1770841260,1770853538,6,12278,2026,2,10.233201581027668,False,10.233201581027668
9536d5d51486eee4327e2d25d932d20495feec9b,Dallas Love Field,1770870409,Dallas,1770906073,2026-02-12,1770906073,1770928202,7,22129,2026,2,,,
5754f1095fd61344708be1b5fc05890fdfae8fc6,DFW Airport,1770914042,Grapevine,1770914048,2026-02-12,1770914048,1770923766,19,9718,2026,2,10.233201581027668,False,10.233201581027668
80231d68cbda1cc4b78ec8de707f184f2ef0ccbb,DFW Airport,1770914234,Grapevine,1770914236,2026-02-12,1770914236,1770942198,12,27962,2026,2,10.233201581027668,False,10.233201581027668
640ec05588a2ef63b941b5add76fb5f47115531d,DFW Airport,1770925497,Grapevine,1770925517,2026-02-12,1770925517,1770960331,11,34814,2026,2,10.233201581027668,False,10.233201581027668
3b36a146c9a4037799c3aa45425ce50af0ce35b5,DFW Airport,1770928446,Southlake,1770929871,2026-02-12,1770929871,1770953280,18,23409,2026,2,10.233201581027668,False,10.233201581027668
f79a0dcd9ee03bfcf8910be8404f5bc6be675944,Dallas Love Field,1770936072,Dallas,1770936092,2026-02-12,1770936092,1770962363,178,26271,2026,2,,,
141230ab0fea774eb299c26b458b0c4399c3ba03,Dallas Love Field,1770936343,Dallas,1770936350,2026-02-12,1770936350,1770962333,182,25983,2026,2,,,
bca89ac81c6fb2a0df9c8e0f5dcba941ec13c5dc,Dallas Love Field,1770936351,Dallas,1770936372,2026-02-12,1770936372,1770962375,240,26003,2026,2,,,
141230ab0fea774eb299c26b458b0c4399c3ba03,Dallas Love Field,1770936343,Farmers Branch,1770939943,2026-02-12,1770939943,1770959468,3,19525,2026,2,,,
f79a0dcd9ee03bfcf8910be8404f5bc6be675944,Dallas Love Field,1770936072,Farmers Branch,1770939953,2026-02-12,1770939953,1770959763,9,19810,2026,2,,,
bca89ac81c6fb2a0df9c8e0f5dcba941ec13c5dc,Dallas Love Field,1770936351,Addison,1770940051,2026-02-12,1770940051,1770959418,3,19367,2026,2,,,
141230ab0fea774eb299c26b458b0c4399c3ba03,Dallas Love Field,1770940927,Plano,1770940989,2026-02-12,1770940989,1770959005,464,18016,2026,2,,,
f79a0dcd9ee03bfcf8910be8404f5bc6be675944,Dallas Love Field,1770940812,Plano,1770941000,2026-02-12,1770941000,1770959116,350,18116,2026,2,,,
bca89ac81c6fb2a0df9c8e0f5dcba941ec13c5dc,Dallas Love Field,1770940850,Plano,1770941027,2026-02-12,1770941027,1770959118,176,18091,2026,2,,,
2e80ecc2edeb5ce492ef12d25ec4acedece1cf30,DFW Airport,1770942522,Dallas,1770944687,2026-02-12,1770944687,1770959714,6,15027,2026,2,10.233201581027668,False,10.233201581027668
141230ab0fea774eb299c26b458b0c4399c3ba03,Dallas Love Field,1770940927,Dallas,1770962453,2026-02-13,1770962453,1771010466,606,48013,2026,2,,,
f79a0dcd9ee03bfcf8910be8404f5bc6be675944,Dallas Love Field,1770936072,Dallas,1770962484,2026-02-13,1770962484,1771010453,372,47969,2026,2,,,
bca89ac81c6fb2a0df9c8e0f5dcba941ec13c5dc,Dallas Love Field,1770940850,Dallas,1770971175,2026-02-13,1770971175,1771010452,166,39277,2026,2,,,
640ec05588a2ef63b941b5add76fb5f47115531d,DFW Airport,1770958344,Grapevine,1770976344,2026-02-13,1770976344,1771020416,30,44072,2026,2,10.233201581027668,False,10.233201581027668
141230ab0fea774eb299c26b458b0c4399c3ba03,Dallas Love Field,1770940927,Farmers Branch,1771010556,2026-02-13,1771010556,1771023132,294,12576,2026,2,,,
f79a0dcd9ee03bfcf8910be8404f5bc6be675944,Dallas Love Field,1770940812,Farmers Branch,1771010568,2026-02-13,1771010568,1771022700,239,12132,2026,2,,,
cae1e98bf403398cc8f17d98137b5fdb26341bd3,DFW Airport,1771084391,Fort Worth,1771085870,2026-02-14,1771085870,1771107768,15,21898,2026,2,10.233201581027668,False,10.233201581027668
257b8d32ef40d9274639d9fd742a3236c2dd158a,DFW Airport,1771176215,Grapevine,1771181629,2026-02-15,1771181629,1771199242,3,17613,2026,2,10.233201581027668,False,10.233201581027668
885b1de662c9890e124ca53bbe269f5041193d51,DFW Airport,1771244614,Grapevine,1771244625,2026-02-16,1771244625,1771262686,6,18061,2026,2,10.233201581027668,False,10.233201581027668
38e0adaf2d26960e60e6a0d9f8f02ba6a790b39f,DFW Airport,1771249690,Grapevine,1771249695,2026-02-16,1771249695,1771257358,14,7663,2026,2,10.233201581027668,False,10.233201581027668
885b1de662c9890e124ca53bbe269f5041193d51,DFW Airport,1771244614,Colleyville,1771258110,2026-02-16,1771258110,1771273382,8,15272,2026,2,10.233201581027668,False,10.233201581027668
adc115268ee0b64b8cb58c5c43b8cbf9c70c4743,DFW Airport,1771265177,Grapevine,1771265179,2026-02-16,1771265179,1771289539,27,24360,2026,2,10.233201581027668,False,10.233201581027668
01fd2835e08ad9d1ea1a8d4c3baca0ab1e1d9df4,DFW Airport,1771271504,Grapevine,1771271510,2026-02-16,1771271510,1771286272,4,14762,2026,2,10.233201581027668,False,10.233201581027668
a1555e99b75875212afb47150655015d700f0287,DFW Airport,1771247305,Dallas,1771272640,2026-02-16,1771272640,1771286594,5,13954,2026,2,10.233201581027668,False,10.233201581027668
79f266c93f7670ef4dd4801f70a75bf0646cc745,DFW Airport,1771275553,Grapevine,1771275635,2026-02-16,1771275635,1771301361,327,25726,2026,2,10.233201581027668,False,10.233201581027668
57024e518c293613349d7aa276ddab8d8c9ddb74,Dallas Love Field,1771294618,Dallas,1771294741,2026-02-16,1771294741,1771302617,2,7876,2026,2,,,
c9223a1bc4b09e626fcccf301e87eae834f1b780,Dallas Love Field,1771445097,Dallas,1771445206,2026-02-18,1771445206,1771457253,12,12047,2026,2,,,
948bbf2c3e6dc7e5e0a99b9c0161eed738702161,DFW Airport,1771457310,Grapevine,1771457624,2026-02-18,1771457624,1771465424,80,7800,2026,2,10.233201581027668,False,10.233201581027668
470ce358ad4c75828a7a35cea39455e889763e2e,DFW Airport,1771456081,Grapevine,1771459751,2026-02-18,1771459751,1771469838,9,10087,2026,2,10.233201581027668,False,10.233201581027668
5924f10c90bcccf3706c32050acdb62268af7817,Dallas Love Field,1771440025,Frisco,1771468532,2026-02-18,1771468532,1771480741,3,12209,2026,2,,,
016bbaf94abdd0b7c0812d8d485783171e98bacf,DFW Airport,1771420545,Grapevine,1771481095,2026-02-19,1771481095,1771506872,30,25777,2026,2,10.233201581027668,False,10.233201581027668
470ce358ad4c75828a7a35cea39455e889763e2e,DFW Airport,1771456081,Irving,1771485627,2026-02-19,1771485627,1771499864,8,14237,2026,2,10.233201581027668,False,10.233201581027668
5924f10c90bcccf3706c32050acdb62268af7817,Dallas Love Field,1771440025,Frisco,1771486975,2026-02-19,1771486975,1771506053,6,19078,2026,2,,,
5754f1095fd61344708be1b5fc05890fdfae8fc6,DFW Airport,1771519108,Grapevine,1771519470,2026-02-19,1771519470,1771528186,6,8716,2026,2,10.233201581027668,False,10.233201581027668
3b36a146c9a4037799c3aa45425ce50af0ce35b5,DFW Airport,1771533225,Southlake,1771534604,2026-02-19,1771534604,1771555627,18,21023,2026,2,10.233201581027668,False,10.233201581027668
79f266c93f7670ef4dd4801f70a75bf0646cc745,DFW Airport,1771610267,Grapevine,1771610273,2026-02-20,1771610273,1771625140,93,14867,2026,2,10.233201581027668,False,10.233201581027668
0c768f082154b512c21e2193445bbfeaedd44a72,Dallas Love Field,1771680537,Dallas,1771681688,2026-02-21,1771681688,1771693210,12,11522,2026,2,,,
f8e1c09393340fec42cc83dbdf01967bfbd7b51d,DFW Airport,1771683884,Grapevine,1771683887,2026-02-21,1771683887,1771694493,5,10606,2026,2,10.233201581027668,False,10.233201581027668
91be88554cc95cef56eacbd5ca69e55adf04e542,DFW Airport,1771680117,Dallas,1771686044,2026-02-21,1771686044,1771727792,11,41748,2026,2,10.233201581027668,False,10.233201581027668
4c9f67b93bb1fb5e0079c93a6f29a11f6f8ce592,DFW Airport,1771727591,Dallas,1771741217,2026-02-22,1771741217,1771796546,7,55329,2026,2,10.233201581027668,False,10.233201581027668
91be88554cc95cef56eacbd5ca69e55adf04e542,DFW Airport,1771680117,Dallas,1771744140,2026-02-22,1771744140,1771765046,6,20906,2026,2,10.233201581027668,False,10.233201581027668
58aa42c1bb94c3f922eeaca3f755b5b97d555c15,DFW Airport,1771770481,Garland,1771788019,2026-02-22,1771788019,1771818365,25,30346,2026,2,10.233201581027668,False,10.233201581027668
58aa42c1bb94c3f922eeaca3f755b5b97d555c15,DFW Airport,1771770481,Dallas,1771793277,2026-02-22,1771793277,1771818442,7,25165,2026,2,10.233201581027668,False,10.233201581027668
727b2147677af16b2db27ff59f97b1aafd7688be,DFW Airport,1771805540,Grapevine,1771805553,2026-02-22,1771805553,1771815208,21,9655,2026,2,10.233201581027668,False,10.233201581027668
5924f10c90bcccf3706c32050acdb62268af7817,Dallas Love Field,1771889862,Frisco,1771890081,2026-02-23,1771890081,1771912574,54,22493,2026,2,,,
71c52284caa7a7e1d814f22971d214ee0028a2da,Dallas Love Field,1771902346,Dallas,1771903094,2026-02-23,1771903094,1771911210,6,8116,2026,2,,,
5924f10c90bcccf3706c32050acdb62268af7817,Dallas Love Field,1771892770,Frisco,1771914935,2026-02-24,1771914935,1771973404,48,58469,2026,2,,,
aab84cd7af7d07daab1830fcc1c4313d8f6a015f,DFW Airport,1771945254,Arlington,1771946452,2026-02-24,1771946452,1771990488,62,44036,2026,2,10.233201581027668,False,10.233201581027668
86c0072f7c16cfbc1a059dd7c8346924e7e5de9e,DFW Airport,1772120232,Grapevine,1772120487,2026-02-26,1772120487,1772129351,80,8864,2026,2,10.233201581027668,False,10.233201581027668
7dc94422aa5976cc67752a1812b41f06d00d8be0,Dallas Love Field,1772130351,Dallas,1772130400,2026-02-26,1772130400,1772163468,154,33068,2026,2,,,
4c9f67b93bb1fb5e0079c93a6f29a11f6f8ce592,DFW Airport,1772218930,Grapevine,1772218934,2026-02-27,1772218934,1772236558,10,17624,2026,2,10.233201581027668,False,10.233201581027668
c010036ffb009f4dc57f3e372e16ac927a2d5c9b,DFW Airport,1772297242,Grapevine,1772297252,2026-02-28,1772297252,1772314576,14,17324,2026,2,10.233201581027668,False,10.233201581027668
8965a8db4a41ac81dfb78a806b479e3a0892d0d2,DFW Airport,1772302197,Grapevine,1772308599,2026-02-28,1772308599,1772320421,7,11822,2026,2,10.233201581027668,False,10.233201581027668
9d193ade36204542c4b9a19f847004a741c17879,Dallas Love Field,1772503941,Dallas,1772504021,2026-03-02,1772504021,1772514038,5,10017,2026,3,,,
9d193ade36204542c4b9a19f847004a741c17879,Dallas Love Field,1772503941,Dallas,1772563124,2026-03-03,1772563124,1772576453,4,13329,2026,3,,,
a247fcb7839951396369fe47bd5c9f0a90a46446,Dallas Love Field,1772651254,Corinth,1772657928,2026-03-04,1772657928,1772683282,46,25354,2026,3,,,
79ea64d21cfb8520b40fd4558d5f2d2fb10afecc,Dallas Love Field,1772659238,Dallas,1772659244,2026-03-04,1772659244,1772669619,14,10375,2026,3,,,
dad94f8ffa83ae2082fb7b9ac520f3155cd5c239,DFW Airport,1772664288,Grapevine,1772664293,2026-03-04,1772664293,1772686018,19,21725,2026,3,15.159883720930232,False,15.159883720930232
a247fcb7839951396369fe47bd5c9f0a90a46446,Dallas Love Field,1772675520,Corinth,1772695062,2026-03-05,1772695062,1772727150,34,32088,2026,3,,,
4c9f67b93bb1fb5e0079c93a6f29a11f6f8ce592,DFW Airport,1772667324,Arlington,1772735026,2026-03-05,1772735026,1772753609,28,18583,2026,3,15.159883720930232,False,15.159883720930232
f6a61176d72c85b599ba9b285d9e4fe95543b868,DFW Airport,1772978580,Grapevine,1772980119,2026-03-08,1772980119,1772991267,2,11148,2026,3,15.159883720930232,False,15.159883720930232
640ec05588a2ef63b941b5add76fb5f47115531d,DFW Airport,1772987327,Grapevine,1772987404,2026-03-08,1772987404,1772997293,12,9889,2026,3,15.159883720930232,False,15.159883720930232
0311d63614a6b15fb70e8d02039b50600f516c3b,DFW Airport,1773001443,Grapevine,1773001993,2026-03-08,1773001993,1773012934,6,10941,2026,3,15.159883720930232,False,15.159883720930232
794410b23ec83987bcd0e7454e669d4b48de66ac,DFW Airport,1773010871,Carrollton,1773014977,2026-03-08,1773014977,1773029414,19,14437,2026,3,15.159883720930232,False,15.159883720930232
794410b23ec83987bcd0e7454e669d4b48de66ac,DFW Airport,1773010871,Carrollton,1773043999,2026-03-09,1773043999,1773087013,74,43014,2026,3,15.159883720930232,False,15.159883720930232
bee61b75ccb0b985d9b3138e23b5e24d6448a9dd,DFW Airport,1773080889,Grapevine,1773139007,2026-03-10,1773139007,1773152228,5,13221,2026,3,15.159883720930232,False,15.159883720930232
79ea64d21cfb8520b40fd4558d5f2d2fb10afecc,Dallas Love Field,1773264368,Dallas,1773264461,2026-03-11,1773264461,1773274419,10,9958,2026,3,,,
d1cd988c14b31ac2e182b753fc9367d5c7ba2ced,Dallas Love Field,1773187380,Fort Worth,1773264557,2026-03-11,1773264557,1773273626,6,9069,2026,3,,,
01fd2835e08ad9d1ea1a8d4c3baca0ab1e1d9df4,DFW Airport,1773354750,Grapevine,1773354751,2026-03-12,1773354751,1773367813,34,13062,2026,3,15.159883720930232,False,15.159883720930232
24f830f8e7f19f7850c1b48805e1d1727ea46adb,DFW Airport,1773351535,Northlake,1773355789,2026-03-12,1773355789,1773364885,13,9096,2026,3,15.159883720930232,False,15.159883720930232
f3b6fa639753ac30c5c9311e2cd88c066822f9d2,DFW Airport,1773370279,Flower Mound,1773380704,2026-03-13,1773380704,1773445753,14,65049,2026,3,15.159883720930232,False,15.159883720930232
720ccef24d07c089b58d648203fcdb2dc73580fb,DFW Airport,1773332659,Frisco,1773390532,2026-03-13,1773390532,1773414185,3,23653,2026,3,15.159883720930232,False,15.159883720930232
01fd2835e08ad9d1ea1a8d4c3baca0ab1e1d9df4,DFW Airport,1773367813,Burleson,1773420325,2026-03-13,1773420325,1773443472,4,23147,2026,3,15.159883720930232,False,15.159883720930232
0e90d5b9a938d5162c74a8e51563f8de548dfb53,Dallas Love Field,1773429690,Dallas,1773429695,2026-03-13,1773429695,1773437238,6,7543,2026,3,,,
f29719e88b1eec7fd899d9b07e4debaf18e8bb2f,DFW Airport,1773527564,Grapevine,1773532051,2026-03-14,1773532051,1773548259,34,16208,2026,3,15.159883720930232,False,15.159883720930232
86439777366f6b53bf896d1a76ed7ea721e93879,Dallas Love Field,1773593810,Dallas,1773593815,2026-03-15,1773593815,1773606756,79,12941,2026,3,,,
a38096e4e18fc328b7032dc8a93f2fa50956737a,DFW Airport,1773672831,Grapevine,1773672885,2026-03-16,1773672885,1773683559,9,10674,2026,3,15.159883720930232,False,15.159883720930232
429ca22e332876fd9ecc24a960a5189ed3cd4085,Dallas Love Field,1773697502,Dallas,1773697930,2026-03-16,1773697930,1773707024,15,9094,2026,3,,,
640ec05588a2ef63b941b5add76fb5f47115531d,DFW Airport,1773701116,Grapevine,1773701891,2026-03-16,1773701891,1773710963,8,9072,2026,3,15.159883720930232,False,15.159883720930232
f484c6c49903d271e7671c72d457e59d86897ddf,DFW Airport,1773754234,Grapevine,1773754239,2026-03-17,1773754239,1773778922,26,24683,2026,3,15.159883720930232,False,15.159883720930232
01fd2835e08ad9d1ea1a8d4c3baca0ab1e1d9df4,DFW Airport,1773964792,Grapevine,1773964871,2026-03-19,1773964871,1773972623,14,7752,2026,3,15.159883720930232,False,15.159883720930232
7e1089e3ce302356dbaa89b7c1631b80a55619a6,Dallas Love Field,1774022790,Dallas,1774024281,2026-03-20,1774024281,1774036145,9,11864,2026,3,,,
01fd2835e08ad9d1ea1a8d4c3baca0ab1e1d9df4,DFW Airport,1773964792,Grapevine,1774025066,2026-03-20,1774025066,1774041088,36,16022,2026,3,15.159883720930232,False,15.159883720930232
01fd2835e08ad9d1ea1a8d4c3baca0ab1e1d9df4,DFW Airport,1773965411,Burleson,1774025109,2026-03-20,1774025109,1774056568,26,31459,2026,3,15.159883720930232,False,15.159883720930232
75e37c3d0d08bd6b045f111b5a716a9c5eae3646,Dallas Love Field,1774054088,Dallas,1774054123,2026-03-20,1774054123,1774065574,2,11451,2026,3,,,
ea10b30087465cc742411a50bb51cd41978c8095,Dallas Love Field,1774103687,Arlington,1774124272,2026-03-21,1774124272,1774151767,6,27495,2026,3,,,
ea10b30087465cc742411a50bb51cd41978c8095,Dallas Love Field,1774151760,Arlington,1774167510,2026-03-22,1774167510,1774175630,4,8120,2026,3,,,
640ec05588a2ef63b941b5add76fb5f47115531d,DFW Airport,1774279329,Grapevine,1774279370,2026-03-23,1774279370,1774315751,16,36381,2026,3,15.159883720930232,False,15.159883720930232
386c050e300222d2b8909b6e4ebb5cf03cd2742f,DFW Airport,1774344927,Grapevine,1774344928,2026-03-24,1774344928,1774354748,2,9820,2026,3,15.159883720930232,False,15.159883720930232
c6066cb9c37a57c2c7f7e95b9ef07ea54890fcb8,DFW Airport,1774366104,Grapevine,1774366134,2026-03-24,1774366134,1774376879,30,10745,2026,3,15.159883720930232,False,15.159883720930232
49240867ce9c8d98bae6b68cf8aafdc9f0f78820,DFW Airport,1774438503,Grapevine,1774438510,2026-03-25,1774438510,1774446722,34,8212,2026,3,15.159883720930232,False,15.159883720930232
26a3c7bc86a45d589c3b96dd9f685f9e104f2ea2,DFW Airport,1774453755,Grapevine,1774454002,2026-03-25,1774454002,1774464109,3,10107,2026,3,15.159883720930232,False,15.159883720930232
c013b865b613670924d4de4576e580a7eb79d3c0,Dallas Love Field,1774453619,Dallas,1774454031,2026-03-25,1774454031,1774464168,86,10137,2026,3,,,
fa7403f5ac0e398ffeddd41f070df98cb784e71f,Dallas Love Field,1774456478,Dallas,1774458391,2026-03-25,1774458391,1774466683,3,8292,2026,3,,,
640ec05588a2ef63b941b5add76fb5f47115531d,DFW Airport,1774471597,Grapevine,1774471601,2026-03-25,1774471601,1774494238,16,22637,2026,3,15.159883720930232,False,15.159883720930232
ffc84fec4128f1c52fb0f93ea0a9fed4beec79af,DFW Airport,1774471779,Grapevine,1774471817,2026-03-25,1774471817,1774484154,31,12337,2026,3,15.159883720930232,False,15.159883720930232
771418fd22b3f1aec05c055c1b64d12584526aee,Dallas Love Field,1774534944,Dallas,1774536390,2026-03-26,1774536390,1774585991,25,49601,2026,3,,,
ddea54669970deaa889f2067b94c5a711ce3d2bc,Dallas Love Field,1774564627,Dallas,1774565278,2026-03-26,1774565278,1774573467,92,8189,2026,3,,,
771418fd22b3f1aec05c055c1b64d12584526aee,Dallas Love Field,1774534944,Grand Prairie,1774588095,2026-03-27,1774588095,1774604843,4,16748,2026,3,,,
1a876c9ef1a32b6c586e90e8529ad44566056c12,Dallas Love Field,1774578158,Rockwall,1774594933,2026-03-27,1774594933,1774637378,22,42445,2026,3,,,
01fd2835e08ad9d1ea1a8d4c3baca0ab1e1d9df4,DFW Airport,1774636434,Grapevine,1774636461,2026-03-27,1774636461,1774664051,19,27590,2026,3,15.159883720930232,False,15.159883720930232
01fd2835e08ad9d1ea1a8d4c3baca0ab1e1d9df4,DFW Airport,1774636434,Burleson,1774640545,2026-03-27,1774640545,1774661347,24,20802,2026,3,15.159883720930232,False,15.159883720930232
5cd56eb443097e21d3cb0eaa63e21547e4569d76,Dallas Love Field,1774709483,Dallas,1774709584,2026-03-28,1774709584,1774717471,7,7887,2026,3,,,
5e5d2f0ca3e9b845139d60bd6235ef9a5f618fd9,DFW Airport,1774764335,Dallas,1774807940,2026-03-29,1774807940,1774825984,2,18044,2026,3,15.159883720930232,False,15.159883720930232
50439c195cc8432e0fb5e864c4f3ff9828783736,DFW Airport,1774818214,Grapevine,1774818222,2026-03-29,1774818222,1774827006,4,8784,2026,3,15.159883720930232,False,15.159883720930232
b447cc002932ca6426e4e67d9512eb87c7a0c068,DFW Airport,1774872312,Grapevine,1774872552,2026-03-30,1774872552,1774893037,3,20485,2026,3,15.159883720930232,False,15.159883720930232
b447cc002932ca6426e4e67d9512eb87c7a0c068,DFW Airport,1774872312,Irving,1774879659,2026-03-30,1774879659,1774891179,3,11520,2026,3,15.159883720930232,False,15.159883720930232
640ec05588a2ef63b941b5add76fb5f47115531d,DFW Airport,1774884172,Grapevine,1774910610,2026-03-30,1774910610,1774920587,8,9977,2026,3,15.159883720930232,False,15.159883720930232
2e83718fe3280970d900c12215e17709f5e08b02,DFW Airport,1774909324,Grand Prairie,1774911190,2026-03-30,1774911190,1774921178,66,9988,2026,3,15.159883720930232,False,15.159883720930232
2e83718fe3280970d900c12215e17709f5e08b02,DFW Airport,1774919635,Grand Prairie,1774937545,2026-03-31,1774937545,1774995488,50,57943,2026,3,15.159883720930232,False,15.159883720930232
577b0e27fbd89c3d23b18685c0c2b92c58eff9d8,DFW Airport,1774918574,Keller,1774958460,2026-03-31,1774958460,1775001355,17,42895,2026,3,15.159883720930232,False,15.159883720930232
577b0e27fbd89c3d23b18685c0c2b92c58eff9d8,DFW Airport,1774918574,North Richland Hills,1774961793,2026-03-31,1774961793,1774990889,4,29096,2026,3,15.159883720930232,False,15.159883720930232
fbed45f021ef798109c2d370926435da9dc03e30,DFW Airport,1774968174,Grapevine,1774968513,2026-03-31,1774968513,1774976438,34,7925,2026,3,15.159883720930232,False,15.159883720930232
7f980334ef4044d5888b6de99172017c1225eaa5,Dallas Love Field,1774980149,Dallas,1774980640,2026-03-31,1774980640,1774997513,6,16873,2026,3,,,
1430b73ef63a20c8ca3f6d143a388959215d78cd,DFW Airport,1774999680,Grapevine,1774999726,2026-03-31,1774999726,1775007006,57,7280,2026,3,15.159883720930232,False,15.159883720930232
c013b865b613670924d4de4576e580a7eb79d3c0,Dallas Love Field,1775060214,Dallas,1775060220,2026-04-01,1775060220,1775068947,58,8727,2026,4,,,
fcbc4e3e522d4ddf9f4c45e002bbea152a2b8229,DFW Airport,1775038616,Arlington,1775076102,2026-04-01,1775076102,1775085770,19,9668,2026,4,5.048520986788262,True,5.048520986788262
640ec05588a2ef63b941b5add76fb5f47115531d,DFW Airport,1775076404,Grapevine,1775077024,2026-04-01,1775077024,1775098978,7,21954,2026,4,5.048520986788262,True,5.048520986788262
2e83718fe3280970d900c12215e17709f5e08b02,DFW Airport,1775139791,Grapevine,1775139792,2026-04-02,1775139792,1775157359,34,17567,2026,4,5.048520986788262,True,5.048520986788262
4412d0ef8f8d21d316f92d269c0058b0a0f501cb,DFW Airport,1775147953,Mansfield,1775149077,2026-04-02,1775149077,1775192368,101,43291,2026,4,5.048520986788262,True,5.048520986788262
2e83718fe3280970d900c12215e17709f5e08b02,DFW Airport,1775139791,Grand Prairie,1775159175,2026-04-02,1775159175,1775172291,27,13116,2026,4,5.048520986788262,True,5.048520986788262
2e83718fe3280970d900c12215e17709f5e08b02,DFW Airport,1775139791,Arlington,1775161693,2026-04-02,1775161693,1775174257,17,12564,2026,4,5.048520986788262,True,5.048520986788262
ddea54669970deaa889f2067b94c5a711ce3d2bc,Dallas Love Field,1775169469,Dallas,1775170013,2026-04-02,1775170013,1775178098,135,8085,2026,4,,,
4412d0ef8f8d21d316f92d269c0058b0a0f501cb,DFW Airport,1775174545,Mansfield,1775196345,2026-04-03,1775196345,1775233492,94,37147,2026,4,5.048520986788262,True,5.048520986788262
e8ec7c28652217ee8ac793c4428bc9eb6dc0bb0c,Dallas Love Field,1775312594,Dallas,1775313195,2026-04-04,1775313195,1775342938,4,29743,2026,4,,,
7f980334ef4044d5888b6de99172017c1225eaa5,Dallas Love Field,1775325974,Dallas,1775328094,2026-04-04,1775328094,1775351732,4,23638,2026,4,,,
2e83718fe3280970d900c12215e17709f5e08b02,Dallas Love Field,1775261543,Grand Prairie,1775333286,2026-04-04,1775333286,1775342939,18,9653,2026,4,,,
e8ec7c28652217ee8ac793c4428bc9eb6dc0bb0c,Dallas Love Field,1775312594,Farmers Branch,1775339426,2026-04-04,1775339426,1775350779,26,11353,2026,4,,,
1d4c461832f8eb20c974e6e5fba7e69bc4e4f0dd,Dallas Love Field,1775335081,Addison,1775339880,2026-04-04,1775339880,1775360487,11,20607,2026,4,,,
59de2ed5cfe98cdfc4c88b05b43e6a24742f0b12,DFW Airport,1775349263,Grapevine,1775349536,2026-04-04,1775349536,1775359943,28,10407,2026,4,5.048520986788262,True,5.048520986788262
1d4c461832f8eb20c974e6e5fba7e69bc4e4f0dd,Dallas Love Field,1775349517,Addison,1775365225,2026-04-05,1775365225,1775418402,40,53177,2026,4,,,
e8ec7c28652217ee8ac793c4428bc9eb6dc0bb0c,Dallas Love Field,1775350174,Dallas,1775372935,2026-04-05,1775372935,1775384265,12,11330,2026,4,,,
1d4c461832f8eb20c974e6e5fba7e69bc4e4f0dd,Dallas Love Field,1775335081,Farmers Branch,1775406760,2026-04-05,1775406760,1775418240,6,11480,2026,4,,,
1d4c461832f8eb20c974e6e5fba7e69bc4e4f0dd,Dallas Love Field,1775349517,Dallas,1775406901,2026-04-05,1775406901,1775418025,68,11124,2026,4,,,
1d4c461832f8eb20c974e6e5fba7e69bc4e4f0dd,Dallas Love Field,1775335081,Irving,1775407304,2026-04-05,1775407304,1775417708,18,10404,2026,4,,,
835e0d85e498d393ed435863bb7ab14c77d7f846,DFW Airport,1775406750,Grapevine,1775409853,2026-04-05,1775409853,1775425966,12,16113,2026,4,5.048520986788262,True,5.048520986788262
01fd2835e08ad9d1ea1a8d4c3baca0ab1e1d9df4,DFW Airport,1775494184,Grapevine,1775494188,2026-04-06,1775494188,1775509672,10,15484,2026,4,5.048520986788262,True,5.048520986788262
e94777110e4a321f484f50c69e7195b68e4423ba,Dallas Love Field,1775433857,Dallas,1775507765,2026-04-06,1775507765,1775515613,10,7848,2026,4,,,
1f8be7d5a809cf6b45de50e922a181df87ef9ff7,Dallas Love Field,1775520542,Arlington,1775547650,2026-04-07,1775547650,1775591514,27,43864,2026,4,,,
577b0e27fbd89c3d23b18685c0c2b92c58eff9d8,DFW Airport,1775523373,Keller,1775563244,2026-04-07,1775563244,1775597608,4,34364,2026,4,5.048520986788262,True,5.048520986788262
01fd2835e08ad9d1ea1a8d4c3baca0ab1e1d9df4,DFW Airport,1775521252,Dallas,1775569404,2026-04-07,1775569404,1775595469,7,26065,2026,4,5.048520986788262,True,5.048520986788262
ca75417974a8a9527a532272ffb352b4d29452c7,DFW Airport,1775579820,Grapevine,1775579840,2026-04-07,1775579840,1775587268,32,7428,2026,4,5.048520986788262,True,5.048520986788262
fcbc4e3e522d4ddf9f4c45e002bbea152a2b8229,DFW Airport,1775595926,Arlington,1775598110,2026-04-07,1775598110,1775623658,34,25548,2026,4,5.048520986788262,True,5.048520986788262
fcbc4e3e522d4ddf9f4c45e002bbea152a2b8229,DFW Airport,1775595926,Arlington,1775625475,2026-04-08,1775625475,1775690544,46,65069,2026,4,5.048520986788262,True,5.048520986788262
2e83718fe3280970d900c12215e17709f5e08b02,DFW Airport,1775642694,Grapevine,1775643456,2026-04-08,1775643456,1775687955,72,44499,2026,4,5.048520986788262,True,5.048520986788262
c013b865b613670924d4de4576e580a7eb79d3c0,Dallas Love Field,1775663506,Dallas,1775664945,2026-04-08,1775664945,1775673775,55,8830,2026,4,,,
2e83718fe3280970d900c12215e17709f5e08b02,DFW Airport,1775642694,Fort Worth,1775675483,2026-04-08,1775675483,1775688162,2,12679,2026,4,5.048520986788262,True,5.048520986788262
2e83718fe3280970d900c12215e17709f5e08b02,DFW Airport,1775642694,Grand Prairie,1775675701,2026-04-08,1775675701,1775692765,49,17064,2026,4,5.048520986788262,True,5.048520986788262
99fc8d63ee9a836d23a920a8d4fffdc5a879ddd9,DFW Airport,1775663531,Grapevine,1775675996,2026-04-08,1775675996,1775688593,6,12597,2026,4,5.048520986788262,True,5.048520986788262
99fc8d63ee9a836d23a920a8d4fffdc5a879ddd9,DFW Airport,1775663531,Grand Prairie,1775690287,2026-04-08,1775690287,1775708969,12,18682,2026,4,5.048520986788262,True,5.048520986788262
99fc8d63ee9a836d23a920a8d4fffdc5a879ddd9,DFW Airport,1775663531,Grand Prairie,1775725710,2026-04-09,1775725710,1775794864,9,69154,2026,4,5.048520986788262,True,5.048520986788262
99fc8d63ee9a836d23a920a8d4fffdc5a879ddd9,DFW Airport,1775663531,Grapevine,1775728862,2026-04-09,1775728862,1775748753,7,19891,2026,4,5.048520986788262,True,5.048520986788262
6c5b01fd46238f5906e2a6e0eb7b961d2ba45fdc,Dallas Love Field,1775720717,Dallas,1775748871,2026-04-09,1775748871,1775774359,6,25488,2026,4,,,
4412d0ef8f8d21d316f92d269c0058b0a0f501cb,DFW Airport,1775752753,Mansfield,1775753821,2026-04-09,1775753821,1775797144,105,43323,2026,4,5.048520986788262,True,5.048520986788262
6c4d6aad9d3043b41001507e49f37e51abfee7fc,DFW Airport,1775743026,Hurst,1775766137,2026-04-09,1775766137,1775776003,9,9866,2026,4,5.048520986788262,True,5.048520986788262
037e1432073d3e8df287a0fd8f762875d309e154,Dallas Love Field,1775767993,Dallas,1775767995,2026-04-09,1775767995,1775777117,2,9122,2026,4,,,
4412d0ef8f8d21d316f92d269c0058b0a0f501cb,DFW Airport,1775752753,Mansfield,1775798231,2026-04-10,1775798231,1775838231,58,40000,2026,4,5.048520986788262,True,5.048520986788262
99fc8d63ee9a836d23a920a8d4fffdc5a879ddd9,DFW Airport,1775736629,Grand Prairie,1775800362,2026-04-10,1775800362,1775854567,24,54205,2026,4,5.048520986788262,True,5.048520986788262
b0357e7c17a4b05765a9805ebc51cb2ee616e460,DFW Airport,1775814731,Grapevine,1775814734,2026-04-10,1775814734,1775835524,11,20790,2026,4,5.048520986788262,True,5.048520986788262
8bc3685a4cf9d8703ec2f8fdc1b981996e9632e2,Dallas Love Field,1775843240,Dallas,1775845171,2026-04-10,1775845171,1775859671,2,14500,2026,4,,,
2e83718fe3280970d900c12215e17709f5e08b02,DFW Airport,1775850582,Grand Prairie,1775851235,2026-04-10,1775851235,1775864280,98,13045,2026,4,5.048520986788262,True,5.048520986788262
13d8e60173acbe2e809b04ab45fdd7c2632a71b1,DFW Airport,1775852626,Grapevine,1775852644,2026-04-10,1775852644,1775861666,8,9022,2026,4,5.048520986788262,True,5.048520986788262
7d279376486c12c625b1cc1592a3f7ad241948ec,DFW Airport,1775853496,Grapevine,1775853500,2026-04-10,1775853500,1775864415,40,10915,2026,4,5.048520986788262,True,5.048520986788262
a247fcb7839951396369fe47bd5c9f0a90a46446,Dallas Love Field,1775857703,Dallas,1775857705,2026-04-10,1775857705,1775872845,21,15140,2026,4,,,
253ac731a52ec2ce14bde5d22054940831642cd4,DFW Airport,1775861368,McKinney,1775874608,2026-04-10,1775874608,1775882893,68,8285,2026,4,5.048520986788262,True,5.048520986788262
253ac731a52ec2ce14bde5d22054940831642cd4,DFW Airport,1775865807,McKinney,1775884103,2026-04-11,1775884103,1775947328,164,63225,2026,4,5.048520986788262,True,5.048520986788262
42cfbd4263a5def05c485e02633cb7626bbbceaa,Dallas Love Field,1775952353,Corinth,1775956831,2026-04-11,1775956831,1775965174,14,8343,2026,4,,,
eae3df9fed31e81301d91426e74c5be5beeda36b,Dallas Love Field,1775953551,Corinth,1775956957,2026-04-11,1775956957,1775965093,3,8136,2026,4,,,
42cfbd4263a5def05c485e02633cb7626bbbceaa,Dallas Love Field,1775952353,Denton,1775957016,2026-04-11,1775957016,1775968501,68,11485,2026,4,,,
eae3df9fed31e81301d91426e74c5be5beeda36b,Dallas Love Field,1775953551,Denton,1775958381,2026-04-11,1775958381,1775969808,17,11427,2026,4,,,
42cfbd4263a5def05c485e02633cb7626bbbceaa,Dallas Love Field,1775952353,Denton,1775970083,2026-04-12,1775970083,1776023283,38,53200,2026,4,,,
eae3df9fed31e81301d91426e74c5be5beeda36b,Dallas Love Field,1775953551,Denton,1775970699,2026-04-12,1775970699,1776023774,51,53075,2026,4,,,
835e0d85e498d393ed435863bb7ab14c77d7f846,DFW Airport,1776011526,Grapevine,1776011527,2026-04-12,1776011527,1776030743,3,19216,2026,4,5.048520986788262,True,5.048520986788262
cc3144fd6fbb900ef4f66f101ca65425f47f0dc2,Dallas Love Field,1776003201,Frisco,1776024155,2026-04-12,1776024155,1776037758,6,13603,2026,4,,,
6f60c8d63f5c21146faef35101b69691ec9fb840,DFW Airport,1776111024,Grapevine,1776111060,2026-04-13,1776111060,1776130766,75,19706,2026,4,5.048520986788262,True,5.048520986788262
46426743b86f0c43641146851beadc799e1520ad,DFW Airport,1776142214,Fort Worth,1776146817,2026-04-14,1776146817,1776196416,10,49599,2026,4,5.048520986788262,True,5.048520986788262
d6243f818392bd02158dfb8c07f5a4a840d30cb5,Dallas Love Field,1776189481,North Richland Hills,1776197941,2026-04-14,1776197941,1776209676,27,11735,2026,4,,,
640ec05588a2ef63b941b5add76fb5f47115531d,DFW Airport,1776208878,Grapevine,1776209969,2026-04-14,1776209969,1776220060,64,10091,2026,4,5.048520986788262,True,5.048520986788262
640ec05588a2ef63b941b5add76fb5f47115531d,DFW Airport,1776208878,Grapevine,1776255809,2026-04-15,1776255809,1776291439,98,35630,2026,4,5.048520986788262,True,5.048520986788262
a6f006e003ac97412172477c688e6f577fec3c64,DFW Airport,1776268742,Grapevine,1776268748,2026-04-15,1776268748,1776281032,4,12284,2026,4,5.048520986788262,True,5.048520986788262
640ec05588a2ef63b941b5add76fb5f47115531d,DFW Airport,1776208878,Irving,1776291622,2026-04-15,1776291622,1776310636,17,19014,2026,4,5.048520986788262,True,5.048520986788262
640ec05588a2ef63b941b5add76fb5f47115531d,DFW Airport,1776259747,Grapevine,1776341048,2026-04-16,1776341048,1776376784,23,35736,2026,4,5.048520986788262,True,5.048520986788262
4412d0ef8f8d21d316f92d269c0058b0a0f501cb,DFW Airport,1776357545,Mansfield,1776358649,2026-04-16,1776358649,1776398983,150,40334,2026,4,5.048520986788262,True,5.048520986788262
4412d0ef8f8d21d316f92d269c0058b0a0f501cb,DFW Airport,1776357545,Arlington,1776359226,2026-04-16,1776359226,1776387442,27,28216,2026,4,5.048520986788262,True,5.048520986788262
ebd17ef7334fd65f9827c30d13d1fad3969cffc3,DFW Airport,1776360546,Dallas,1776364795,2026-04-16,1776364795,1776397843,37,33048,2026,4,5.048520986788262,True,5.048520986788262
4412d0ef8f8d21d316f92d269c0058b0a0f501cb,DFW Airport,1776357545,Mansfield,1776403021,2026-04-17,1776403021,1776443252,42,40231,2026,4,5.048520986788262,True,5.048520986788262
3c7310329bade0b64f91833f0a5f6fc7cb0af8bb,Dallas Love Field,1776399606,Arlington,1776409921,2026-04-17,1776409921,1776470297,74,60376,2026,4,,,
ebd17ef7334fd65f9827c30d13d1fad3969cffc3,DFW Airport,1776360546,Dallas,1776432362,2026-04-17,1776432362,1776444122,82,11760,2026,4,5.048520986788262,True,5.048520986788262
3c7310329bade0b64f91833f0a5f6fc7cb0af8bb,Dallas Love Field,1776399606,Grand Prairie,1776440245,2026-04-17,1776440245,1776460438,3,20193,2026,4,,,
3c7310329bade0b64f91833f0a5f6fc7cb0af8bb,Dallas Love Field,1776399606,Dallas,1776440968,2026-04-17,1776440968,1776460119,46,19151,2026,4,,,
6dfd7348fb5cc47134a6e74d5319f325276236a1,DFW Airport,1776458241,Grapevine,1776458263,2026-04-17,1776458263,1776482506,3,24243,2026,4,5.048520986788262,True,5.048520986788262
9117dd94bfbc99c00e2529f6abee8eb6634e2a37,DFW Airport,1776520736,Grapevine,1776521320,2026-04-18,1776521320,1776555717,20,34397,2026,4,5.048520986788262,True,5.048520986788262
590afbeedca422b29481d28f05c879448dda6eec,DFW Airport,1776518845,Grapevine,1776524715,2026-04-18,1776524715,1776537388,2,12673,2026,4,5.048520986788262,True,5.048520986788262
7735959f6248d6e42a67ce625992330fad0ff91c,Dallas Love Field,1776520737,Denton,1776527544,2026-04-18,1776527544,1776559798,208,32254,2026,4,,,
585511661c1d9e15f60ee817180bd4e32ff9a39c,Dallas Love Field,1776522923,Grand Prairie,1776528044,2026-04-18,1776528044,1776535638,17,7594,2026,4,,,
2dba77c945b473f1a72e8f115fee6661fa3d95e6,DFW Airport,1776538048,Flower Mound,1776541150,2026-04-18,1776541150,1776563298,29,22148,2026,4,5.048520986788262,True,5.048520986788262
f75a4f03589c4aadf220f54bf8169cac7c381cbc,DFW Airport,1776546013,Grapevine,1776546014,2026-04-18,1776546014,1776554626,52,8612,2026,4,5.048520986788262,True,5.048520986788262
2dba77c945b473f1a72e8f115fee6661fa3d95e6,DFW Airport,1776557790,Lantana,1776564282,2026-04-18,1776564282,1776572392,6,8110,2026,4,5.048520986788262,True,5.048520986788262
2dba77c945b473f1a72e8f115fee6661fa3d95e6,DFW Airport,1776557790,Lantana,1776575933,2026-04-19,1776575933,1776622749,42,46816,2026,4,5.048520986788262,True,5.048520986788262
65aec8fb7e24f392c20f15b4750de82e3453d91d,DFW Airport,1776605408,Grapevine,1776605419,2026-04-19,1776605419,1776632174,11,26755,2026,4,5.048520986788262,True,5.048520986788262
ebc6cb853dae44d223a071b83fb52f405cbf80bd,DFW Airport,1776649580,Grand Prairie,1776667471,2026-04-20,1776667471,1776690380,8,22909,2026,4,5.048520986788262,True,5.048520986788262
4fd59a5d3cb35c28e0297d8455fe1ed266d2b1d3,Dallas Love Field,1776716520,Dallas,1776716545,2026-04-20,1776716545,1776724009,8,7464,2026,4,,,
010306a44f24854098b96b33ced818e39de34df8,Dallas Love Field,1776794384,Dallas,1776794392,2026-04-21,1776794392,1776824517,17,30125,2026,4,,,
f5668d9f0a8afb7d752a5a51f596961505a8197c,Dallas Love Field,1776820156,Allen,1776839797,2026-04-22,1776839797,1776887675,39,47878,2026,4,,,
94a8d75179ba013607dc00d99b1e30d4bb3162fb,DFW Airport,1776870723,Grapevine,1776870726,2026-04-22,1776870726,1776901018,5,30292,2026,4,5.048520986788262,True,5.048520986788262
2e83718fe3280970d900c12215e17709f5e08b02,DFW Airport,1776884382,Grand Prairie,1776885641,2026-04-22,1776885641,1776919980,14,34339,2026,4,5.048520986788262,True,5.048520986788262
b1702af35c86cff9fddfbf4be1cfbc3e013008cc,Dallas Love Field,1776886573,Arlington,1776895512,2026-04-22,1776895512,1776919597,155,24085,2026,4,,,
4fd59a5d3cb35c28e0297d8455fe1ed266d2b1d3,Dallas Love Field,1776901320,Dallas,1776901340,2026-04-22,1776901340,1776909802,51,8462,2026,4,,,
b1702af35c86cff9fddfbf4be1cfbc3e013008cc,Dallas Love Field,1776886573,Arlington,1776921130,2026-04-23,1776921130,1776968552,134,47422,2026,4,,,
2e83718fe3280970d900c12215e17709f5e08b02,DFW Airport,1776884382,Grand Prairie,1776929384,2026-04-23,1776929384,1777000825,39,71441,2026,4,5.048520986788262,True,5.048520986788262
2e83718fe3280970d900c12215e17709f5e08b02,DFW Airport,1776884382,Arlington,1776937210,2026-04-23,1776937210,1776986678,4,49468,2026,4,5.048520986788262,True,5.048520986788262
2e83718fe3280970d900c12215e17709f5e08b02,DFW Airport,1776884382,Grapevine,1776938088,2026-04-23,1776938088,1776971073,44,32985,2026,4,5.048520986788262,True,5.048520986788262
ddea54669970deaa889f2067b94c5a711ce3d2bc,Dallas Love Field,1776950909,Dallas,1776951177,2026-04-23,1776951177,1776960751,26,9574,2026,4,,,
eae3df9fed31e81301d91426e74c5be5beeda36b,Dallas Love Field,1776968660,Denton,1776970741,2026-04-23,1776970741,1776988048,14,17307,2026,4,,,
6b3b56a1f900f6108b54c804401dec6a02bd51c4,Dallas Love Field,1776971278,Fate,1776974530,2026-04-23,1776974530,1776984218,10,9688,2026,4,,,
42cfbd4263a5def05c485e02633cb7626bbbceaa,Dallas Love Field,1776968363,Denton,1776974956,2026-04-23,1776974956,1776987797,4,12841,2026,4,,,
42cfbd4263a5def05c485e02633cb7626bbbceaa,Dallas Love Field,1776968363,Corinth,1776975362,2026-04-23,1776975362,1776987936,7,12574,2026,4,,,
eae3df9fed31e81301d91426e74c5be5beeda36b,Dallas Love Field,1776968660,Corinth,1776975687,2026-04-23,1776975687,1776987671,16,11984,2026,4,,,
2e83718fe3280970d900c12215e17709f5e08b02,DFW Airport,1776943608,Grand Prairie,1777009354,2026-04-24,1777009354,1777071770,16,62416,2026,4,5.048520986788262,True,5.048520986788262
2e83718fe3280970d900c12215e17709f5e08b02,DFW Airport,1776943608,Grapevine,1777026162,2026-04-24,1777026162,1777059241,4,33079,2026,4,5.048520986788262,True,5.048520986788262
6dfd7348fb5cc47134a6e74d5319f325276236a1,DFW Airport,1777063022,Grapevine,1777063024,2026-04-24,1777063024,1777087282,5,24258,2026,4,5.048520986788262,True,5.048520986788262
01fd2835e08ad9d1ea1a8d4c3baca0ab1e1d9df4,DFW Airport,1777081152,Grapevine,1777081153,2026-04-24,1777081153,1777090459,22,9306,2026,4,5.048520986788262,True,5.048520986788262
640ec05588a2ef63b941b5add76fb5f47115531d,DFW Airport,1777121374,Grapevine,1777121741,2026-04-25,1777121741,1777130195,12,8454,2026,4,5.048520986788262,True,5.048520986788262
f75a4f03589c4aadf220f54bf8169cac7c381cbc,DFW Airport,1777123966,Grapevine,1777124024,2026-04-25,1777124024,1777158264,34,34240,2026,4,5.048520986788262,True,5.048520986788262
9117dd94bfbc99c00e2529f6abee8eb6634e2a37,DFW Airport,1777126073,Grapevine,1777130152,2026-04-25,1777130152,1777160503,21,30351,2026,4,5.048520986788262,True,5.048520986788262
8274638337a8910d3ee60d72528200b69cb760ff,DFW Airport,1777150136,Grapevine,1777152776,2026-04-25,1777152776,1777162215,2,9439,2026,4,5.048520986788262,True,5.048520986788262
585511661c1d9e15f60ee817180bd4e32ff9a39c,Dallas Love Field,1777161623,Highland Village,1777163540,2026-04-25,1777163540,1777178762,12,15222,2026,4,,,
585511661c1d9e15f60ee817180bd4e32ff9a39c,Dallas Love Field,1777161623,Highland Village,1777180007,2026-04-26,1777180007,1777209839,32,29832,2026,4,,,
2dba77c945b473f1a72e8f115fee6661fa3d95e6,DFW Airport,1777142986,Lantana,1777191437,2026-04-26,1777191437,1777218919,14,27482,2026,4,5.048520986788262,True,5.048520986788262
83548d9459cf119b159f3544a17c1ad89efdfff0,DFW Airport,1777169084,Fort Worth,1777205151,2026-04-26,1777205151,1777238243,6,33092,2026,4,5.048520986788262,True,5.048520986788262
8fe6e38c317bdee773ad83dfe11f536248f0d8ec,DFW Airport,1777165369,Grapevine,1777212272,2026-04-26,1777212272,1777223435,3,11163,2026,4,5.048520986788262,True,5.048520986788262
e0c962138841b2b54632a31708e7f077bfd77b93,Dallas Love Field,1777214082,Dallas,1777216516,2026-04-26,1777216516,1777236955,4,20439,2026,4,,,
8274638337a8910d3ee60d72528200b69cb760ff,DFW Airport,1777150136,Grapevine,1777217303,2026-04-26,1777217303,1777228955,3,11652,2026,4,5.048520986788262,True,5.048520986788262
afddab962222d50a599aa04e5cb611b62e787fbc,Dallas Love Field,1777221267,Dallas,1777221321,2026-04-26,1777221321,1777231867,12,10546,2026,4,,,
83548d9459cf119b159f3544a17c1ad89efdfff0,DFW Airport,1777169084,Decatur,1777233752,2026-04-26,1777233752,1777247850,9,14098,2026,4,5.048520986788262,True,5.048520986788262
8ccff45236766ff0ce2ad2c25b9ee6c926ae4924,DFW Airport,1777275029,Grapevine,1777285278,2026-04-27,1777285278,1777292689,5,7411,2026,4,5.048520986788262,True,5.048520986788262
640ec05588a2ef63b941b5add76fb5f47115531d,DFW Airport,1777236510,Irving,1777290588,2026-04-27,1777290588,1777317651,67,27063,2026,4,5.048520986788262,True,5.048520986788262
640ec05588a2ef63b941b5add76fb5f47115531d,DFW Airport,1777236510,Grapevine,1777291882,2026-04-27,1777291882,1777315075,57,23193,2026,4,5.048520986788262,True,5.048520986788262
4937d8bfc11bcd972407014b2f927d1978ab0bc0,DFW Airport,1777299495,Grapevine,1777299522,2026-04-27,1777299522,1777313246,13,13724,2026,4,5.048520986788262,True,5.048520986788262
82e6f806c8f392eceacee82a1d9b4bfe66bec191,DFW Airport,1777321145,Grapevine,1777321192,2026-04-27,1777321192,1777331647,4,10455,2026,4,5.048520986788262,True,5.048520986788262
b31280aa2eefea9ac68832588541ff646b6d9e0a,Dallas Love Field,1777391673,Dallas,1777395176,2026-04-28,1777395176,1777404008,6,8832,2026,4,,,
1f30ba03f8c3acfd09cd8aa44a1be48b495e3888,DFW Airport,1777401328,Coppell,1777406443,2026-04-28,1777406443,1777420133,42,13690,2026,4,5.048520986788262,True,5.048520986788262
30768cf401163255c674f8a24d5afff7e1d18e5c,DFW Airport,1777399072,Arlington,1777407172,2026-04-28,1777407172,1777416024,15,8852,2026,4,5.048520986788262,True,5.048520986788262
2e83718fe3280970d900c12215e17709f5e08b02,DFW Airport,1777458876,Grapevine,1777461923,2026-04-29,1777461923,1777495426,47,33503,2026,4,5.048520986788262,True,5.048520986788262
4090faae42b0ae83554e93c9de3413f34f9b0abe,DFW Airport,1777477322,Grapevine,1777477637,2026-04-29,1777477637,1777488405,4,10768,2026,4,5.048520986788262,True,5.048520986788262
2e83718fe3280970d900c12215e17709f5e08b02,DFW Airport,1777458876,Grand Prairie,1777496052,2026-04-29,1777496052,1777523977,50,27925,2026,4,5.048520986788262,True,5.048520986788262
2e83718fe3280970d900c12215e17709f5e08b02,DFW Airport,1777458876,Grand Prairie,1777527540,2026-04-30,1777527540,1777610821,83,83281,2026,4,5.048520986788262,True,5.048520986788262
2e83718fe3280970d900c12215e17709f5e08b02,DFW Airport,1777458876,Arlington,1777542011,2026-04-30,1777542011,1777592418,24,50407,2026,4,5.048520986788262,True,5.048520986788262
2e83718fe3280970d900c12215e17709f5e08b02,DFW Airport,1777458876,Euless,1777542461,2026-04-30,1777542461,1777576087,4,33626,2026,4,5.048520986788262,True,5.048520986788262
2e83718fe3280970d900c12215e17709f5e08b02,DFW Airport,1777458876,Grapevine,1777542642,2026-04-30,1777542642,1777575880,25,33238,2026,4,5.048520986788262,True,5.048520986788262
eae3df9fed31e81301d91426e74c5be5beeda36b,Dallas Love Field,1777576650,Corinth,1777580460,2026-04-30,1777580460,1777589089,24,8629,2026,4,,,
42cfbd4263a5def05c485e02633cb7626bbbceaa,Dallas Love Field,1777574557,Corinth,1777580617,2026-04-30,1777580617,1777592742,5,12125,2026,4,,,
2e83718fe3280970d900c12215e17709f5e08b02,DFW Airport,1777558522,Grand Prairie,1777616104,2026-05-01,1777616104,1777676903,19,60799,2026,4,5.048520986788262,True,5.048520986788262
2e83718fe3280970d900c12215e17709f5e08b02,DFW Airport,1777558522,Grapevine,1777629164,2026-05-01,1777629164,1777664074,21,34910,2026,4,5.048520986788262,True,5.048520986788262
6dfd7348fb5cc47134a6e74d5319f325276236a1,DFW Airport,1777667864,Grapevine,1777667865,2026-05-01,1777667865,1777692064,4,24199,2026,5,5.048520986788262,True,5.048520986788262
5033eccda8d2fa49714c350a5a69038269c9fade,Dallas Love Field,1777697758,Dallas,1777698085,2026-05-02,1777698085,1777705802,2,7717,2026,5,,,
640ec05588a2ef63b941b5add76fb5f47115531d,DFW Airport,1777670971,Irving,1777706833,2026-05-02,1777706833,1777748688,27,41855,2026,5,5.048520986788262,True,5.048520986788262
640ec05588a2ef63b941b5add76fb5f47115531d,DFW Airport,1777670971,Grapevine,1777716917,2026-05-02,1777716917,1777748359,55,31442,2026,5,5.048520986788262,True,5.048520986788262
e72ca8ae83623b38710da02979837332801f7754,DFW Airport,1777673712,Hurst,1777723440,2026-05-02,1777723440,1777746796,8,23356,2026,5,5.048520986788262,True,5.048520986788262
9117dd94bfbc99c00e2529f6abee8eb6634e2a37,DFW Airport,1777730806,Grapevine,1777734901,2026-05-02,1777734901,1777765304,27,30403,2026,5,5.048520986788262,True,5.048520986788262
5033eccda8d2fa49714c350a5a69038269c9fade,Dallas Love Field,1777697758,Melissa,1777743834,2026-05-02,1777743834,1777760047,8,16213,2026,5,,,
e0c962138841b2b54632a31708e7f077bfd77b93,Dallas Love Field,1777820129,Dallas,1777821320,2026-05-03,1777821320,1777846661,5,25341,2026,5,,,
afddab962222d50a599aa04e5cb611b62e787fbc,Dallas Love Field,1777826033,Dallas,1777826038,2026-05-03,1777826038,1777835929,9,9891,2026,5,,,
da3eccb583a6954aedd550015e37f8e2845ffb17,DFW Airport,1777843765,Grapevine,1777843770,2026-05-03,1777843770,1777851359,43,7589,2026,5,5.048520986788262,True,5.048520986788262
640ec05588a2ef63b941b5add76fb5f47115531d,DFW Airport,1777851346,Grapevine,1777851530,2026-05-03,1777851530,1777863037,19,11507,2026,5,5.048520986788262,True,5.048520986788262
640ec05588a2ef63b941b5add76fb5f47115531d,DFW Airport,1777851346,Irving,1777895392,2026-05-04,1777895392,1777921347,54,25955,2026,5,5.048520986788262,True,5.048520986788262
640ec05588a2ef63b941b5add76fb5f47115531d,DFW Airport,1777851346,Grapevine,1777896657,2026-05-04,1777896657,1777919817,32,23160,2026,5,5.048520986788262,True,5.048520986788262
4090faae42b0ae83554e93c9de3413f34f9b0abe,DFW Airport,1777943056,Grapevine,1777943081,2026-05-04,1777943081,1777954417,6,11336,2026,5,5.048520986788262,True,5.048520986788262
bb0cf398ce4c93c4bfc33a721a9bc7cf1fe273d8,Dallas Love Field,1777946419,Dallas,1777946447,2026-05-04,1777946447,1777953793,11,7346,2026,5,,,
1f30ba03f8c3acfd09cd8aa44a1be48b495e3888,DFW Airport,1778003949,Coppell,1778004598,2026-05-05,1778004598,1778024882,12,20284,2026,5,5.048520986788262,True,5.048520986788262
85fd514a11e4d2e6940f2228e602f6b4ef48d621,DFW Airport,1778012946,Grapevine,1778012996,2026-05-05,1778012996,1778025208,8,12212,2026,5,5.048520986788262,True,5.048520986788262
30768cf401163255c674f8a24d5afff7e1d18e5c,DFW Airport,1778003816,Fort Worth,1778026205,2026-05-05,1778026205,1778041888,49,15683,2026,5,5.048520986788262,True,5.048520986788262
30768cf401163255c674f8a24d5afff7e1d18e5c,DFW Airport,1778003816,Fort Worth,1778044350,2026-05-06,1778044350,1778061964,18,17614,2026,5,5.048520986788262,True,5.048520986788262
640ec05588a2ef63b941b5add76fb5f47115531d,Dallas Love Field,1778031494,Irving,1778061494,2026-05-06,1778061494,1778100406,22,38912,2026,5,,,
640ec05588a2ef63b941b5add76fb5f47115531d,Dallas Love Field,1778031494,Grapevine,1778062189,2026-05-06,1778062189,1778099719,27,37530,2026,5,,,
640ec05588a2ef63b941b5add76fb5f47115531d,DFW Airport,1778062863,Grapevine,1778062868,2026-05-06,1778062868,1778099719,24,36851,2026,5,5.048520986788262,True,5.048520986788262
2e83718fe3280970d900c12215e17709f5e08b02,DFW Airport,1778070315,Grapevine,1778070316,2026-05-06,1778070316,1778111860,49,41544,2026,5,5.048520986788262,True,5.048520986788262
851631bfa6d3ee9f21a8a0d7c7f54678b6cefa53,DFW Airport,1778083270,Grapevine,1778083271,2026-05-06,1778083271,1778091016,33,7745,2026,5,5.048520986788262,True,5.048520986788262
2e83718fe3280970d900c12215e17709f5e08b02,DFW Airport,1778070315,Euless,1778093639,2026-05-06,1778093639,1778111964,5,18325,2026,5,5.048520986788262,True,5.048520986788262
2e83718fe3280970d900c12215e17709f5e08b02,DFW Airport,1778070315,Grand Prairie,1778093915,2026-05-06,1778093915,1778128783,31,34868,2026,5,5.048520986788262,True,5.048520986788262
0630d7870dbccf9c701b597a340c84d858bbe691,DFW Airport,1778117181,Grapevine,1778118388,2026-05-06,1778118388,1778128333,61,9945,2026,5,5.048520986788262,True,5.048520986788262
2e83718fe3280970d900c12215e17709f5e08b02,DFW Airport,1778070315,Grand Prairie,1778131752,2026-05-07,1778131752,1778215817,59,84065,2026,5,5.048520986788262,True,5.048520986788262
2e83718fe3280970d900c12215e17709f5e08b02,DFW Airport,1778070315,Arlington,1778146796,2026-05-07,1778146796,1778197129,11,50333,2026,5,5.048520986788262,True,5.048520986788262
2e83718fe3280970d900c12215e17709f5e08b02,DFW Airport,1778070315,Grapevine,1778147581,2026-05-07,1778147581,1778181364,15,33783,2026,5,5.048520986788262,True,5.048520986788262
c60f21d815ea853bb11828f3128fb529fd510abb,Dallas Love Field,1778118778,Fort Worth,1778156525,2026-05-07,1778156525,1778195132,2,38607,2026,5,,,
913cc32af866b42649dfe3dd803ef4b378f84019,DFW Airport,1778181112,Grapevine,1778183228,2026-05-07,1778183228,1778205240,33,22012,2026,5,5.048520986788262,True,5.048520986788262
141230ab0fea774eb299c26b458b0c4399c3ba03,Dallas Love Field,1778185891,Dallas,1778186255,2026-05-07,1778186255,1778194547,60,8292,2026,5,,,
2e83718fe3280970d900c12215e17709f5e08b02,DFW Airport,1778156878,Grand Prairie,1778216424,2026-05-08,1778216424,1778283794,197,67370,2026,5,5.048520986788262,True,5.048520986788262
2e83718fe3280970d900c12215e17709f5e08b02,DFW Airport,1778156878,Fort Worth,1778233648,2026-05-08,1778233648,1778267537,27,33889,2026,5,5.048520986788262,True,5.048520986788262
2e83718fe3280970d900c12215e17709f5e08b02,DFW Airport,1778156878,Euless,1778233873,2026-05-08,1778233873,1778252264,7,18391,2026,5,5.048520986788262,True,5.048520986788262
2e83718fe3280970d900c12215e17709f5e08b02,DFW Airport,1778156878,Grapevine,1778233937,2026-05-08,1778233937,1778265877,71,31940,2026,5,5.048520986788262,True,5.048520986788262
818e6ce07fbde03abee5190a555403a851af5dc2,Dallas Love Field,1778332322,Dallas,1778332833,2026-05-09,1778332833,1778348058,27,15225,2026,5,,,
9117dd94bfbc99c00e2529f6abee8eb6634e2a37,DFW Airport,1778334417,Grapevine,1778334500,2026-05-09,1778334500,1778370086,22,35586,2026,5,5.048520986788262,True,5.048520986788262
5ca11d716651b5e24408083810b91b29e89c477f,DFW Airport,1778293187,Dallas,1778341209,2026-05-09,1778341209,1778375998,11,34789,2026,5,5.048520986788262,True,5.048520986788262
a17cee4786f33abe3acb26fc16bc44cebc8156af,DFW Airport,1778336996,Denton,1778357752,2026-05-09,1778357752,1778370827,22,13075,2026,5,5.048520986788262,True,5.048520986788262
3bae977aabcd747b3f8899ffae5cba19571a7c0c,DFW Airport,1778423877,Grapevine,1778423878,2026-05-10,1778423878,1778435800,58,11922,2026,5,5.048520986788262,True,5.048520986788262
f71b966ae22def588ac40b484398438ec62f6255,DFW Airport,1778425035,Grapevine,1778425737,2026-05-10,1778425737,1778435855,13,10118,2026,5,5.048520986788262,True,5.048520986788262
640ec05588a2ef63b941b5add76fb5f47115531d,DFW Airport,1778418452,Irving,1778501034,2026-05-11,1778501034,1778555214,5,54180,2026,5,5.048520986788262,True,5.048520986788262
640ec05588a2ef63b941b5add76fb5f47115531d,DFW Airport,1778418452,Grapevine,1778501372,2026-05-11,1778501372,1778549601,13,48229,2026,5,5.048520986788262,True,5.048520986788262
ec0a5c2787c45633bec04ff3d15e19864c51b278,DFW Airport,1778536904,Irving,1778562726,2026-05-12,1778562726,1778588314,14,25588,2026,5,5.048520986788262,True,5.048520986788262
ec0a5c2787c45633bec04ff3d15e19864c51b278,DFW Airport,1778557120,Grapevine,1778595022,2026-05-12,1778595022,1778614925,6,19903,2026,5,5.048520986788262,True,5.048520986788262
640ec05588a2ef63b941b5add76fb5f47115531d,DFW Airport,1778549601,Irving,1778607465,2026-05-12,1778607465,1778639526,10,32061,2026,5,5.048520986788262,True,5.048520986788262
c2c9e6c1a71ae1c55ef3db81f24d41f02128f5ff,Dallas Love Field,1778613197,Dallas,1778613221,2026-05-12,1778613221,1778628927,7,15706,2026,5,,,
53b6b4d7405a1d177aff75892343345a24a09f0e,Dallas Love Field,1778612543,Fort Worth,1778619400,2026-05-12,1778619400,1778639763,66,20363,2026,5,,,
1047538c172204f328f523488017b506adabeee1,Dallas Love Field,1778616620,Bedford,1778620563,2026-05-12,1778620563,1778630276,49,9713,2026,5,,,
640ec05588a2ef63b941b5add76fb5f47115531d,DFW Airport,1778549601,Grapevine,1778621565,2026-05-12,1778621565,1778638993,7,17428,2026,5,5.048520986788262,True,5.048520986788262
53b6b4d7405a1d177aff75892343345a24a09f0e,Dallas Love Field,1778612543,Fort Worth,1778649357,2026-05-13,1778649357,1778698807,83,49450,2026,5,,,
2e83718fe3280970d900c12215e17709f5e08b02,DFW Airport,1778678909,Grapevine,1778679507,2026-05-13,1778679507,1778716657,20,37150,2026,5,5.048520986788262,True,5.048520986788262
12b3ff4fe6add5c89efd4a646b1b8e70b488763e,DFW Airport,1778683970,Grapevine,1778683971,2026-05-13,1778683971,1778692251,3,8280,2026,5,5.048520986788262,True,5.048520986788262
64c4f17c91ca085f027f6564a9db5d45959f2eb0,Dallas Love Field,1778689693,Dallas,1778689755,2026-05-13,1778689755,1778698426,8,8671,2026,5,,,
2e83718fe3280970d900c12215e17709f5e08b02,DFW Airport,1778678909,Grand Prairie,1778698932,2026-05-13,1778698932,1778717843,7,18911,2026,5,5.048520986788262,True,5.048520986788262
640ec05588a2ef63b941b5add76fb5f47115531d,DFW Airport,1778630414,Grapevine,1778703483,2026-05-13,1778703483,1778720185,4,16702,2026,5,5.048520986788262,True,5.048520986788262
53b6b4d7405a1d177aff75892343345a24a09f0e,Dallas Love Field,1778704409,Dallas,1778709126,2026-05-13,1778709126,1778717045,3,7919,2026,5,,,
c60f21d815ea853bb11828f3128fb529fd510abb,Dallas Love Field,1778719555,Kennedale,1778760944,2026-05-14,1778760944,1778801456,6,40512,2026,5,,,
c60f21d815ea853bb11828f3128fb529fd510abb,Dallas Love Field,1778719555,Fort Worth,1778761381,2026-05-14,1778761381,1778800219,27,38838,2026,5,,,
b78ead6d09482bec8d02fab1ccf67e9e2aec73ac,DFW Airport,1778772545,Grapevine,1778773341,2026-05-14,1778773341,1778780668,3,7327,2026,5,5.048520986788262,True,5.048520986788262
7eddaca1bb89cb7e4a48169716a6f755a9965d07,DFW Airport,1778777253,Grapevine,1778777255,2026-05-14,1778777255,1778788119,16,10864,2026,5,5.048520986788262,True,5.048520986788262
0e595f68d0c91659205fc426d458f2acbbc3bcb5,Dallas Love Field,1778783701,Dallas,1778789043,2026-05-14,1778789043,1778803130,17,14087,2026,5,,,
640ec05588a2ef63b941b5add76fb5f47115531d,DFW Airport,1778894236,Grapevine,1778895447,2026-05-15,1778895447,1778903412,28,7965,2026,5,5.048520986788262,True,5.048520986788262
9117dd94bfbc99c00e2529f6abee8eb6634e2a37,DFW Airport,1778890773,Irving,1778898533,2026-05-15,1778898533,1778906518,30,7985,2026,5,5.048520986788262,True,5.048520986788262
9117dd94bfbc99c00e2529f6abee8eb6634e2a37,DFW Airport,1778890773,Irving,1778907844,2026-05-16,1778907844,1778929769,31,21925,2026,5,5.048520986788262,True,5.048520986788262
9117dd94bfbc99c00e2529f6abee8eb6634e2a37,DFW Airport,1778890773,Grapevine,1778939291,2026-05-16,1778939291,1778974898,22,35607,2026,5,5.048520986788262,True,5.048520986788262
5095c3c3b7dd222a5ca9537030b1113940b2d1f7,DFW Airport,1778950445,Grapevine,1778950581,2026-05-16,1778950581,1778961281,20,10700,2026,5,5.048520986788262,True,5.048520986788262
8bc9d56c61d0eb57b3ef78f76621719d0c67a31c,Dallas Love Field,1778976826,Dallas,1778976831,2026-05-16,1778976831,1778984889,39,8058,2026,5,,,
8bc9d56c61d0eb57b3ef78f76621719d0c67a31c,Dallas Love Field,1778976826,Grand Prairie,1778994062,2026-05-17,1778994062,1779043223,53,49161,2026,5,,,
5095c3c3b7dd222a5ca9537030b1113940b2d1f7,DFW Airport,1778950445,Irving,1779026456,2026-05-17,1779026456,1779058247,4,31791,2026,5,5.048520986788262,True,5.048520986788262
5095c3c3b7dd222a5ca9537030b1113940b2d1f7,DFW Airport,1778950445,Grapevine,1779026684,2026-05-17,1779026684,1779058206,42,31522,2026,5,5.048520986788262,True,5.048520986788262
3bae977aabcd747b3f8899ffae5cba19571a7c0c,DFW Airport,1779028607,Grapevine,1779028609,2026-05-17,1779028609,1779040591,63,11982,2026,5,5.048520986788262,True,5.048520986788262
f71b966ae22def588ac40b484398438ec62f6255,DFW Airport,1779030489,Grapevine,1779030527,2026-05-17,1779030527,1779040029,2,9502,2026,5,5.048520986788262,True,5.048520986788262
8bc9d56c61d0eb57b3ef78f76621719d0c67a31c,Dallas Love Field,1778976826,Fort Worth,1779043358,2026-05-17,1779043358,1779062556,20,19198,2026,5,,,
72c42ff4921291fd4200fcbe71e9818a875199ab,DFW Airport,1779065881,Garland,1779068669,2026-05-17,1779068669,1779076787,55,8118,2026,5,5.048520986788262,True,5.048520986788262
640ec05588a2ef63b941b5add76fb5f47115531d,DFW Airport,1779104602,Grapevine,1779106158,2026-05-18,1779106158,1779154406,15,48248,2026,5,5.048520986788262,True,5.048520986788262
1d6b49f3b05b0341c15aeb734ac7513a6a9f7b58,DFW Airport,1779112942,Grapevine,1779112951,2026-05-18,1779112951,1779131224,25,18273,2026,5,5.048520986788262,True,5.048520986788262
4937d8bfc11bcd972407014b2f927d1978ab0bc0,DFW Airport,1779119538,Grapevine,1779119560,2026-05-18,1779119560,1779127483,7,7923,2026,5,5.048520986788262,True,5.048520986788262
2c11810fab35430b4a04f26af44a0e58f1e1a089,DFW Airport,1779222678,Grapevine,1779222923,2026-05-19,1779222923,1779233507,10,10584,2026,5,5.048520986788262,True,5.048520986788262
111f537216438148469f9f89b826a6600f843286,DFW Airport,1779210567,Corsicana,1779237314,2026-05-19,1779237314,1779251572,16,14258,2026,5,5.048520986788262,True,5.048520986788262
ad334c8e4220e24fb8b006c383f9ee01c41fb742,Dallas Love Field,1779292924,Dallas,1779293463,2026-05-20,1779293463,1779304368,25,10905,2026,5,,,
c636954e3bbddd0a24b42a78e5f2fb1ecfc64e0b,Dallas Love Field,1779293610,Dallas,1779293616,2026-05-20,1779293616,1779303880,5,10264,2026,5,,,
99513f4e4a33d8e12c1c4a5eff4c5d816d2cbc12,Dallas Love Field,1779303081,Dallas,1779303539,2026-05-20,1779303539,1779312317,6,8778,2026,5,,,
1e8f267c42751c9e7a4a254e9ed990777d3ab898,Dallas Love Field,1779302662,Forest Hill,1779308115,2026-05-20,1779308115,1779321544,47,13429,2026,5,,,
01d5614d8504363b23c4351d5c4dc349a957d382,Dallas Love Field,1779309759,Dallas,1779310714,2026-05-20,1779310714,1779324979,5,14265,2026,5,,,
a4e1015b215e09f52edd26870dcca82701f1b36b,Dallas Love Field,1779385247,Dallas,1779385248,2026-05-21,1779385248,1779395065,28,9817,2026,5,,,
0e595f68d0c91659205fc426d458f2acbbc3bcb5,Dallas Love Field,1779394319,Dallas,1779395824,2026-05-21,1779395824,1779407921,21,12097,2026,5,,,
37a3507d06c3c33cb0147fae947b3568cbbad014,DFW Airport,1779398223,Grapevine,1779398252,2026-05-21,1779398252,1779407819,64,9567,2026,5,5.048520986788262,True,5.048520986788262
10e9674916dbe4cdba9503997f2ba68f3d94a6dc,Dallas Love Field,1779408093,Lewisville,1779410492,2026-05-21,1779410492,1779425823,12,15331,2026,5,,,
3a3255e98e0fff19fce6e78cf1c6dd6acb7112d5,Dallas Love Field,1779408781,Lewisville,1779410563,2026-05-21,1779410563,1779425886,13,15323,2026,5,,,
3a3255e98e0fff19fce6e78cf1c6dd6acb7112d5,Dallas Love Field,1779408781,Lewisville,1779426535,2026-05-22,1779426535,1779478864,99,52329,2026,5,,,
10e9674916dbe4cdba9503997f2ba68f3d94a6dc,Dallas Love Field,1779408093,Lewisville,1779430631,2026-05-22,1779430631,1779479111,57,48480,2026,5,,,
7eddaca1bb89cb7e4a48169716a6f755a9965d07,DFW Airport,1779451802,Grapevine,1779451847,2026-05-22,1779451847,1779459803,26,7956,2026,5,5.048520986788262,True,5.048520986788262
ef764a39db43aa3d24269afba815e985f8c9e38e,Dallas Love Field,1779465874,Dallas,1779465879,2026-05-22,1779465879,1779479983,4,14104,2026,5,,,
aeea7a95b74fd5dafa4c78fefc66ee867b77743b,Dallas Love Field,1779466886,Plano,1779468983,2026-05-22,1779468983,1779510665,61,41682,2026,5,,,
2a02406ba1ccce45a268adbf29949be351cf156e,Dallas Love Field,1779467049,Fort Worth,1779471827,2026-05-22,1779471827,1779511532,99,39705,2026,5,,,
7eddaca1bb89cb7e4a48169716a6f755a9965d07,DFW Airport,1779451802,Plano,1779485542,2026-05-22,1779485542,1779493771,18,8229,2026,5,5.048520986788262,True,5.048520986788262
2a02406ba1ccce45a268adbf29949be351cf156e,Dallas Love Field,1779494718,Fort Worth,1779512770,2026-05-23,1779512770,1779545726,52,32956,2026,5,,,
aeea7a95b74fd5dafa4c78fefc66ee867b77743b,Dallas Love Field,1779466886,Plano,1779516648,2026-05-23,1779516648,1779550687,38,34039,2026,5,,,
640ec05588a2ef63b941b5add76fb5f47115531d,DFW Airport,1779592760,Irving,1779629285,2026-05-24,1779629285,1779637850,11,8565,2026,5,5.048520986788262,True,5.048520986788262
ed8d7fa0bb8f758f1b07b79d7205d52371dc4065,Dallas Love Field,1779648481,Dallas,1779648901,2026-05-24,1779648901,1779665761,17,16860,2026,5,,,
8ed24fd3ce3b968e6cadbd9b2281ac9f5b5f8fc7,DFW Airport,1779668045,Grapevine,1779668090,2026-05-24,1779668090,1779677507,39,9417,2026,5,5.048520986788262,True,5.048520986788262
72c42ff4921291fd4200fcbe71e9818a875199ab,DFW Airport,1779670727,Dallas,1779672693,2026-05-24,1779672693,1779682013,6,9320,2026,5,5.048520986788262,True,5.048520986788262
72c42ff4921291fd4200fcbe71e9818a875199ab,DFW Airport,1779670727,Garland,1779673459,2026-05-24,1779673459,1779681224,21,7765,2026,5,5.048520986788262,True,5.048520986788262
72c42ff4921291fd4200fcbe71e9818a875199ab,DFW Airport,1779670727,Fate,1779685388,2026-05-25,1779685388,1779748811,55,63423,2026,5,5.048520986788262,True,5.048520986788262
72c42ff4921291fd4200fcbe71e9818a875199ab,DFW Airport,1779670727,Travis Ranch,1779688395,2026-05-25,1779688395,1779744546,6,56151,2026,5,5.048520986788262,True,5.048520986788262
bfce024cf5b689d42230040214ebba1f7ef01989,DFW Airport,1779701260,Grapevine,1779701262,2026-05-25,1779701262,1779750008,7,48746,2026,5,5.048520986788262,True,5.048520986788262
8d1cedea0548aebd6d926eebe13e3810b9cee4d5,DFW Airport,1779702087,Grapevine,1779703541,2026-05-25,1779703541,1779750011,5,46470,2026,5,5.048520986788262,True,5.048520986788262
ad49908fd805918b2f48759b545c370b78b1802a,DFW Airport,1779701985,Grapevine,1779705461,2026-05-25,1779705461,1779749966,2,44505,2026,5,5.048520986788262,True,5.048520986788262
9c9e1325ef31ff1298b8db8ab1ceced1b6693b59,DFW Airport,1779717040,Grapevine,1779717669,2026-05-25,1779717669,1779726083,17,8414,2026,5,5.048520986788262,True,5.048520986788262
2a02406ba1ccce45a268adbf29949be351cf156e,Dallas Love Field,1779719674,Dallas,1779720830,2026-05-25,1779720830,1779753128,89,32298,2026,5,,,
72c42ff4921291fd4200fcbe71e9818a875199ab,DFW Airport,1779670727,Rockwall,1779728333,2026-05-25,1779728333,1779748282,28,19949,2026,5,5.048520986788262,True,5.048520986788262
3a3255e98e0fff19fce6e78cf1c6dd6acb7112d5,Dallas Love Field,1779718709,Lewisville,1779739450,2026-05-25,1779739450,1779753324,18,13874,2026,5,,,
4b8ff59cf8e03ba00154e659ec7132eadee0bff7,Dallas Love Field,1779739857,Dallas,1779739859,2026-05-25,1779739859,1779749209,43,9350,2026,5,,,
10e9674916dbe4cdba9503997f2ba68f3d94a6dc,Dallas Love Field,1779722064,Lewisville,1779741759,2026-05-25,1779741759,1779752377,8,10618,2026,5,,,
0092a8c2719d8556880dca736883f809c8b52885,DFW Airport,1779764709,Grapevine,1779793978,2026-05-26,1779793978,1779827349,12,33371,2026,5,5.048520986788262,True,5.048520986788262
6c4d6aad9d3043b41001507e49f37e51abfee7fc,DFW Airport,1779829707,Hurst,1779831120,2026-05-26,1779831120,1779839888,38,8768,2026,5,5.048520986788262,True,5.048520986788262
357f6a3ba7d7112c252cecd97c859433fbcd746c,Dallas Love Field,1779832204,Dallas,1779832255,2026-05-26,1779832255,1779839663,12,7408,2026,5,,,
28fced89f85ca7fd9c8a4d5582ee9c7850363b55,Dallas Love Field,1779861709,Dallas,1779862066,2026-05-27,1779862066,1779922492,2,60426,2026,5,,,
a200fc65b985e2c50981fe1d85dfc72c5c3f2824,Dallas Love Field,1779898884,Dallas,1779898892,2026-05-27,1779898892,1779910230,6,11338,2026,5,,,
382b1a182cf2029b12736d41d31789da931dd791,Dallas Love Field,1779844690,Dallas,1779913834,2026-05-27,1779913834,1779925658,5,11824,2026,5,,,
37a3507d06c3c33cb0147fae947b3568cbbad014,DFW Airport,1780000376,Grapevine,1780002131,2026-05-28,1780002131,1780012210,6,10079,2026,5,5.048520986788262,True,5.048520986788262
5ddc6f7efdc619678934aa440fe5535d01c84959,DFW Airport,1780032038,Arlington,1780032541,2026-05-29,1780032541,1780075038,14,42497,2026,5,5.048520986788262,True,5.048520986788262
aeea7a95b74fd5dafa4c78fefc66ee867b77743b,Dallas Love Field,1780071669,Plano,1780073782,2026-05-29,1780073782,1780115106,55,41324,2026,5,,,
36cb7e844ef6bb92eab74fd72969a0453b0b43ff,DFW Airport,1780079944,Grand Prairie,1780085820,2026-05-29,1780085820,1780097455,16,11635,2026,5,5.048520986788262,True,5.048520986788262
36cb7e844ef6bb92eab74fd72969a0453b0b43ff,DFW Airport,1780079944,Arlington,1780087655,2026-05-29,1780087655,1780098965,15,11310,2026,5,5.048520986788262,True,5.048520986788262
aeea7a95b74fd5dafa4c78fefc66ee867b77743b,Dallas Love Field,1780100475,Plano,1780117772,2026-05-30,1780117772,1780157414,74,39642,2026,5,,,
7cab84b1b365d4cc1b1583899ee5f1c6a95a3583,DFW Airport,1780161380,Plano,1780165856,2026-05-30,1780165856,1780200816,47,34960,2026,5,5.048520986788262,True,5.048520986788262
640ec05588a2ef63b941b5add76fb5f47115531d,DFW Airport,1780105008,Irving,1780166405,2026-05-30,1780166405,1780199667,25,33262,2026,5,5.048520986788262,True,5.048520986788262
640ec05588a2ef63b941b5add76fb5f47115531d,DFW Airport,1780105008,Grapevine,1780166570,2026-05-30,1780166570,1780197904,60,31334,2026,5,5.048520986788262,True,5.048520986788262
b1e83e2c9a6392f67c49b761b7e33fc11b00cb0e,Dallas Love Field,1780168803,Dallas,1780168807,2026-05-30,1780168807,1780183769,121,14962,2026,5,,,
0c6f05b75ea0589b462cc5ad5a1dfb8e1e0d1204,DFW Airport,1780164160,Northlake,1780176135,2026-05-30,1780176135,1780185318,11,9183,2026,5,5.048520986788262,True,5.048520986788262
0c6f05b75ea0589b462cc5ad5a1dfb8e1e0d1204,DFW Airport,1780164160,Argyle,1780176382,2026-05-30,1780176382,1780184341,8,7959,2026,5,5.048520986788262,True,5.048520986788262
0c6f05b75ea0589b462cc5ad5a1dfb8e1e0d1204,DFW Airport,1780164160,Bartonville,1780176749,2026-05-30,1780176749,1780184027,16,7278,2026,5,5.048520986788262,True,5.048520986788262
7cab84b1b365d4cc1b1583899ee5f1c6a95a3583,DFW Airport,1780187759,Plano,1780205899,2026-05-31,1780205899,1780245477,32,39578,2026,5,5.048520986788262,True,5.048520986788262
640ec05588a2ef63b941b5add76fb5f47115531d,DFW Airport,1780188417,Irving,1780234081,2026-05-31,1780234081,1780242622,15,8541,2026,5,5.048520986788262,True,5.048520986788262
640ec05588a2ef63b941b5add76fb5f47115531d,DFW Airport,1780188417,Grapevine,1780235041,2026-05-31,1780235041,1780242289,36,7248,2026,5,5.048520986788262,True,5.048520986788262
51368ebe7d5ac50104ab2a21b2822f3a55e75fba,DFW Airport,1780259813,Pecan Acres,1780259971,2026-05-31,1780259971,1780281221,7,21250,2026,5,5.048520986788262,True,5.048520986788262
4b8ff59cf8e03ba00154e659ec7132eadee0bff7,Dallas Love Field,1780344970,Dallas,1780344979,2026-06-01,1780344979,1780354014,33,9035,2026,6,,,
603fe6c733ddeb0faf158f8ed6245e97593f3c7e,Dallas Love Field,1780321035,Arlington,1780345144,2026-06-01,1780345144,1780357906,34,12762,2026,6,,,
748c76d7c7db7df0e7628de4b779a6c08d2f6884,Dallas Love Field,1780353307,Dallas,1780354112,2026-06-01,1780354112,1780374685,21,20573,2026,6,,,
7cab84b1b365d4cc1b1583899ee5f1c6a95a3583,Dallas Love Field,1780357274,Dallas,1780357275,2026-06-01,1780357275,1780369008,201,11733,2026,6,,,
2f735463a5ab5996e866d4048eb22cc1b359d0ce,DFW Airport,1780355430,Grapevine,1780359914,2026-06-01,1780359914,1780375172,54,15258,2026,6,5.048520986788262,True,5.048520986788262
748c76d7c7db7df0e7628de4b779a6c08d2f6884,Dallas Love Field,1780353307,Dallas,1780381810,2026-06-02,1780381810,1780437609,32,55799,2026,6,,,
9180eae5e0e95eeb6d5441ff089642f5d7ac999e,Dallas Love Field,1780520646,Dallas,1780520647,2026-06-03,1780520647,1780538815,7,18168,2026,6,,,
57e32d8a7ab11caf4b038756de8f5c461c4ce0f7,DFW Airport,1780585559,Grapevine,1780585574,2026-06-04,1780585574,1780593835,25,8261,2026,6,5.048520986788262,True,5.048520986788262
3582823b4c95e8eff591e4df723fe872eac68770,Dallas Love Field,1780601163,Irving,1780604473,2026-06-04,1780604473,1780623602,6,19129,2026,6,,,
daa10d67f87e43021349f86b0e03891679a06b48,DFW Airport,1780609434,Grapevine,1780609436,2026-06-04,1780609436,1780624408,13,14972,2026,6,5.048520986788262,True,5.048520986788262
0b955531fc38c60c536a5f921cc99a2f373931ba,Dallas Love Field,1780617101,Mesquite,1780619836,2026-06-04,1780619836,1780635502,19,15666,2026,6,,,
0b955531fc38c60c536a5f921cc99a2f373931ba,Dallas Love Field,1780619836,Mesquite,1780638150,2026-06-05,1780638150,1780695790,44,57640,2026,6,,,
8ec716e0dab37acb7fffe59990902817d1fcc19e,DFW Airport,1780652736,Grapevine,1780653165,2026-06-05,1780653165,1780695747,4,42582,2026,6,5.048520986788262,True,5.048520986788262
3582823b4c95e8eff591e4df723fe872eac68770,Dallas Love Field,1780601163,Irving,1780659796,2026-06-05,1780659796,1780688175,30,28379,2026,6,,,
748c76d7c7db7df0e7628de4b779a6c08d2f6884,Dallas Love Field,1780674675,Dallas,1780674809,2026-06-05,1780674809,1780694038,10,19229,2026,6,,,
7bf2e82bd2d882c01cc17623360ff2f84afe6427,DFW Airport,1780756988,Dallas,1780758492,2026-06-06,1780758492,1780801875,71,43383,2026,6,5.048520986788262,True,5.048520986788262
7bb73cc6611c0b3c6f6bd825a2b7f034d0766155,DFW Airport,1780754306,DeSoto,1780759016,2026-06-06,1780759016,1780766890,3,7874,2026,6,5.048520986788262,True,5.048520986788262
8bc9d56c61d0eb57b3ef78f76621719d0c67a31c,Dallas Love Field,1780756716,Arlington,1780759480,2026-06-06,1780759480,1780789338,17,29858,2026,6,,,
640ec05588a2ef63b941b5add76fb5f47115531d,DFW Airport,1780772171,Grapevine,1780772831,2026-06-06,1780772831,1780802676,31,29845,2026,6,5.048520986788262,True,5.048520986788262
2f08243f40756e5a4efa82b23f58f07bf4cca396,DFW Airport,1780757276,Arlington,1780775862,2026-06-06,1780775862,1780795253,14,19391,2026,6,5.048520986788262,True,5.048520986788262
7bb73cc6611c0b3c6f6bd825a2b7f034d0766155,DFW Airport,1780754306,Grand Prairie,1780776031,2026-06-06,1780776031,1780788154,24,12123,2026,6,5.048520986788262,True,5.048520986788262
7bf2e82bd2d882c01cc17623360ff2f84afe6427,DFW Airport,1780756988,Grand Prairie,1780776031,2026-06-06,1780776031,1780788177,56,12146,2026,6,5.048520986788262,True,5.048520986788262
2f08243f40756e5a4efa82b23f58f07bf4cca396,DFW Airport,1780757276,Grand Prairie,1780776043,2026-06-06,1780776043,1780788158,50,12115,2026,6,5.048520986788262,True,5.048520986788262
8bc9d56c61d0eb57b3ef78f76621719d0c67a31c,Dallas Love Field,1780756716,Grand Prairie,1780776255,2026-06-06,1780776255,1780794227,13,17972,2026,6,,,
f168c4ba6fdbe27c60dbd91e3a97f54b434ef175,Dallas Love Field,1780777023,Dallas,1780777074,2026-06-06,1780777074,1780795032,76,17958,2026,6,,,
3582823b4c95e8eff591e4df723fe872eac68770,Dallas Love Field,1780775821,Dallas,1780777501,2026-06-06,1780777501,1780799326,6,21825,2026,6,,,
021b549aa67d0db95829217747c913528b7d648b,Dallas Love Field,1780777136,Addison,1780779470,2026-06-06,1780779470,1780807754,111,28284,2026,6,,,
2f08243f40756e5a4efa82b23f58f07bf4cca396,DFW Airport,1780757276,Dallas,1780779505,2026-06-06,1780779505,1780806849,93,27344,2026,6,5.048520986788262,True,5.048520986788262
f168c4ba6fdbe27c60dbd91e3a97f54b434ef175,Dallas Love Field,1780777023,Farmers Branch,1780780550,2026-06-06,1780780550,1780807615,34,27065,2026,6,,,
021b549aa67d0db95829217747c913528b7d648b,Dallas Love Field,1780790425,Addison,1780808421,2026-06-07,1780808421,1780863274,90,54853,2026,6,,,
f168c4ba6fdbe27c60dbd91e3a97f54b434ef175,Dallas Love Field,1780790987,Farmers Branch,1780808930,2026-06-07,1780808930,1780862704,40,53774,2026,6,,,
2f08243f40756e5a4efa82b23f58f07bf4cca396,DFW Airport,1780790509,Dallas,1780820104,2026-06-07,1780820104,1780842272,14,22168,2026,6,5.048520986788262,True,5.048520986788262
640ec05588a2ef63b941b5add76fb5f47115531d,DFW Airport,1780772171,Grapevine,1780839845,2026-06-07,1780839845,1780879846,24,40001,2026,6,5.048520986788262,True,5.048520986788262
bda58383c289b76f4b82b81db2c498de2df9b5f0,Dallas Love Field,1780840604,Dallas,1780840680,2026-06-07,1780840680,1780876587,81,35907,2026,6,,,
f168c4ba6fdbe27c60dbd91e3a97f54b434ef175,Dallas Love Field,1780777023,Dallas,1780850806,2026-06-07,1780850806,1780863289,60,12483,2026,6,,,
a56514de841dd9b77eec0056ea6b8fb256c392de,DFW Airport,1780863470,Grapevine,1780863476,2026-06-07,1780863476,1780875911,10,12435,2026,6,5.048520986788262,True,5.048520986788262
f168c4ba6fdbe27c60dbd91e3a97f54b434ef175,Dallas Love Field,1780942088,Dallas,1780942773,2026-06-08,1780942773,1780958578,24,15805,2026,6,,,
f168c4ba6fdbe27c60dbd91e3a97f54b434ef175,Dallas Love Field,1780942088,Farmers Branch,1780949346,2026-06-08,1780949346,1780961948,17,12602,2026,6,,,
640ec05588a2ef63b941b5add76fb5f47115531d,DFW Airport,1780974390,Grapevine,1781033424,2026-06-09,1781033424,1781056493,75,23069,2026,6,5.048520986788262,True,5.048520986788262
eae3df9fed31e81301d91426e74c5be5beeda36b,Dallas Love Field,1780964337,Denton,1781037010,2026-06-09,1781037010,1781046185,14,9175,2026,6,,,
e6a155c350f8ca964e78da3302fa471dab1a56a1,DFW Airport,1781040541,Grapevine,1781040545,2026-06-09,1781040545,1781051880,93,11335,2026,6,5.048520986788262,True,5.048520986788262
9e137504f3c37edbb77c6f358143cd666c230d56,DFW Airport,1781133786,Grapevine,1781133789,2026-06-10,1781133789,1781143040,10,9251,2026,6,5.048520986788262,True,5.048520986788262
4673a43af6e3c01aba0708ee56378d77a9b9fabc,Dallas Love Field,1781139404,Garland,1781143322,2026-06-10,1781143322,1781153077,22,9755,2026,6,,,
4673a43af6e3c01aba0708ee56378d77a9b9fabc,Dallas Love Field,1781139404,Garland,1781155478,2026-06-11,1781155478,1781223461,28,67983,2026,6,,,
7eddaca1bb89cb7e4a48169716a6f755a9965d07,DFW Airport,1781210585,Grapevine,1781211794,2026-06-11,1781211794,1781221636,14,9842,2026,6,5.048520986788262,True,5.048520986788262
9970de90ad983389a66516379a5ffa14a4285744,DFW Airport,1781186869,Denton,1781211947,2026-06-11,1781211947,1781238825,90,26878,2026,6,5.048520986788262,True,5.048520986788262
83a51380e41ea8d768810f3f3623f693f9051c7b,DFW Airport,1781223908,Grapevine,1781223911,2026-06-11,1781223911,1781234539,15,10628,2026,6,5.048520986788262,True,5.048520986788262
48b60e4f50d63c22b1e23139efe4e59d86325a15,Dallas Love Field,1781226075,Dallas,1781227630,2026-06-11,1781227630,1781239008,32,11378,2026,6,,,
9970de90ad983389a66516379a5ffa14a4285744,DFW Airport,1781222520,Denton,1781240496,2026-06-12,1781240496,1781273005,38,32509,2026,6,5.048520986788262,True,5.048520986788262
48b60e4f50d63c22b1e23139efe4e59d86325a15,Dallas Love Field,1781226075,Dallas,1781241754,2026-06-12,1781241754,1781293934,55,52180,2026,6,,,
5d09e25e91b5062d2f785cc3987e904f8d4a609c,DFW Airport,1781262636,Grapevine,1781263082,2026-06-12,1781263082,1781273038,30,9956,2026,6,5.048520986788262,True,5.048520986788262
fee90f606613aa9113e3c8ffa70886bbeec23c4b,Dallas Love Field,1781281644,Dallas,1781281780,2026-06-12,1781281780,1781295121,62,13341,2026,6,,,
e330b3b4b0c03181ed7d828937f6ba1add957ef7,Dallas Love Field,1781298254,Dallas,1781298257,2026-06-12,1781298257,1781306032,22,7775,2026,6,,,
2c19b109b9ecf6906f59ca8e706ccacdd45fe669,Dallas Love Field,1781288861,Allen,1781300693,2026-06-12,1781300693,1781308342,17,7649,2026,6,,,
572453e94b809662ec83acf04cff779881bb3aeb,Dallas Love Field,1781312841,Fort Worth,1781331163,2026-06-13,1781331163,1781397475,41,66312,2026,6,,,
7bb73cc6611c0b3c6f6bd825a2b7f034d0766155,DFW Airport,1781359707,Dallas,1781361089,2026-06-13,1781361089,1781394918,92,33829,2026,6,5.048520986788262,True,5.048520986788262
572453e94b809662ec83acf04cff779881bb3aeb,Dallas Love Field,1781312841,Forest Hill,1781368917,2026-06-13,1781368917,1781395535,10,26618,2026,6,,,
b36f0e7958f97042cb8e780963c9c5e39b561d86,DFW Airport,1781370977,Grapevine,1781372118,2026-06-13,1781372118,1781380406,18,8288,2026,6,5.048520986788262,True,5.048520986788262
8bc9d56c61d0eb57b3ef78f76621719d0c67a31c,Dallas Love Field,1781360335,Grand Prairie,1781381048,2026-06-13,1781381048,1781388718,12,7670,2026,6,,,
7bb73cc6611c0b3c6f6bd825a2b7f034d0766155,DFW Airport,1781359707,Grand Prairie,1781381342,2026-06-13,1781381342,1781392398,3,11056,2026,6,5.048520986788262,True,5.048520986788262
bda58383c289b76f4b82b81db2c498de2df9b5f0,Dallas Love Field,1781446341,Dallas,1781446354,2026-06-14,1781446354,1781481378,24,35024,2026,6,,,
640ec05588a2ef63b941b5add76fb5f47115531d,DFW Airport,1781468298,Grapevine,1781476934,2026-06-14,1781476934,1781491698,3,14764,2026,6,5.048520986788262,True,5.048520986788262
aec099e4168bb94903c5ce4210a260d3935d7e18,Dallas Love Field,1781540455,Dallas,1781540461,2026-06-15,1781540461,1781548244,38,7783,2026,6,,,
688860827741ce055f2cefa66a5397758d198402,DFW Airport,1781640158,Duncanville,1781642440,2026-06-16,1781642440,1781661239,15,18799,2026,6,5.048520986788262,True,5.048520986788262
72b0b344519a3bfa703bb54f4eaf9771f30763ee,DFW Airport,1781656341,Grapevine,1781658534,2026-06-16,1781658534,1781671404,2,12870,2026,6,5.048520986788262,True,5.048520986788262
688860827741ce055f2cefa66a5397758d198402,DFW Airport,1781640158,Duncanville,1781672703,2026-06-17,1781672703,1781702602,22,29899,2026,6,5.048520986788262,True,5.048520986788262
688860827741ce055f2cefa66a5397758d198402,DFW Airport,1781640158,Dallas,1781702883,2026-06-17,1781702883,1781711754,23,8871,2026,6,5.048520986788262,True,5.048520986788262
640ec05588a2ef63b941b5add76fb5f47115531d,DFW Airport,1781659067,Irving,1781724417,2026-06-17,1781724417,1781743503,5,19086,2026,6,5.048520986788262,True,5.048520986788262
688860827741ce055f2cefa66a5397758d198402,DFW Airport,1781732197,Grapevine,1781732242,2026-06-17,1781732242,1781745176,20,12934,2026,6,5.048520986788262,True,5.048520986788262
640ec05588a2ef63b941b5add76fb5f47115531d,DFW Airport,1781745213,Grapevine,1781763537,2026-06-18,1781763537,1781809047,3,45510,2026,6,5.048520986788262,True,5.048520986788262
9e4eb8db08e8e70307b5c0f38d39fa63afcbf7c6,Dallas Love Field,1781809030,Dallas,1781813047,2026-06-18,1781813047,1781837006,16,23959,2026,6,,,
7eddaca1bb89cb7e4a48169716a6f755a9965d07,DFW Airport,1781814651,Grapevine,1781815379,2026-06-18,1781815379,1781826391,10,11012,2026,6,5.048520986788262,True,5.048520986788262
139f787c38402f9dd12f2a022261ecdb02090984,Dallas Love Field,1781822354,Dallas,1781822921,2026-06-18,1781822921,1781835489,5,12568,2026,6,,,
e330b3b4b0c03181ed7d828937f6ba1add957ef7,Dallas Love Field,1781903060,Dallas,1781903254,2026-06-19,1781903254,1781910835,20,7581,2026,6,,,
2c19b109b9ecf6906f59ca8e706ccacdd45fe669,Dallas Love Field,1781896971,Allen,1781905530,2026-06-19,1781905530,1781913134,18,7604,2026,6,,,
944dbae40387a73ab913e826c0fb3e545c739fdc,Dallas Love Field,1781964745,Dallas,1781964934,2026-06-20,1781964934,1781973354,20,8420,2026,6,,,
3b64ada37bbf69bc7eb7086e883e7b0e9b39e6c8,Dallas Love Field,1781994191,Dallas,1781994273,2026-06-20,1781994273,1782005894,12,11621,2026,6,,,
3f5030094075b7542b7da813f1f31f53d5af0e4c,Dallas Love Field,1782069718,Dallas,1782070872,2026-06-21,1782070872,1782086151,64,15279,2026,6,,,
849adb5a00333b629b4f1a7f9ab0b7cfa1f478b3,Dallas Love Field,1782071568,Dallas,1782071747,2026-06-21,1782071747,1782085796,50,14049,2026,6,,,
42324c27d24141093742726f487cc0a2f3ac1e7f,Dallas Love Field,1782072823,Dallas,1782072825,2026-06-21,1782072825,1782080755,28,7930,2026,6,,,
86439777366f6b53bf896d1a76ed7ea721e93879,Dallas Love Field,1782090617,Dallas,1782090660,2026-06-21,1782090660,1782102752,51,12092,2026,6,,,
4e98edad01de5e1e366509cdbc858cdf2d7b50da,Dallas Love Field,1782097404,Dallas,1782105848,2026-06-22,1782105848,1782168638,12,62790,2026,6,,,
1e8f267c42751c9e7a4a254e9ed990777d3ab898,Dallas Love Field,1782061287,Dallas,1782145997,2026-06-22,1782145997,1782153313,12,7316,2026,6,,,
471ceeb724b78fb5032c91887c5dc31a7f268503,Dallas Love Field,1782176483,Dallas,1782176488,2026-06-22,1782176488,1782186992,58,10504,2026,6,,,
47b6f115ae7360a4ee8f04b0e1516fd813f9ef22,Dallas Love Field,1782176747,Dallas,1782177823,2026-06-22,1782177823,1782190325,73,12502,2026,6,,,
47b6f115ae7360a4ee8f04b0e1516fd813f9ef22,Dallas Love Field,1782176747,Dallas,1782192402,2026-06-23,1782192402,1782261937,129,69535,2026,6,,,
88d792f14bc7bfda803decedadc8f9e0dbcebe4a,Dallas Love Field,1782222963,Grand Prairie,1782224983,2026-06-23,1782224983,1782234359,91,9376,2026,6,,,
711986c109366f5fdb553567b5093cd32c31b79e,Dallas Love Field,1782177383,Prosper,1782245032,2026-06-23,1782245032,1782258881,28,13849,2026,6,,,
711986c109366f5fdb553567b5093cd32c31b79e,Dallas Love Field,1782177383,Celina,1782246432,2026-06-23,1782246432,1782258110,15,11678,2026,6,,,
4d3ec04d94be74aff97e1d9980bead6a681c2f43,Dallas Love Field,1782445937,Dallas,1782483716,2026-06-26,1782483716,1782533344,16,49628,2026,6,,,
f6e4244a7c960742422af34051513bfb8913bb71,Dallas Love Field,1782522731,Grand Prairie,1782527825,2026-06-26,1782527825,1782536230,32,8405,2026,6,,,
f6e4244a7c960742422af34051513bfb8913bb71,Dallas Love Field,1782522731,Grand Prairie,1782537032,2026-06-27,1782537032,1782608833,73,71801,2026,6,,,
5c110dd600caa2c2eb3d4d240034dc87f00d03af,Dallas Love Field,1782575417,Dallas,1782576019,2026-06-27,1782576019,1782603581,25,27562,2026,6,,,
a75cedf645a43b22d1b6dd7ca52f778a790c6198,Dallas Love Field,1782594271,Plano,1782597293,2026-06-27,1782597293,1782609427,80,12134,2026,6,,,
a75cedf645a43b22d1b6dd7ca52f778a790c6198,Dallas Love Field,1782605040,The Colony,1782609452,2026-06-27,1782609452,1782622787,44,13335,2026,6,,,
a75cedf645a43b22d1b6dd7ca52f778a790c6198,Dallas Love Field,1782594271,The Colony,1782622888,2026-06-28,1782622888,1782680031,96,57143,2026,6,,,
47b6f115ae7360a4ee8f04b0e1516fd813f9ef22,Dallas Love Field,1782661302,Dallas,1782661647,2026-06-28,1782661647,1782691163,65,29516,2026,6,,,
a75cedf645a43b22d1b6dd7ca52f778a790c6198,Dallas Love Field,1782594271,Prosper,1782669516,2026-06-28,1782669516,1782676819,468,7303,2026,6,,,
3f5030094075b7542b7da813f1f31f53d5af0e4c,Dallas Love Field,1782674504,Dallas,1782676753,2026-06-28,1782676753,1782687841,31,11088,2026,6,,,
6ab5031aed4f46365f66fff1d7f259b270a37ff1,DFW Airport,1782608787,Lewisville,1782677048,2026-06-28,1782677048,1782690626,138,13578,2026,6,5.048520986788262,True,5.048520986788262
bb014140efc40f15a17a76ee5e306a943859368c,DFW Airport,1782608625,Lewisville,1782677068,2026-06-28,1782677068,1782690647,24,13579,2026,6,5.048520986788262,True,5.048520986788262
59324827c0b17435e97d928028ff7055d2ca3a96,DFW Airport,1782694553,Dallas,1782695284,2026-06-28,1782695284,1782705875,6,10591,2026,6,5.048520986788262,True,5.048520986788262
86439777366f6b53bf896d1a76ed7ea721e93879,Dallas Love Field,1782698285,Dallas,1782699551,2026-06-28,1782699551,1782707548,8,7997,2026,6,,,
aec099e4168bb94903c5ce4210a260d3935d7e18,Dallas Love Field,1782749340,Dallas,1782749343,2026-06-29,1782749343,1782757636,18,8293,2026,6,,,
dfb13d60962f8e01ac4fb9a70c6d3f68d7ed1aa2,DFW Airport,1782753804,Fort Worth,1782769657,2026-06-29,1782769657,1782786686,14,17029,2026,6,5.048520986788262,True,5.048520986788262
640ec05588a2ef63b941b5add76fb5f47115531d,DFW Airport,1782798874,Grapevine,1782799300,2026-06-30,1782799300,1782852397,15,53097,2026,6,5.048520986788262,True,5.048520986788262
640ec05588a2ef63b941b5add76fb5f47115531d,DFW Airport,1782798874,Irving,1782801157,2026-06-30,1782801157,1782846549,19,45392,2026,6,5.048520986788262,True,5.048520986788262
dfb13d60962f8e01ac4fb9a70c6d3f68d7ed1aa2,DFW Airport,1782753804,Fort Worth,1782801173,2026-06-30,1782801173,1782836385,140,35212,2026,6,5.048520986788262,True,5.048520986788262
cf283eed9c86a06d9993ea467e2d4b43e75da5f6,Dallas Love Field,1782836804,Dallas,1782838893,2026-06-30,1782838893,1782846873,2,7980,2026,6,,,
ec12fef33b3f2ed2b033e67c40c728073fd328ee,DFW Airport,1782850881,Grapevine,1782850925,2026-06-30,1782850925,1782858532,7,7607,2026,6,5.048520986788262,True,5.048520986788262
870cd1b106093a3a74528eff5b9bbb337ea8c3de,DFW Airport,1782862607,Grapevine,1782862608,2026-06-30,1782862608,1782877224,39,14616,2026,6,5.048520986788262,True,5.048520986788262
640ec05588a2ef63b941b5add76fb5f47115531d,DFW Airport,1782929951,Grapevine,1782929957,2026-07-01,1782929957,1782954239,6,24282,2026,7,5.048520986788262,True,5.048520986788262
640ec05588a2ef63b941b5add76fb5f47115531d,DFW Airport,1782929951,Irving,1782933493,2026-07-01,1782933493,1782950204,12,16711,2026,7,5.048520986788262,True,5.048520986788262
d6b33c8b51bf8d64de0a0081093dfec4b828ffea,Dallas Love Field,1782869554,Dallas,1782942785,2026-07-01,1782942785,1782950095,13,7310,2026,7,,,
